id,case_id,alert_type,severity,message,status,created_at
1,1,LOW_RISK_NOTIFICATION,INFO,Fraud case recorded and kept under monitoring.,ACKNOWLEDGED,2026-08-21 10:39:07
2,2,LOW_RISK_NOTIFICATION,INFO,Fraud case recorded and kept under monitoring.,RESOLVED,2026-04-29 22:03:07
3,3,FRAUD_CASE_UPDATE,INFO,Fraud case recorded and kept under monitoring.,ACTIVE,2026-08-06 18:25:07
4,4,SUSPICIOUS_ACTIVITY,WARNING,Potential cash-out activity detected. Monitor nearby ATM locations.,RESOLVED,2026-08-03 04:41:07
5,5,FRAUD_CASE_UPDATE,INFO,Fraud case recorded and kept under monitoring.,ACKNOWLEDGED,2026-09-08 02:47:07
6,6,CASE_MONITORING,INFO,Fraud case recorded and kept under monitoring.,RESOLVED,2026-05-29 05:56:07
7,7,PREDICTIVE_RISK_ALERT,WARNING,Potential cash-out activity detected. Monitor nearby ATM locations.,RESOLVED,2026-05-18 19:09:07
8,8,SUSPICIOUS_ACTIVITY,WARNING,Potential cash-out activity detected. Monitor nearby ATM locations.,ACTIVE,2026-06-16 16:00:07
9,9,FRAUD_CASE_UPDATE,INFO,Fraud case recorded and kept under monitoring.,ACKNOWLEDGED,2026-05-29 14:23:07
10,10,CASE_MONITORING,INFO,Fraud case recorded and kept under monitoring.,RESOLVED,2026-08-01 18:02:07
11,11,LOW_RISK_NOTIFICATION,INFO,Fraud case recorded and kept under monitoring.,ACTIVE,2026-04-08 18:02:07
12,12,CASE_MONITORING,INFO,Fraud case recorded and kept under monitoring.,ACKNOWLEDGED,2026-07-08 19:33:07
13,13,CASE_MONITORING,INFO,Fraud case recorded and kept under monitoring.,ACTIVE,2026-08-03 23:19:07
14,14,CASE_MONITORING,INFO,Fraud case recorded and kept under monitoring.,ACTIVE,2026-08-16 20:19:07
15,15,LOW_RISK_NOTIFICATION,INFO,Fraud case recorded and kept under monitoring.,ACTIVE,2026-06-21 00:04:07
16,16,FRAUD_CASE_UPDATE,INFO,Fraud case recorded and kept under monitoring.,RESOLVED,2026-09-01 08:24:07
17,17,CASE_MONITORING,INFO,Fraud case recorded and kept under monitoring.,RESOLVED,2026-03-31 19:52:07
18,18,LOW_RISK_NOTIFICATION,INFO,Fraud case recorded and kept under monitoring.,ACTIVE,2026-04-10 03:01:07
19,19,CASE_MONITORING,INFO,Fraud case recorded and kept under monitoring.,ACTIVE,2026-05-14 08:59:07
20,20,FRAUD_CASE_UPDATE,INFO,Fraud case recorded and kept under monitoring.,RESOLVED,2026-09-23 13:04:07
21,21,SUSPICIOUS_ACTIVITY,WARNING,Potential cash-out activity detected. Monitor nearby ATM locations.,ACTIVE,2026-08-10 19:05:07
22,22,CASE_MONITORING,INFO,Fraud case recorded and kept under monitoring.,ACTIVE,2026-06-11 18:16:07
23,23,CASE_MONITORING,INFO,Fraud case recorded and kept under monitoring.,RESOLVED,2026-07-06 20:20:07
24,24,FRAUD_CASE_UPDATE,INFO,Fraud case recorded and kept under monitoring.,RESOLVED,2026-05-18 01:48:07
25,25,LOW_RISK_NOTIFICATION,INFO,Fraud case recorded and kept under monitoring.,RESOLVED,2026-04-09 11:57:07
26,26,CASE_MONITORING,INFO,Fraud case recorded and kept under monitoring.,ACTIVE,2026-07-28 04:43:07
27,27,CASE_MONITORING,INFO,Fraud case recorded and kept under monitoring.,RESOLVED,2026-05-10 22:27:07
28,28,LOW_RISK_NOTIFICATION,INFO,Fraud case recorded and kept under monitoring.,ACTIVE,2026-08-20 03:37:07
29,29,LOW_RISK_NOTIFICATION,INFO,Fraud case recorded and kept under monitoring.,ACKNOWLEDGED,2026-06-04 15:22:07
30,30,FRAUD_CASE_UPDATE,INFO,Fraud case recorded and kept under monitoring.,ACTIVE,2026-06-11 03:14:07
31,31,FRAUD_CASE_UPDATE,INFO,Fraud case recorded and kept under monitoring.,ACKNOWLEDGED,2026-07-08 05:37:07
32,32,CASHOUT_PREDICTION,CRITICAL,High-risk fraud case detected. Potential cash-out location requires immediate investigation.,ACKNOWLEDGED,2026-06-03 18:50:07
33,33,CASE_MONITORING,INFO,Fraud case recorded and kept under monitoring.,ACTIVE,2026-06-13 13:56:07
34,34,LOW_RISK_NOTIFICATION,INFO,Fraud case recorded and kept under monitoring.,ACTIVE,2026-07-27 13:00:07
35,35,PREDICTIVE_RISK_ALERT,WARNING,Potential cash-out activity detected. Monitor nearby ATM locations.,ACTIVE,2026-08-08 23:04:07
36,36,FRAUD_CASE_UPDATE,INFO,Fraud case recorded and kept under monitoring.,RESOLVED,2026-05-08 19:25:07
37,37,CASE_MONITORING,INFO,Fraud case recorded and kept under monitoring.,RESOLVED,2026-04-10 22:39:07
38,38,FRAUD_CASE_UPDATE,INFO,Fraud case recorded and kept under monitoring.,RESOLVED,2026-05-31 09:18:07
39,39,LOW_RISK_NOTIFICATION,INFO,Fraud case recorded and kept under monitoring.,RESOLVED,2026-07-25 09:49:07
40,40,CASE_MONITORING,INFO,Fraud case recorded and kept under monitoring.,ACTIVE,2026-04-17 06:13:07
41,41,ATM_MONITORING,WARNING,Potential cash-out activity detected. Monitor nearby ATM locations.,ACKNOWLEDGED,2026-05-23 09:19:07
42,42,FRAUD_CASE_UPDATE,INFO,Fraud case recorded and kept under monitoring.,ACTIVE,2026-07-22 19:40:07
43,43,CASE_MONITORING,INFO,Fraud case recorded and kept under monitoring.,RESOLVED,2026-05-18 10:37:07
44,44,CASE_MONITORING,INFO,Fraud case recorded and kept under monitoring.,RESOLVED,2026-08-12 15:19:07
45,45,LOW_RISK_NOTIFICATION,INFO,Fraud case recorded and kept under monitoring.,ACTIVE,2026-05-26 18:27:07
46,46,CASE_MONITORING,INFO,Fraud case recorded and kept under monitoring.,ACTIVE,2026-09-04 05:58:07
47,47,FRAUD_CASE_UPDATE,INFO,Fraud case recorded and kept under monitoring.,ACKNOWLEDGED,2026-05-04 17:55:07
48,48,ATM_MONITORING,WARNING,Potential cash-out activity detected. Monitor nearby ATM locations.,ACTIVE,2026-07-12 02:04:07
49,49,CASE_MONITORING,INFO,Fraud case recorded and kept under monitoring.,ACKNOWLEDGED,2026-08-12 08:24:07
50,50,LOW_RISK_NOTIFICATION,INFO,Fraud case recorded and kept under monitoring.,ACTIVE,2026-07-27 15:26:07
51,51,LOW_RISK_NOTIFICATION,INFO,Fraud case recorded and kept under monitoring.,ACTIVE,2026-07-06 16:06:07
52,52,FRAUD_CASE_UPDATE,INFO,Fraud case recorded and kept under monitoring.,ACTIVE,2026-08-06 00:00:07
53,53,LOW_RISK_NOTIFICATION,INFO,Fraud case recorded and kept under monitoring.,ACKNOWLEDGED,2026-08-18 16:18:07
54,54,FRAUD_CASE_UPDATE,INFO,Fraud case recorded and kept under monitoring.,RESOLVED,2026-07-03 03:24:07
55,55,SUSPICIOUS_ACTIVITY,WARNING,Potential cash-out activity detected. Monitor nearby ATM locations.,ACTIVE,2026-06-25 13:39:07
56,56,PREDICTIVE_RISK_ALERT,WARNING,Potential cash-out activity detected. Monitor nearby ATM locations.,RESOLVED,2026-07-10 13:24:07
57,57,LOW_RISK_NOTIFICATION,INFO,Fraud case recorded and kept under monitoring.,ACTIVE,2026-09-02 05:13:07
58,58,LOW_RISK_NOTIFICATION,INFO,Fraud case recorded and kept under monitoring.,ACTIVE,2026-04-01 01:17:07
59,59,LOW_RISK_NOTIFICATION,INFO,Fraud case recorded and kept under monitoring.,ACKNOWLEDGED,2026-08-08 12:46:07
60,60,PREDICTIVE_RISK_ALERT,WARNING,Potential cash-out activity detected. Monitor nearby ATM locations.,ACKNOWLEDGED,2026-07-23 02:46:07
61,61,LOW_RISK_NOTIFICATION,INFO,Fraud case recorded and kept under monitoring.,ACKNOWLEDGED,2026-07-02 02:01:07
62,62,CASE_MONITORING,INFO,Fraud case recorded and kept under monitoring.,RESOLVED,2026-08-09 09:45:07
63,63,FRAUD_CASE_UPDATE,INFO,Fraud case recorded and kept under monitoring.,ACTIVE,2026-05-11 18:32:07
64,64,CASE_MONITORING,INFO,Fraud case recorded and kept under monitoring.,ACTIVE,2026-08-19 21:14:07
65,65,SUSPICIOUS_ACTIVITY,WARNING,Potential cash-out activity detected. Monitor nearby ATM locations.,ACKNOWLEDGED,2026-04-21 21:45:07
66,66,ATM_MONITORING,WARNING,Potential cash-out activity detected. Monitor nearby ATM locations.,RESOLVED,2026-07-30 15:53:07
67,67,LOW_RISK_NOTIFICATION,INFO,Fraud case recorded and kept under monitoring.,RESOLVED,2026-04-17 16:40:07
68,68,PREDICTIVE_RISK_ALERT,WARNING,Potential cash-out activity detected. Monitor nearby ATM locations.,ACTIVE,2026-07-18 20:19:07
69,69,CASE_MONITORING,INFO,Fraud case recorded and kept under monitoring.,RESOLVED,2026-04-22 08:36:07
70,70,LOW_RISK_NOTIFICATION,INFO,Fraud case recorded and kept under monitoring.,ACKNOWLEDGED,2026-04-18 08:28:07
71,71,FRAUD_CASE_UPDATE,INFO,Fraud case recorded and kept under monitoring.,RESOLVED,2026-06-12 17:02:07
72,72,ATM_MONITORING,WARNING,Potential cash-out activity detected. Monitor nearby ATM locations.,ACTIVE,2026-05-30 16:17:07
73,73,CASE_MONITORING,INFO,Fraud case recorded and kept under monitoring.,RESOLVED,2026-06-21 03:55:07
74,74,ATM_MONITORING,WARNING,Potential cash-out activity detected. Monitor nearby ATM locations.,ACKNOWLEDGED,2026-06-15 13:56:07
75,75,FRAUD_CASE_UPDATE,INFO,Fraud case recorded and kept under monitoring.,ACKNOWLEDGED,2026-07-05 19:38:07
76,76,SUSPICIOUS_ACTIVITY,WARNING,Potential cash-out activity detected. Monitor nearby ATM locations.,ACTIVE,2026-07-17 18:24:07
77,77,FRAUD_CASE_UPDATE,INFO,Fraud case recorded and kept under monitoring.,ACKNOWLEDGED,2026-07-13 20:35:07
78,78,CASE_MONITORING,INFO,Fraud case recorded and kept under monitoring.,RESOLVED,2026-06-28 07:28:07
79,79,FRAUD_CASE_UPDATE,INFO,Fraud case recorded and kept under monitoring.,RESOLVED,2026-08-19 05:14:07
80,80,LOW_RISK_NOTIFICATION,INFO,Fraud case recorded and kept under monitoring.,ACTIVE,2026-07-19 19:56:07
81,81,CASE_MONITORING,INFO,Fraud case recorded and kept under monitoring.,ACKNOWLEDGED,2026-07-11 10:38:07
82,82,FRAUD_CASE_UPDATE,INFO,Fraud case recorded and kept under monitoring.,RESOLVED,2026-07-26 11:59:07
83,83,ATM_MONITORING,WARNING,Potential cash-out activity detected. Monitor nearby ATM locations.,ACKNOWLEDGED,2026-09-16 14:30:07
84,84,LOW_RISK_NOTIFICATION,INFO,Fraud case recorded and kept under monitoring.,ACTIVE,2026-07-09 04:42:07
85,85,LOW_RISK_NOTIFICATION,INFO,Fraud case recorded and kept under monitoring.,RESOLVED,2026-09-23 14:44:07
86,86,LOW_RISK_NOTIFICATION,INFO,Fraud case recorded and kept under monitoring.,ACKNOWLEDGED,2026-04-25 17:13:07
87,87,SUSPICIOUS_ACTIVITY,WARNING,Potential cash-out activity detected. Monitor nearby ATM locations.,RESOLVED,2026-06-25 23:10:07
88,88,LOW_RISK_NOTIFICATION,INFO,Fraud case recorded and kept under monitoring.,ACTIVE,2026-06-13 11:42:07
89,89,CASE_MONITORING,INFO,Fraud case recorded and kept under monitoring.,RESOLVED,2026-05-14 00:11:07
90,90,LOW_RISK_NOTIFICATION,INFO,Fraud case recorded and kept under monitoring.,ACTIVE,2026-09-01 10:26:07
91,91,LOW_RISK_NOTIFICATION,INFO,Fraud case recorded and kept under monitoring.,RESOLVED,2026-07-10 06:02:07
92,92,ATM_MONITORING,WARNING,Potential cash-out activity detected. Monitor nearby ATM locations.,RESOLVED,2026-06-05 16:05:07
93,93,CASE_MONITORING,INFO,Fraud case recorded and kept under monitoring.,ACTIVE,2026-06-04 02:23:07
94,94,LOW_RISK_NOTIFICATION,INFO,Fraud case recorded and kept under monitoring.,ACKNOWLEDGED,2026-04-23 08:24:07
95,95,LOW_RISK_NOTIFICATION,INFO,Fraud case recorded and kept under monitoring.,ACKNOWLEDGED,2026-05-20 08:08:07
96,96,CASE_MONITORING,INFO,Fraud case recorded and kept under monitoring.,RESOLVED,2026-08-19 20:05:07
97,97,CASE_MONITORING,INFO,Fraud case recorded and kept under monitoring.,ACKNOWLEDGED,2026-08-06 06:23:07
98,98,LOW_RISK_NOTIFICATION,INFO,Fraud case recorded and kept under monitoring.,ACTIVE,2026-05-04 06:51:07
99,99,CASE_MONITORING,INFO,Fraud case recorded and kept under monitoring.,RESOLVED,2026-09-05 10:56:07
100,100,CASE_MONITORING,INFO,Fraud case recorded and kept under monitoring.,ACKNOWLEDGED,2026-07-23 05:13:07
101,101,LOW_RISK_NOTIFICATION,INFO,Fraud case recorded and kept under monitoring.,ACKNOWLEDGED,2026-06-17 17:52:07
102,102,CASE_MONITORING,INFO,Fraud case recorded and kept under monitoring.,ACKNOWLEDGED,2026-09-03 22:32:07
103,103,LOW_RISK_NOTIFICATION,INFO,Fraud case recorded and kept under monitoring.,ACTIVE,2026-06-05 11:12:07
104,104,LOW_RISK_NOTIFICATION,INFO,Fraud case recorded and kept under monitoring.,ACKNOWLEDGED,2026-09-10 11:16:07
105,105,LOW_RISK_NOTIFICATION,INFO,Fraud case recorded and kept under monitoring.,RESOLVED,2026-03-29 09:15:07
106,106,CASE_MONITORING,INFO,Fraud case recorded and kept under monitoring.,RESOLVED,2026-04-22 11:51:07
107,107,ATM_RISK_ALERT,CRITICAL,High-risk fraud case detected. Potential cash-out location requires immediate investigation.,RESOLVED,2026-08-31 04:41:07
108,108,CASE_MONITORING,INFO,Fraud case recorded and kept under monitoring.,ACTIVE,2026-04-21 13:19:07
109,109,FRAUD_CASE_UPDATE,INFO,Fraud case recorded and kept under monitoring.,ACKNOWLEDGED,2026-09-08 10:46:07
110,110,LOW_RISK_NOTIFICATION,INFO,Fraud case recorded and kept under monitoring.,RESOLVED,2026-07-05 18:12:07
111,111,CASE_MONITORING,INFO,Fraud case recorded and kept under monitoring.,ACKNOWLEDGED,2026-06-27 18:39:07
112,112,FRAUD_CASE_UPDATE,INFO,Fraud case recorded and kept under monitoring.,ACTIVE,2026-08-24 10:31:07
113,113,LOW_RISK_NOTIFICATION,INFO,Fraud case recorded and kept under monitoring.,ACKNOWLEDGED,2026-09-22 20:36:07
114,114,IMMEDIATE_INTERVENTION,CRITICAL,High-risk fraud case detected. Potential cash-out location requires immediate investigation.,RESOLVED,2026-05-06 01:51:07
115,115,CASE_MONITORING,INFO,Fraud case recorded and kept under monitoring.,ACKNOWLEDGED,2026-04-18 21:38:07
116,116,FRAUD_CASE_UPDATE,INFO,Fraud case recorded and kept under monitoring.,RESOLVED,2026-09-22 08:41:07
117,117,LOW_RISK_NOTIFICATION,INFO,Fraud case recorded and kept under monitoring.,ACTIVE,2026-04-03 19:22:07
118,118,FRAUD_CASE_UPDATE,INFO,Fraud case recorded and kept under monitoring.,ACKNOWLEDGED,2026-08-04 19:34:07
119,119,SUSPICIOUS_ACTIVITY,WARNING,Potential cash-out activity detected. Monitor nearby ATM locations.,RESOLVED,2026-08-04 08:33:07
120,120,ATM_MONITORING,WARNING,Potential cash-out activity detected. Monitor nearby ATM locations.,RESOLVED,2026-05-23 18:46:07
121,121,ATM_MONITORING,WARNING,Potential cash-out activity detected. Monitor nearby ATM locations.,ACKNOWLEDGED,2026-05-11 16:22:07
122,122,FRAUD_CASE_UPDATE,INFO,Fraud case recorded and kept under monitoring.,RESOLVED,2026-03-29 19:43:07
123,123,SUSPICIOUS_ACTIVITY,WARNING,Potential cash-out activity detected. Monitor nearby ATM locations.,RESOLVED,2026-08-13 15:40:07
124,124,CASE_MONITORING,INFO,Fraud case recorded and kept under monitoring.,ACTIVE,2026-06-13 11:44:07
125,125,CASE_MONITORING,INFO,Fraud case recorded and kept under monitoring.,ACKNOWLEDGED,2026-08-07 22:15:07
126,126,IMMEDIATE_INTERVENTION,CRITICAL,High-risk fraud case detected. Potential cash-out location requires immediate investigation.,ACTIVE,2026-07-17 05:39:07
127,127,LOW_RISK_NOTIFICATION,INFO,Fraud case recorded and kept under monitoring.,ACTIVE,2026-06-04 15:35:07
128,128,CASE_MONITORING,INFO,Fraud case recorded and kept under monitoring.,RESOLVED,2026-06-15 21:38:07
129,129,CASE_MONITORING,INFO,Fraud case recorded and kept under monitoring.,ACTIVE,2026-05-07 05:50:07
130,130,LOW_RISK_NOTIFICATION,INFO,Fraud case recorded and kept under monitoring.,RESOLVED,2026-08-05 10:14:07
131,131,CASE_MONITORING,INFO,Fraud case recorded and kept under monitoring.,ACKNOWLEDGED,2026-04-20 22:37:07
132,132,FRAUD_CASE_UPDATE,INFO,Fraud case recorded and kept under monitoring.,ACKNOWLEDGED,2026-08-24 02:47:07
133,133,LOW_RISK_NOTIFICATION,INFO,Fraud case recorded and kept under monitoring.,RESOLVED,2026-04-06 22:34:07
134,134,CASE_MONITORING,INFO,Fraud case recorded and kept under monitoring.,ACKNOWLEDGED,2026-06-25 15:29:07
135,135,CASE_MONITORING,INFO,Fraud case recorded and kept under monitoring.,RESOLVED,2026-09-08 18:02:07
136,136,ATM_MONITORING,WARNING,Potential cash-out activity detected. Monitor nearby ATM locations.,RESOLVED,2026-09-08 00:46:07
137,137,FRAUD_CASE_UPDATE,INFO,Fraud case recorded and kept under monitoring.,ACTIVE,2026-07-04 16:42:07
138,138,LOW_RISK_NOTIFICATION,INFO,Fraud case recorded and kept under monitoring.,ACKNOWLEDGED,2026-08-23 15:41:07
139,139,SUSPICIOUS_ACTIVITY,WARNING,Potential cash-out activity detected. Monitor nearby ATM locations.,RESOLVED,2026-06-25 13:42:07
140,140,CASE_MONITORING,INFO,Fraud case recorded and kept under monitoring.,ACKNOWLEDGED,2026-08-18 15:24:07
141,141,LOW_RISK_NOTIFICATION,INFO,Fraud case recorded and kept under monitoring.,ACKNOWLEDGED,2026-04-02 01:01:07
142,142,ATM_MONITORING,WARNING,Potential cash-out activity detected. Monitor nearby ATM locations.,ACTIVE,2026-05-04 03:16:07
143,143,CASE_MONITORING,INFO,Fraud case recorded and kept under monitoring.,ACTIVE,2026-06-21 17:51:07
144,144,CASE_MONITORING,INFO,Fraud case recorded and kept under monitoring.,ACTIVE,2026-05-24 06:08:07
145,145,CASE_MONITORING,INFO,Fraud case recorded and kept under monitoring.,ACKNOWLEDGED,2026-08-19 09:42:07
146,146,SUSPICIOUS_ACTIVITY,WARNING,Potential cash-out activity detected. Monitor nearby ATM locations.,RESOLVED,2026-06-20 07:35:07
147,147,LOW_RISK_NOTIFICATION,INFO,Fraud case recorded and kept under monitoring.,ACKNOWLEDGED,2026-05-19 16:15:07
148,148,LOW_RISK_NOTIFICATION,INFO,Fraud case recorded and kept under monitoring.,RESOLVED,2026-07-12 14:27:07
149,149,LOW_RISK_NOTIFICATION,INFO,Fraud case recorded and kept under monitoring.,ACKNOWLEDGED,2026-05-07 22:35:07
150,150,FRAUD_CASE_UPDATE,INFO,Fraud case recorded and kept under monitoring.,RESOLVED,2026-05-08 07:35:07
151,151,CASE_MONITORING,INFO,Fraud case recorded and kept under monitoring.,ACTIVE,2026-05-06 09:37:07
152,152,CASE_MONITORING,INFO,Fraud case recorded and kept under monitoring.,ACTIVE,2026-04-08 21:07:07
153,153,CASE_MONITORING,INFO,Fraud case recorded and kept under monitoring.,ACKNOWLEDGED,2026-05-17 11:32:07
154,154,CASE_MONITORING,INFO,Fraud case recorded and kept under monitoring.,ACKNOWLEDGED,2026-07-31 05:47:07
155,155,LOW_RISK_NOTIFICATION,INFO,Fraud case recorded and kept under monitoring.,ACTIVE,2026-06-02 23:00:07
156,156,FRAUD_CASE_UPDATE,INFO,Fraud case recorded and kept under monitoring.,ACTIVE,2026-08-24 16:06:07
157,157,ATM_RISK_ALERT,CRITICAL,High-risk fraud case detected. Potential cash-out location requires immediate investigation.,RESOLVED,2026-06-11 10:56:07
158,158,FRAUD_CASE_UPDATE,INFO,Fraud case recorded and kept under monitoring.,ACTIVE,2026-05-15 12:33:07
159,159,LOW_RISK_NOTIFICATION,INFO,Fraud case recorded and kept under monitoring.,ACTIVE,2026-04-13 10:55:07
160,160,FRAUD_CASE_UPDATE,INFO,Fraud case recorded and kept under monitoring.,ACTIVE,2026-04-24 21:40:07
161,161,LOW_RISK_NOTIFICATION,INFO,Fraud case recorded and kept under monitoring.,RESOLVED,2026-07-10 16:55:07
162,162,SUSPICIOUS_ACTIVITY,WARNING,Potential cash-out activity detected. Monitor nearby ATM locations.,ACKNOWLEDGED,2026-04-05 21:27:07
163,163,SUSPICIOUS_ACTIVITY,WARNING,Potential cash-out activity detected. Monitor nearby ATM locations.,ACKNOWLEDGED,2026-06-14 17:24:07
164,164,LOW_RISK_NOTIFICATION,INFO,Fraud case recorded and kept under monitoring.,RESOLVED,2026-08-29 04:36:07
165,165,SUSPICIOUS_ACTIVITY,WARNING,Potential cash-out activity detected. Monitor nearby ATM locations.,ACTIVE,2026-08-05 13:35:07
166,166,LOW_RISK_NOTIFICATION,INFO,Fraud case recorded and kept under monitoring.,RESOLVED,2026-04-10 15:33:07
167,167,ATM_MONITORING,WARNING,Potential cash-out activity detected. Monitor nearby ATM locations.,ACKNOWLEDGED,2026-09-05 12:14:07
168,168,ATM_RISK_ALERT,CRITICAL,High-risk fraud case detected. Potential cash-out location requires immediate investigation.,RESOLVED,2026-06-23 14:24:07
169,169,CASE_MONITORING,INFO,Fraud case recorded and kept under monitoring.,RESOLVED,2026-09-08 16:14:07
170,170,FRAUD_CASE_UPDATE,INFO,Fraud case recorded and kept under monitoring.,ACTIVE,2026-08-27 08:45:07
171,171,FRAUD_CASE_UPDATE,INFO,Fraud case recorded and kept under monitoring.,ACTIVE,2026-05-21 22:50:07
172,172,CASE_MONITORING,INFO,Fraud case recorded and kept under monitoring.,ACTIVE,2026-06-12 05:37:07
173,173,LOW_RISK_NOTIFICATION,INFO,Fraud case recorded and kept under monitoring.,RESOLVED,2026-08-06 16:28:07
174,174,CASE_MONITORING,INFO,Fraud case recorded and kept under monitoring.,ACTIVE,2026-06-01 21:56:07
175,175,FRAUD_CASE_UPDATE,INFO,Fraud case recorded and kept under monitoring.,ACTIVE,2026-08-03 18:25:07
176,176,PREDICTIVE_RISK_ALERT,WARNING,Potential cash-out activity detected. Monitor nearby ATM locations.,ACTIVE,2026-09-17 19:12:07
177,177,CASE_MONITORING,INFO,Fraud case recorded and kept under monitoring.,RESOLVED,2026-07-23 12:01:07
178,178,ATM_MONITORING,WARNING,Potential cash-out activity detected. Monitor nearby ATM locations.,RESOLVED,2026-08-09 17:57:07
179,179,CASE_MONITORING,INFO,Fraud case recorded and kept under monitoring.,ACTIVE,2026-05-12 11:02:07
180,180,IMMEDIATE_INTERVENTION,CRITICAL,High-risk fraud case detected. Potential cash-out location requires immediate investigation.,ACKNOWLEDGED,2026-08-21 14:02:07
181,181,CASE_MONITORING,INFO,Fraud case recorded and kept under monitoring.,ACTIVE,2026-04-06 01:43:07
182,182,LOW_RISK_NOTIFICATION,INFO,Fraud case recorded and kept under monitoring.,ACKNOWLEDGED,2026-09-20 19:50:07
183,183,FRAUD_CASE_UPDATE,INFO,Fraud case recorded and kept under monitoring.,ACKNOWLEDGED,2026-07-22 08:04:07
184,184,CASE_MONITORING,INFO,Fraud case recorded and kept under monitoring.,ACKNOWLEDGED,2026-07-08 08:45:07
185,185,FRAUD_CASE_UPDATE,INFO,Fraud case recorded and kept under monitoring.,ACKNOWLEDGED,2026-09-09 09:55:07
186,186,ATM_MONITORING,WARNING,Potential cash-out activity detected. Monitor nearby ATM locations.,ACKNOWLEDGED,2026-07-11 22:55:07
187,187,FRAUD_CASE_UPDATE,INFO,Fraud case recorded and kept under monitoring.,ACTIVE,2026-09-13 00:48:07
188,188,LOW_RISK_NOTIFICATION,INFO,Fraud case recorded and kept under monitoring.,ACKNOWLEDGED,2026-06-07 12:21:07
189,189,LOW_RISK_NOTIFICATION,INFO,Fraud case recorded and kept under monitoring.,ACKNOWLEDGED,2026-09-23 21:49:07
190,190,LOW_RISK_NOTIFICATION,INFO,Fraud case recorded and kept under monitoring.,RESOLVED,2026-03-31 05:36:07
191,191,LOW_RISK_NOTIFICATION,INFO,Fraud case recorded and kept under monitoring.,ACTIVE,2026-09-07 16:00:07
192,192,SUSPICIOUS_ACTIVITY,WARNING,Potential cash-out activity detected. Monitor nearby ATM locations.,ACTIVE,2026-09-16 18:58:07
193,193,CASE_MONITORING,INFO,Fraud case recorded and kept under monitoring.,RESOLVED,2026-09-02 17:27:07
194,194,FRAUD_CASE_UPDATE,INFO,Fraud case recorded and kept under monitoring.,RESOLVED,2026-07-04 07:25:07
195,195,FRAUD_CASE_UPDATE,INFO,Fraud case recorded and kept under monitoring.,RESOLVED,2026-07-12 03:01:07
196,196,FRAUD_CASE_UPDATE,INFO,Fraud case recorded and kept under monitoring.,ACKNOWLEDGED,2026-07-28 23:38:07
197,197,LOW_RISK_NOTIFICATION,INFO,Fraud case recorded and kept under monitoring.,ACKNOWLEDGED,2026-09-14 19:04:07
198,198,FRAUD_CASE_UPDATE,INFO,Fraud case recorded and kept under monitoring.,ACTIVE,2026-03-30 05:30:07
199,199,FRAUD_CASE_UPDATE,INFO,Fraud case recorded and kept under monitoring.,RESOLVED,2026-06-19 16:34:07
200,200,LOW_RISK_NOTIFICATION,INFO,Fraud case recorded and kept under monitoring.,ACKNOWLEDGED,2026-08-20 22:36:07
201,201,FRAUD_CASE_UPDATE,INFO,Fraud case recorded and kept under monitoring.,ACTIVE,2026-04-06 02:06:07
202,202,LOW_RISK_NOTIFICATION,INFO,Fraud case recorded and kept under monitoring.,ACTIVE,2026-06-28 10:23:07
203,203,SUSPICIOUS_ACTIVITY,WARNING,Potential cash-out activity detected. Monitor nearby ATM locations.,RESOLVED,2026-09-11 15:31:07
204,204,SUSPICIOUS_ACTIVITY,WARNING,Potential cash-out activity detected. Monitor nearby ATM locations.,RESOLVED,2026-05-08 23:39:07
205,205,FRAUD_CASE_UPDATE,INFO,Fraud case recorded and kept under monitoring.,RESOLVED,2026-05-15 06:52:07
206,206,CASE_MONITORING,INFO,Fraud case recorded and kept under monitoring.,RESOLVED,2026-08-01 09:04:07
207,207,FRAUD_CASE_UPDATE,INFO,Fraud case recorded and kept under monitoring.,ACTIVE,2026-04-22 21:13:07
208,208,FRAUD_CASE_UPDATE,INFO,Fraud case recorded and kept under monitoring.,ACTIVE,2026-06-22 17:59:07
209,209,FRAUD_CASE_UPDATE,INFO,Fraud case recorded and kept under monitoring.,ACKNOWLEDGED,2026-05-17 15:10:07
210,210,IMMEDIATE_INTERVENTION,CRITICAL,High-risk fraud case detected. Potential cash-out location requires immediate investigation.,RESOLVED,2026-08-18 00:08:07
211,211,FRAUD_CASE_UPDATE,INFO,Fraud case recorded and kept under monitoring.,ACKNOWLEDGED,2026-04-02 20:40:07
212,212,ATM_MONITORING,WARNING,Potential cash-out activity detected. Monitor nearby ATM locations.,ACKNOWLEDGED,2026-05-19 01:33:07
213,213,PREDICTIVE_RISK_ALERT,WARNING,Potential cash-out activity detected. Monitor nearby ATM locations.,RESOLVED,2026-09-21 05:34:07
214,214,CASE_MONITORING,INFO,Fraud case recorded and kept under monitoring.,ACTIVE,2026-09-01 23:24:07
215,215,CASE_MONITORING,INFO,Fraud case recorded and kept under monitoring.,ACTIVE,2026-07-19 14:14:07
216,216,ATM_MONITORING,WARNING,Potential cash-out activity detected. Monitor nearby ATM locations.,ACTIVE,2026-08-16 16:39:07
217,217,CASE_MONITORING,INFO,Fraud case recorded and kept under monitoring.,ACKNOWLEDGED,2026-08-26 10:20:07
218,218,FRAUD_CASE_UPDATE,INFO,Fraud case recorded and kept under monitoring.,ACTIVE,2026-08-07 11:21:07
219,219,FRAUD_CASE_UPDATE,INFO,Fraud case recorded and kept under monitoring.,ACTIVE,2026-09-12 18:52:07
220,220,CASE_MONITORING,INFO,Fraud case recorded and kept under monitoring.,RESOLVED,2026-07-19 16:28:07
221,221,CASHOUT_PREDICTION,CRITICAL,High-risk fraud case detected. Potential cash-out location requires immediate investigation.,ACKNOWLEDGED,2026-04-03 01:23:07
222,222,LOW_RISK_NOTIFICATION,INFO,Fraud case recorded and kept under monitoring.,ACKNOWLEDGED,2026-08-05 10:37:07
223,223,FRAUD_CASE_UPDATE,INFO,Fraud case recorded and kept under monitoring.,RESOLVED,2026-08-12 07:27:07
224,224,LOW_RISK_NOTIFICATION,INFO,Fraud case recorded and kept under monitoring.,ACKNOWLEDGED,2026-04-14 09:42:07
225,225,FRAUD_CASE_UPDATE,INFO,Fraud case recorded and kept under monitoring.,ACKNOWLEDGED,2026-07-15 18:32:07
226,226,SUSPICIOUS_ACTIVITY,WARNING,Potential cash-out activity detected. Monitor nearby ATM locations.,ACTIVE,2026-08-02 11:49:07
227,227,CASE_MONITORING,INFO,Fraud case recorded and kept under monitoring.,ACKNOWLEDGED,2026-08-10 15:39:07
228,228,LOW_RISK_NOTIFICATION,INFO,Fraud case recorded and kept under monitoring.,RESOLVED,2026-04-27 09:31:07
229,229,LOW_RISK_NOTIFICATION,INFO,Fraud case recorded and kept under monitoring.,RESOLVED,2026-07-11 05:25:07
230,230,LOW_RISK_NOTIFICATION,INFO,Fraud case recorded and kept under monitoring.,ACKNOWLEDGED,2026-09-15 03:25:07
231,231,FRAUD_CASE_UPDATE,INFO,Fraud case recorded and kept under monitoring.,RESOLVED,2026-08-22 23:52:07
232,232,FRAUD_CASE_UPDATE,INFO,Fraud case recorded and kept under monitoring.,ACTIVE,2026-06-16 23:59:07
233,233,FRAUD_CASE_UPDATE,INFO,Fraud case recorded and kept under monitoring.,ACKNOWLEDGED,2026-05-09 08:51:07
234,234,CASE_MONITORING,INFO,Fraud case recorded and kept under monitoring.,ACKNOWLEDGED,2026-07-23 22:53:07
235,235,CASHOUT_PREDICTION,CRITICAL,High-risk fraud case detected. Potential cash-out location requires immediate investigation.,ACTIVE,2026-08-11 14:47:07
236,236,LOW_RISK_NOTIFICATION,INFO,Fraud case recorded and kept under monitoring.,ACKNOWLEDGED,2026-08-25 15:29:07
237,237,CASE_MONITORING,INFO,Fraud case recorded and kept under monitoring.,RESOLVED,2026-08-25 08:25:07
238,238,LOW_RISK_NOTIFICATION,INFO,Fraud case recorded and kept under monitoring.,RESOLVED,2026-09-12 16:25:07
239,239,CASE_MONITORING,INFO,Fraud case recorded and kept under monitoring.,RESOLVED,2026-07-28 19:33:07
240,240,PREDICTIVE_RISK_ALERT,WARNING,Potential cash-out activity detected. Monitor nearby ATM locations.,ACTIVE,2026-07-05 00:29:07
241,241,CASE_MONITORING,INFO,Fraud case recorded and kept under monitoring.,ACTIVE,2026-07-02 04:55:07
242,242,LOW_RISK_NOTIFICATION,INFO,Fraud case recorded and kept under monitoring.,ACTIVE,2026-06-25 20:02:07
243,243,CASE_MONITORING,INFO,Fraud case recorded and kept under monitoring.,ACKNOWLEDGED,2026-05-20 12:42:07
244,244,SUSPICIOUS_ACTIVITY,WARNING,Potential cash-out activity detected. Monitor nearby ATM locations.,RESOLVED,2026-07-29 06:01:07
245,245,CASE_MONITORING,INFO,Fraud case recorded and kept under monitoring.,RESOLVED,2026-05-01 05:03:07
246,246,LOW_RISK_NOTIFICATION,INFO,Fraud case recorded and kept under monitoring.,ACTIVE,2026-09-12 17:36:07
247,247,LOW_RISK_NOTIFICATION,INFO,Fraud case recorded and kept under monitoring.,ACKNOWLEDGED,2026-08-23 14:10:07
248,248,LOW_RISK_NOTIFICATION,INFO,Fraud case recorded and kept under monitoring.,RESOLVED,2026-07-01 20:39:07
249,249,PREDICTIVE_RISK_ALERT,WARNING,Potential cash-out activity detected. Monitor nearby ATM locations.,ACTIVE,2026-05-12 00:28:07
250,250,LOW_RISK_NOTIFICATION,INFO,Fraud case recorded and kept under monitoring.,RESOLVED,2026-08-29 02:23:07
251,251,FRAUD_CASE_UPDATE,INFO,Fraud case recorded and kept under monitoring.,ACKNOWLEDGED,2026-07-02 20:08:07
252,252,ATM_MONITORING,WARNING,Potential cash-out activity detected. Monitor nearby ATM locations.,ACKNOWLEDGED,2026-05-31 14:31:07
253,253,ATM_RISK_ALERT,CRITICAL,High-risk fraud case detected. Potential cash-out location requires immediate investigation.,ACKNOWLEDGED,2026-06-27 11:40:07
254,254,SUSPICIOUS_ACTIVITY,WARNING,Potential cash-out activity detected. Monitor nearby ATM locations.,RESOLVED,2026-09-17 21:19:07
255,255,LOW_RISK_NOTIFICATION,INFO,Fraud case recorded and kept under monitoring.,RESOLVED,2026-05-30 18:07:07
256,256,CASE_MONITORING,INFO,Fraud case recorded and kept under monitoring.,ACTIVE,2026-05-21 00:56:07
257,257,ATM_MONITORING,WARNING,Potential cash-out activity detected. Monitor nearby ATM locations.,ACKNOWLEDGED,2026-07-26 03:58:07
258,258,FRAUD_CASE_UPDATE,INFO,Fraud case recorded and kept under monitoring.,RESOLVED,2026-09-01 05:04:07
259,259,FRAUD_CASE_UPDATE,INFO,Fraud case recorded and kept under monitoring.,ACTIVE,2026-09-12 00:49:07
260,260,SUSPICIOUS_ACTIVITY,WARNING,Potential cash-out activity detected. Monitor nearby ATM locations.,ACTIVE,2026-06-27 16:12:07
261,261,LOW_RISK_NOTIFICATION,INFO,Fraud case recorded and kept under monitoring.,RESOLVED,2026-08-06 09:18:07
262,262,CASE_MONITORING,INFO,Fraud case recorded and kept under monitoring.,ACKNOWLEDGED,2026-07-21 21:07:07
263,263,CASE_MONITORING,INFO,Fraud case recorded and kept under monitoring.,RESOLVED,2026-06-22 12:22:07
264,264,CASE_MONITORING,INFO,Fraud case recorded and kept under monitoring.,RESOLVED,2026-05-28 19:20:07
265,265,CASE_MONITORING,INFO,Fraud case recorded and kept under monitoring.,ACKNOWLEDGED,2026-09-05 16:14:07
266,266,CASE_MONITORING,INFO,Fraud case recorded and kept under monitoring.,RESOLVED,2026-04-19 21:14:07
267,267,PREDICTIVE_RISK_ALERT,WARNING,Potential cash-out activity detected. Monitor nearby ATM locations.,RESOLVED,2026-05-13 08:14:07
268,268,LOW_RISK_NOTIFICATION,INFO,Fraud case recorded and kept under monitoring.,RESOLVED,2026-05-17 16:24:07
269,269,FRAUD_CASE_UPDATE,INFO,Fraud case recorded and kept under monitoring.,RESOLVED,2026-08-12 10:25:07
270,270,LOW_RISK_NOTIFICATION,INFO,Fraud case recorded and kept under monitoring.,ACTIVE,2026-07-06 16:19:07
271,271,PREDICTIVE_RISK_ALERT,WARNING,Potential cash-out activity detected. Monitor nearby ATM locations.,RESOLVED,2026-07-06 06:20:07
272,272,FRAUD_CASE_UPDATE,INFO,Fraud case recorded and kept under monitoring.,ACKNOWLEDGED,2026-07-03 02:37:07
273,273,SUSPICIOUS_ACTIVITY,WARNING,Potential cash-out activity detected. Monitor nearby ATM locations.,RESOLVED,2026-07-26 03:52:07
274,274,CASE_MONITORING,INFO,Fraud case recorded and kept under monitoring.,ACKNOWLEDGED,2026-07-20 14:07:07
275,275,CASE_MONITORING,INFO,Fraud case recorded and kept under monitoring.,ACKNOWLEDGED,2026-07-02 14:40:07
276,276,LOW_RISK_NOTIFICATION,INFO,Fraud case recorded and kept under monitoring.,RESOLVED,2026-07-29 17:47:07
277,277,FRAUD_CASE_UPDATE,INFO,Fraud case recorded and kept under monitoring.,RESOLVED,2026-07-27 04:37:07
278,278,CASE_MONITORING,INFO,Fraud case recorded and kept under monitoring.,ACTIVE,2026-07-10 11:53:07
279,279,LOW_RISK_NOTIFICATION,INFO,Fraud case recorded and kept under monitoring.,ACKNOWLEDGED,2026-07-19 10:55:07
280,280,CASE_MONITORING,INFO,Fraud case recorded and kept under monitoring.,ACKNOWLEDGED,2026-04-14 10:41:07
281,281,LOW_RISK_NOTIFICATION,INFO,Fraud case recorded and kept under monitoring.,RESOLVED,2026-07-18 20:18:07
282,282,FRAUD_CASE_UPDATE,INFO,Fraud case recorded and kept under monitoring.,RESOLVED,2026-09-23 07:36:07
283,283,SUSPICIOUS_ACTIVITY,WARNING,Potential cash-out activity detected. Monitor nearby ATM locations.,RESOLVED,2026-07-07 01:19:07
284,284,CASE_MONITORING,INFO,Fraud case recorded and kept under monitoring.,ACKNOWLEDGED,2026-06-07 23:11:07
285,285,CASHOUT_PREDICTION,CRITICAL,High-risk fraud case detected. Potential cash-out location requires immediate investigation.,ACKNOWLEDGED,2026-07-25 02:30:07
286,286,CASE_MONITORING,INFO,Fraud case recorded and kept under monitoring.,ACTIVE,2026-08-09 05:11:07
287,287,LOW_RISK_NOTIFICATION,INFO,Fraud case recorded and kept under monitoring.,ACTIVE,2026-07-10 16:40:07
288,288,FRAUD_CASE_UPDATE,INFO,Fraud case recorded and kept under monitoring.,RESOLVED,2026-09-20 00:19:07
289,289,LOW_RISK_NOTIFICATION,INFO,Fraud case recorded and kept under monitoring.,ACKNOWLEDGED,2026-08-14 19:43:07
290,290,FRAUD_CASE_UPDATE,INFO,Fraud case recorded and kept under monitoring.,ACKNOWLEDGED,2026-04-16 22:11:07
291,291,FRAUD_CASE_UPDATE,INFO,Fraud case recorded and kept under monitoring.,RESOLVED,2026-04-13 13:39:07
292,292,CASE_MONITORING,INFO,Fraud case recorded and kept under monitoring.,ACTIVE,2026-03-31 12:34:07
293,293,CASE_MONITORING,INFO,Fraud case recorded and kept under monitoring.,ACKNOWLEDGED,2026-04-19 12:31:07
294,294,PREDICTIVE_RISK_ALERT,WARNING,Potential cash-out activity detected. Monitor nearby ATM locations.,ACTIVE,2026-06-19 11:24:07
295,295,CASE_MONITORING,INFO,Fraud case recorded and kept under monitoring.,ACKNOWLEDGED,2026-05-30 21:24:07
296,296,CASE_MONITORING,INFO,Fraud case recorded and kept under monitoring.,ACKNOWLEDGED,2026-07-23 08:20:07
297,297,PREDICTIVE_RISK_ALERT,WARNING,Potential cash-out activity detected. Monitor nearby ATM locations.,ACTIVE,2026-08-15 00:38:07
298,298,CASE_MONITORING,INFO,Fraud case recorded and kept under monitoring.,ACKNOWLEDGED,2026-09-05 21:51:07
299,299,SUSPICIOUS_ACTIVITY,WARNING,Potential cash-out activity detected. Monitor nearby ATM locations.,ACTIVE,2026-09-20 03:40:07
300,300,LOW_RISK_NOTIFICATION,INFO,Fraud case recorded and kept under monitoring.,RESOLVED,2026-06-27 04:40:07
301,301,CASE_MONITORING,INFO,Fraud case recorded and kept under monitoring.,ACTIVE,2026-04-02 06:55:07
302,302,LOW_RISK_NOTIFICATION,INFO,Fraud case recorded and kept under monitoring.,ACTIVE,2026-05-15 02:42:07
303,303,SUSPICIOUS_ACTIVITY,WARNING,Potential cash-out activity detected. Monitor nearby ATM locations.,RESOLVED,2026-08-09 12:59:07
304,304,LOW_RISK_NOTIFICATION,INFO,Fraud case recorded and kept under monitoring.,ACTIVE,2026-09-01 20:20:07
305,305,FRAUD_CASE_UPDATE,INFO,Fraud case recorded and kept under monitoring.,ACTIVE,2026-08-15 13:10:07
306,306,FRAUD_CASE_UPDATE,INFO,Fraud case recorded and kept under monitoring.,RESOLVED,2026-04-29 14:26:07
307,307,PREDICTIVE_RISK_ALERT,WARNING,Potential cash-out activity detected. Monitor nearby ATM locations.,ACTIVE,2026-08-09 04:15:07
308,308,CASE_MONITORING,INFO,Fraud case recorded and kept under monitoring.,ACTIVE,2026-04-16 23:22:07
309,309,CASE_MONITORING,INFO,Fraud case recorded and kept under monitoring.,ACTIVE,2026-08-09 10:17:07
310,310,CASE_MONITORING,INFO,Fraud case recorded and kept under monitoring.,RESOLVED,2026-05-14 15:04:07
311,311,CASE_MONITORING,INFO,Fraud case recorded and kept under monitoring.,RESOLVED,2026-09-23 05:58:07
312,312,ATM_MONITORING,WARNING,Potential cash-out activity detected. Monitor nearby ATM locations.,RESOLVED,2026-06-25 19:06:07
313,313,PREDICTIVE_RISK_ALERT,WARNING,Potential cash-out activity detected. Monitor nearby ATM locations.,ACKNOWLEDGED,2026-07-02 02:30:07
314,314,ATM_MONITORING,WARNING,Potential cash-out activity detected. Monitor nearby ATM locations.,ACTIVE,2026-08-06 13:27:07
315,315,SUSPICIOUS_ACTIVITY,WARNING,Potential cash-out activity detected. Monitor nearby ATM locations.,RESOLVED,2026-04-20 10:00:07
316,316,LOW_RISK_NOTIFICATION,INFO,Fraud case recorded and kept under monitoring.,ACKNOWLEDGED,2026-04-20 02:56:07
317,317,CASE_MONITORING,INFO,Fraud case recorded and kept under monitoring.,ACKNOWLEDGED,2026-08-27 04:50:07
318,318,CASE_MONITORING,INFO,Fraud case recorded and kept under monitoring.,ACTIVE,2026-04-26 16:18:07
319,319,LOW_RISK_NOTIFICATION,INFO,Fraud case recorded and kept under monitoring.,ACKNOWLEDGED,2026-08-13 02:40:07
320,320,FRAUD_CASE_UPDATE,INFO,Fraud case recorded and kept under monitoring.,RESOLVED,2026-05-22 21:49:07
321,321,LOW_RISK_NOTIFICATION,INFO,Fraud case recorded and kept under monitoring.,ACKNOWLEDGED,2026-06-02 10:56:07
322,322,LOW_RISK_NOTIFICATION,INFO,Fraud case recorded and kept under monitoring.,RESOLVED,2026-07-29 21:12:07
323,323,LOW_RISK_NOTIFICATION,INFO,Fraud case recorded and kept under monitoring.,RESOLVED,2026-06-18 06:30:07
324,324,ATM_RISK_ALERT,CRITICAL,High-risk fraud case detected. Potential cash-out location requires immediate investigation.,ACKNOWLEDGED,2026-06-24 04:12:07
325,325,LOW_RISK_NOTIFICATION,INFO,Fraud case recorded and kept under monitoring.,RESOLVED,2026-05-18 05:54:07
326,326,CASE_MONITORING,INFO,Fraud case recorded and kept under monitoring.,ACKNOWLEDGED,2026-06-23 07:22:07
327,327,ATM_MONITORING,WARNING,Potential cash-out activity detected. Monitor nearby ATM locations.,RESOLVED,2026-08-14 01:19:07
328,328,SUSPICIOUS_ACTIVITY,WARNING,Potential cash-out activity detected. Monitor nearby ATM locations.,RESOLVED,2026-05-31 13:34:07
329,329,FRAUD_CASE_UPDATE,INFO,Fraud case recorded and kept under monitoring.,ACTIVE,2026-09-12 17:13:07
330,330,FRAUD_CASE_UPDATE,INFO,Fraud case recorded and kept under monitoring.,RESOLVED,2026-07-30 04:05:07
331,331,CASE_MONITORING,INFO,Fraud case recorded and kept under monitoring.,ACTIVE,2026-06-20 23:56:07
332,332,CASE_MONITORING,INFO,Fraud case recorded and kept under monitoring.,ACTIVE,2026-04-12 04:47:07
333,333,FRAUD_CASE_UPDATE,INFO,Fraud case recorded and kept under monitoring.,RESOLVED,2026-07-03 01:14:07
334,334,CASE_MONITORING,INFO,Fraud case recorded and kept under monitoring.,ACTIVE,2026-08-12 12:44:07
335,335,SUSPICIOUS_ACTIVITY,WARNING,Potential cash-out activity detected. Monitor nearby ATM locations.,RESOLVED,2026-05-04 05:30:07
336,336,FRAUD_CASE_UPDATE,INFO,Fraud case recorded and kept under monitoring.,ACTIVE,2026-04-03 19:27:07
337,337,FRAUD_CASE_UPDATE,INFO,Fraud case recorded and kept under monitoring.,RESOLVED,2026-04-03 04:10:07
338,338,LOW_RISK_NOTIFICATION,INFO,Fraud case recorded and kept under monitoring.,ACTIVE,2026-04-17 07:20:07
339,339,LOW_RISK_NOTIFICATION,INFO,Fraud case recorded and kept under monitoring.,RESOLVED,2026-07-26 12:41:07
340,340,CASE_MONITORING,INFO,Fraud case recorded and kept under monitoring.,ACTIVE,2026-04-12 14:30:07
341,341,FRAUD_CASE_UPDATE,INFO,Fraud case recorded and kept under monitoring.,ACTIVE,2026-08-30 08:23:07
342,342,CASE_MONITORING,INFO,Fraud case recorded and kept under monitoring.,ACKNOWLEDGED,2026-07-21 10:27:07
343,343,LOW_RISK_NOTIFICATION,INFO,Fraud case recorded and kept under monitoring.,ACKNOWLEDGED,2026-06-09 22:56:07
344,344,LOW_RISK_NOTIFICATION,INFO,Fraud case recorded and kept under monitoring.,RESOLVED,2026-07-24 04:59:07
345,345,CASE_MONITORING,INFO,Fraud case recorded and kept under monitoring.,ACKNOWLEDGED,2026-04-02 14:00:07
346,346,LOW_RISK_NOTIFICATION,INFO,Fraud case recorded and kept under monitoring.,ACTIVE,2026-09-23 23:11:07
347,347,FRAUD_CASE_UPDATE,INFO,Fraud case recorded and kept under monitoring.,ACTIVE,2026-08-14 20:33:07
348,348,FRAUD_CASE_UPDATE,INFO,Fraud case recorded and kept under monitoring.,RESOLVED,2026-06-13 18:17:07
349,349,FRAUD_CASE_UPDATE,INFO,Fraud case recorded and kept under monitoring.,ACTIVE,2026-03-30 23:02:07
350,350,LOW_RISK_NOTIFICATION,INFO,Fraud case recorded and kept under monitoring.,ACKNOWLEDGED,2026-07-09 22:36:07
351,351,LOW_RISK_NOTIFICATION,INFO,Fraud case recorded and kept under monitoring.,ACKNOWLEDGED,2026-05-13 12:34:07
352,352,SUSPICIOUS_ACTIVITY,WARNING,Potential cash-out activity detected. Monitor nearby ATM locations.,RESOLVED,2026-04-18 09:37:07
353,353,PREDICTIVE_RISK_ALERT,WARNING,Potential cash-out activity detected. Monitor nearby ATM locations.,RESOLVED,2026-07-22 08:08:07
354,354,LOW_RISK_NOTIFICATION,INFO,Fraud case recorded and kept under monitoring.,ACTIVE,2026-08-14 10:49:07
355,355,CASE_MONITORING,INFO,Fraud case recorded and kept under monitoring.,RESOLVED,2026-09-21 15:10:07
356,356,CASE_MONITORING,INFO,Fraud case recorded and kept under monitoring.,RESOLVED,2026-08-29 18:47:07
357,357,CASE_MONITORING,INFO,Fraud case recorded and kept under monitoring.,RESOLVED,2026-07-31 14:27:07
358,358,FRAUD_CASE_UPDATE,INFO,Fraud case recorded and kept under monitoring.,ACTIVE,2026-05-20 03:57:07
359,359,FRAUD_CASE_UPDATE,INFO,Fraud case recorded and kept under monitoring.,ACKNOWLEDGED,2026-06-13 18:03:07
360,360,CASE_MONITORING,INFO,Fraud case recorded and kept under monitoring.,RESOLVED,2026-05-10 14:52:07
361,361,FRAUD_CASE_UPDATE,INFO,Fraud case recorded and kept under monitoring.,ACTIVE,2026-08-11 19:00:07
362,362,ATM_MONITORING,WARNING,Potential cash-out activity detected. Monitor nearby ATM locations.,ACTIVE,2026-05-20 03:14:07
363,363,CASE_MONITORING,INFO,Fraud case recorded and kept under monitoring.,RESOLVED,2026-08-21 03:55:07
364,364,CASE_MONITORING,INFO,Fraud case recorded and kept under monitoring.,ACKNOWLEDGED,2026-04-19 00:27:07
365,365,FRAUD_CASE_UPDATE,INFO,Fraud case recorded and kept under monitoring.,ACKNOWLEDGED,2026-06-30 10:20:07
366,366,FRAUD_CASE_UPDATE,INFO,Fraud case recorded and kept under monitoring.,ACKNOWLEDGED,2026-06-23 00:17:07
367,367,FRAUD_CASE_UPDATE,INFO,Fraud case recorded and kept under monitoring.,ACKNOWLEDGED,2026-04-05 22:55:07
368,368,CASE_MONITORING,INFO,Fraud case recorded and kept under monitoring.,ACTIVE,2026-04-07 12:04:07
369,369,LOW_RISK_NOTIFICATION,INFO,Fraud case recorded and kept under monitoring.,ACTIVE,2026-06-08 17:05:07
370,370,CASE_MONITORING,INFO,Fraud case recorded and kept under monitoring.,ACKNOWLEDGED,2026-09-03 02:03:07
371,371,CASE_MONITORING,INFO,Fraud case recorded and kept under monitoring.,ACKNOWLEDGED,2026-05-09 10:50:07
372,372,LOW_RISK_NOTIFICATION,INFO,Fraud case recorded and kept under monitoring.,RESOLVED,2026-07-03 09:36:07
373,373,ATM_MONITORING,WARNING,Potential cash-out activity detected. Monitor nearby ATM locations.,ACTIVE,2026-09-15 01:36:07
374,374,PREDICTIVE_RISK_ALERT,WARNING,Potential cash-out activity detected. Monitor nearby ATM locations.,ACKNOWLEDGED,2026-05-25 15:40:07
375,375,CASHOUT_PREDICTION,CRITICAL,High-risk fraud case detected. Potential cash-out location requires immediate investigation.,RESOLVED,2026-04-03 11:01:07
376,376,LOW_RISK_NOTIFICATION,INFO,Fraud case recorded and kept under monitoring.,ACKNOWLEDGED,2026-08-04 11:56:07
377,377,SUSPICIOUS_ACTIVITY,WARNING,Potential cash-out activity detected. Monitor nearby ATM locations.,ACKNOWLEDGED,2026-08-25 21:46:07
378,378,FRAUD_CASE_UPDATE,INFO,Fraud case recorded and kept under monitoring.,ACTIVE,2026-07-17 03:21:07
379,379,CASHOUT_PREDICTION,CRITICAL,High-risk fraud case detected. Potential cash-out location requires immediate investigation.,ACKNOWLEDGED,2026-08-26 04:00:07
380,380,FRAUD_CASE_UPDATE,INFO,Fraud case recorded and kept under monitoring.,ACKNOWLEDGED,2026-09-19 04:20:07
381,381,FRAUD_CASE_UPDATE,INFO,Fraud case recorded and kept under monitoring.,ACTIVE,2026-05-04 05:40:07
382,382,LOW_RISK_NOTIFICATION,INFO,Fraud case recorded and kept under monitoring.,ACKNOWLEDGED,2026-07-17 07:29:07
383,383,CASE_MONITORING,INFO,Fraud case recorded and kept under monitoring.,RESOLVED,2026-08-14 09:31:07
384,384,LOW_RISK_NOTIFICATION,INFO,Fraud case recorded and kept under monitoring.,ACKNOWLEDGED,2026-09-03 19:16:07
385,385,LOW_RISK_NOTIFICATION,INFO,Fraud case recorded and kept under monitoring.,RESOLVED,2026-08-16 21:24:07
386,386,CASE_MONITORING,INFO,Fraud case recorded and kept under monitoring.,ACKNOWLEDGED,2026-07-30 05:58:07
387,387,FRAUD_CASE_UPDATE,INFO,Fraud case recorded and kept under monitoring.,ACKNOWLEDGED,2026-07-22 00:58:07
388,388,CASHOUT_PREDICTION,CRITICAL,High-risk fraud case detected. Potential cash-out location requires immediate investigation.,ACKNOWLEDGED,2026-05-27 07:03:07
389,389,ATM_MONITORING,WARNING,Potential cash-out activity detected. Monitor nearby ATM locations.,ACKNOWLEDGED,2026-04-25 03:01:07
390,390,CASE_MONITORING,INFO,Fraud case recorded and kept under monitoring.,ACKNOWLEDGED,2026-08-08 03:36:07
391,391,LOW_RISK_NOTIFICATION,INFO,Fraud case recorded and kept under monitoring.,ACKNOWLEDGED,2026-06-23 02:20:07
392,392,CASE_MONITORING,INFO,Fraud case recorded and kept under monitoring.,RESOLVED,2026-06-09 13:33:07
393,393,LOW_RISK_NOTIFICATION,INFO,Fraud case recorded and kept under monitoring.,ACKNOWLEDGED,2026-09-11 18:22:07
394,394,IMMEDIATE_INTERVENTION,CRITICAL,High-risk fraud case detected. Potential cash-out location requires immediate investigation.,ACTIVE,2026-04-30 03:48:07
395,395,ATM_MONITORING,WARNING,Potential cash-out activity detected. Monitor nearby ATM locations.,ACKNOWLEDGED,2026-06-29 13:47:07
396,396,CASE_MONITORING,INFO,Fraud case recorded and kept under monitoring.,ACTIVE,2026-07-31 22:20:07
397,397,FRAUD_CASE_UPDATE,INFO,Fraud case recorded and kept under monitoring.,ACTIVE,2026-04-25 09:41:07
398,398,SUSPICIOUS_ACTIVITY,WARNING,Potential cash-out activity detected. Monitor nearby ATM locations.,ACTIVE,2026-07-26 16:40:07
399,399,FRAUD_CASE_UPDATE,INFO,Fraud case recorded and kept under monitoring.,ACTIVE,2026-08-11 04:53:07
400,400,SUSPICIOUS_ACTIVITY,WARNING,Potential cash-out activity detected. Monitor nearby ATM locations.,RESOLVED,2026-09-11 02:56:07
401,401,CASE_MONITORING,INFO,Fraud case recorded and kept under monitoring.,ACTIVE,2026-09-15 09:24:07
402,402,FRAUD_CASE_UPDATE,INFO,Fraud case recorded and kept under monitoring.,RESOLVED,2026-05-30 14:33:07
403,403,LOW_RISK_NOTIFICATION,INFO,Fraud case recorded and kept under monitoring.,RESOLVED,2026-07-02 06:19:07
404,404,LOW_RISK_NOTIFICATION,INFO,Fraud case recorded and kept under monitoring.,ACKNOWLEDGED,2026-06-05 22:15:07
405,405,LOW_RISK_NOTIFICATION,INFO,Fraud case recorded and kept under monitoring.,RESOLVED,2026-04-11 17:23:07
406,406,CASE_MONITORING,INFO,Fraud case recorded and kept under monitoring.,ACKNOWLEDGED,2026-04-23 13:05:07
407,407,FRAUD_CASE_UPDATE,INFO,Fraud case recorded and kept under monitoring.,ACTIVE,2026-04-15 03:17:07
408,408,FRAUD_CASE_UPDATE,INFO,Fraud case recorded and kept under monitoring.,ACTIVE,2026-05-05 06:52:07
409,409,FRAUD_CASE_UPDATE,INFO,Fraud case recorded and kept under monitoring.,ACTIVE,2026-03-27 21:15:07
410,410,CASE_MONITORING,INFO,Fraud case recorded and kept under monitoring.,RESOLVED,2026-06-29 02:25:07
411,411,PREDICTIVE_RISK_ALERT,WARNING,Potential cash-out activity detected. Monitor nearby ATM locations.,ACTIVE,2026-07-04 05:43:07
412,412,FRAUD_CASE_UPDATE,INFO,Fraud case recorded and kept under monitoring.,ACKNOWLEDGED,2026-04-05 14:32:07
413,413,FRAUD_CASE_UPDATE,INFO,Fraud case recorded and kept under monitoring.,ACTIVE,2026-03-31 09:52:07
414,414,ATM_MONITORING,WARNING,Potential cash-out activity detected. Monitor nearby ATM locations.,ACTIVE,2026-09-17 01:40:07
415,415,CASE_MONITORING,INFO,Fraud case recorded and kept under monitoring.,ACKNOWLEDGED,2026-05-29 07:12:07
416,416,CASE_MONITORING,INFO,Fraud case recorded and kept under monitoring.,ACTIVE,2026-08-25 11:23:07
417,417,SUSPICIOUS_ACTIVITY,WARNING,Potential cash-out activity detected. Monitor nearby ATM locations.,RESOLVED,2026-06-18 12:14:07
418,418,LOW_RISK_NOTIFICATION,INFO,Fraud case recorded and kept under monitoring.,ACTIVE,2026-04-12 11:48:07
419,419,PREDICTIVE_RISK_ALERT,WARNING,Potential cash-out activity detected. Monitor nearby ATM locations.,ACTIVE,2026-04-30 12:21:07
420,420,FRAUD_CASE_UPDATE,INFO,Fraud case recorded and kept under monitoring.,ACTIVE,2026-04-19 07:12:07
421,421,IMMEDIATE_INTERVENTION,CRITICAL,High-risk fraud case detected. Potential cash-out location requires immediate investigation.,ACKNOWLEDGED,2026-08-07 22:57:07
422,422,ATM_MONITORING,WARNING,Potential cash-out activity detected. Monitor nearby ATM locations.,ACTIVE,2026-09-03 17:53:07
423,423,LOW_RISK_NOTIFICATION,INFO,Fraud case recorded and kept under monitoring.,ACKNOWLEDGED,2026-08-13 00:45:07
424,424,ATM_MONITORING,WARNING,Potential cash-out activity detected. Monitor nearby ATM locations.,ACTIVE,2026-05-07 06:30:07
425,425,LOW_RISK_NOTIFICATION,INFO,Fraud case recorded and kept under monitoring.,RESOLVED,2026-04-07 12:18:07
426,426,SUSPICIOUS_ACTIVITY,WARNING,Potential cash-out activity detected. Monitor nearby ATM locations.,ACTIVE,2026-07-19 03:08:07
427,427,LOW_RISK_NOTIFICATION,INFO,Fraud case recorded and kept under monitoring.,ACKNOWLEDGED,2026-05-27 07:57:07
428,428,FRAUD_CASE_UPDATE,INFO,Fraud case recorded and kept under monitoring.,ACTIVE,2026-05-22 04:00:07
429,429,ATM_MONITORING,WARNING,Potential cash-out activity detected. Monitor nearby ATM locations.,RESOLVED,2026-06-20 12:33:07
430,430,CASE_MONITORING,INFO,Fraud case recorded and kept under monitoring.,ACTIVE,2026-05-22 18:09:07
431,431,FRAUD_CASE_UPDATE,INFO,Fraud case recorded and kept under monitoring.,ACKNOWLEDGED,2026-08-26 00:24:07
432,432,LOW_RISK_NOTIFICATION,INFO,Fraud case recorded and kept under monitoring.,ACTIVE,2026-08-22 16:28:07
433,433,LOW_RISK_NOTIFICATION,INFO,Fraud case recorded and kept under monitoring.,RESOLVED,2026-07-14 00:56:07
434,434,SUSPICIOUS_ACTIVITY,WARNING,Potential cash-out activity detected. Monitor nearby ATM locations.,RESOLVED,2026-04-29 19:49:07
435,435,SUSPICIOUS_ACTIVITY,WARNING,Potential cash-out activity detected. Monitor nearby ATM locations.,ACKNOWLEDGED,2026-07-21 23:20:07
436,436,LOW_RISK_NOTIFICATION,INFO,Fraud case recorded and kept under monitoring.,ACTIVE,2026-09-19 19:04:07
437,437,SUSPICIOUS_ACTIVITY,WARNING,Potential cash-out activity detected. Monitor nearby ATM locations.,RESOLVED,2026-09-18 11:10:07
438,438,FRAUD_CASE_UPDATE,INFO,Fraud case recorded and kept under monitoring.,ACTIVE,2026-09-01 09:54:07
439,439,LOW_RISK_NOTIFICATION,INFO,Fraud case recorded and kept under monitoring.,RESOLVED,2026-08-12 12:12:07
440,440,FRAUD_CASE_UPDATE,INFO,Fraud case recorded and kept under monitoring.,ACKNOWLEDGED,2026-06-05 09:35:07
441,441,LOW_RISK_NOTIFICATION,INFO,Fraud case recorded and kept under monitoring.,RESOLVED,2026-07-21 03:54:07
442,442,CASE_MONITORING,INFO,Fraud case recorded and kept under monitoring.,ACKNOWLEDGED,2026-05-08 16:38:07
443,443,CASE_MONITORING,INFO,Fraud case recorded and kept under monitoring.,RESOLVED,2026-07-26 19:57:07
444,444,FRAUD_CASE_UPDATE,INFO,Fraud case recorded and kept under monitoring.,ACTIVE,2026-08-22 19:12:07
445,445,CASE_MONITORING,INFO,Fraud case recorded and kept under monitoring.,ACKNOWLEDGED,2026-06-13 14:21:07
446,446,CASE_MONITORING,INFO,Fraud case recorded and kept under monitoring.,ACTIVE,2026-07-21 14:10:07
447,447,LOW_RISK_NOTIFICATION,INFO,Fraud case recorded and kept under monitoring.,ACKNOWLEDGED,2026-04-06 19:07:07
448,448,FRAUD_CASE_UPDATE,INFO,Fraud case recorded and kept under monitoring.,RESOLVED,2026-05-03 19:59:07
449,449,CASE_MONITORING,INFO,Fraud case recorded and kept under monitoring.,ACKNOWLEDGED,2026-06-16 12:31:07
450,450,CASE_MONITORING,INFO,Fraud case recorded and kept under monitoring.,ACKNOWLEDGED,2026-06-22 06:38:07
451,451,LOW_RISK_NOTIFICATION,INFO,Fraud case recorded and kept under monitoring.,ACTIVE,2026-07-19 19:36:07
452,452,ATM_MONITORING,WARNING,Potential cash-out activity detected. Monitor nearby ATM locations.,RESOLVED,2026-04-01 11:05:07
453,453,CASE_MONITORING,INFO,Fraud case recorded and kept under monitoring.,ACKNOWLEDGED,2026-09-13 19:56:07
454,454,CASE_MONITORING,INFO,Fraud case recorded and kept under monitoring.,RESOLVED,2026-07-20 01:36:07
455,455,FRAUD_CASE_UPDATE,INFO,Fraud case recorded and kept under monitoring.,RESOLVED,2026-08-25 03:36:07
456,456,LOW_RISK_NOTIFICATION,INFO,Fraud case recorded and kept under monitoring.,ACKNOWLEDGED,2026-03-28 22:11:07
457,457,LOW_RISK_NOTIFICATION,INFO,Fraud case recorded and kept under monitoring.,ACKNOWLEDGED,2026-07-02 18:06:07
458,458,FRAUD_CASE_UPDATE,INFO,Fraud case recorded and kept under monitoring.,ACKNOWLEDGED,2026-05-23 09:21:07
459,459,CASE_MONITORING,INFO,Fraud case recorded and kept under monitoring.,RESOLVED,2026-09-20 04:46:07
460,460,FRAUD_CASE_UPDATE,INFO,Fraud case recorded and kept under monitoring.,ACTIVE,2026-08-18 22:26:07
461,461,CASHOUT_PREDICTION,CRITICAL,High-risk fraud case detected. Potential cash-out location requires immediate investigation.,ACTIVE,2026-05-08 02:34:07
462,462,FRAUD_CASE_UPDATE,INFO,Fraud case recorded and kept under monitoring.,ACTIVE,2026-07-13 05:29:07
463,463,CASE_MONITORING,INFO,Fraud case recorded and kept under monitoring.,ACTIVE,2026-04-21 04:19:07
464,464,CASE_MONITORING,INFO,Fraud case recorded and kept under monitoring.,ACKNOWLEDGED,2026-08-11 02:53:07
465,465,CASE_MONITORING,INFO,Fraud case recorded and kept under monitoring.,RESOLVED,2026-04-22 14:40:07
466,466,LOW_RISK_NOTIFICATION,INFO,Fraud case recorded and kept under monitoring.,RESOLVED,2026-04-15 12:23:07
467,467,CASE_MONITORING,INFO,Fraud case recorded and kept under monitoring.,ACKNOWLEDGED,2026-05-11 06:50:07
468,468,PREDICTIVE_RISK_ALERT,WARNING,Potential cash-out activity detected. Monitor nearby ATM locations.,RESOLVED,2026-04-29 10:58:07
469,469,LOW_RISK_NOTIFICATION,INFO,Fraud case recorded and kept under monitoring.,ACTIVE,2026-04-05 06:03:07
470,470,FRAUD_CASE_UPDATE,INFO,Fraud case recorded and kept under monitoring.,ACTIVE,2026-04-28 03:44:07
471,471,LOW_RISK_NOTIFICATION,INFO,Fraud case recorded and kept under monitoring.,ACKNOWLEDGED,2026-06-25 14:25:07
472,472,FRAUD_CASE_UPDATE,INFO,Fraud case recorded and kept under monitoring.,ACTIVE,2026-05-15 17:41:07
473,473,LOW_RISK_NOTIFICATION,INFO,Fraud case recorded and kept under monitoring.,ACTIVE,2026-07-18 05:37:07
474,474,ATM_MONITORING,WARNING,Potential cash-out activity detected. Monitor nearby ATM locations.,RESOLVED,2026-04-27 22:38:07
475,475,ATM_MONITORING,WARNING,Potential cash-out activity detected. Monitor nearby ATM locations.,RESOLVED,2026-06-18 23:38:07
476,476,FRAUD_CASE_UPDATE,INFO,Fraud case recorded and kept under monitoring.,RESOLVED,2026-06-09 21:43:07
477,477,LOW_RISK_NOTIFICATION,INFO,Fraud case recorded and kept under monitoring.,ACTIVE,2026-08-08 06:14:07
478,478,CASE_MONITORING,INFO,Fraud case recorded and kept under monitoring.,ACKNOWLEDGED,2026-06-28 14:52:07
479,479,CASHOUT_PREDICTION,CRITICAL,High-risk fraud case detected. Potential cash-out location requires immediate investigation.,ACKNOWLEDGED,2026-09-07 20:53:07
480,480,SUSPICIOUS_ACTIVITY,WARNING,Potential cash-out activity detected. Monitor nearby ATM locations.,ACKNOWLEDGED,2026-05-31 00:02:07
481,481,LOW_RISK_NOTIFICATION,INFO,Fraud case recorded and kept under monitoring.,ACTIVE,2026-07-03 04:14:07
482,482,CASE_MONITORING,INFO,Fraud case recorded and kept under monitoring.,RESOLVED,2026-05-17 18:13:07
483,483,FRAUD_CASE_UPDATE,INFO,Fraud case recorded and kept under monitoring.,RESOLVED,2026-07-15 11:55:07
484,484,CASE_MONITORING,INFO,Fraud case recorded and kept under monitoring.,ACTIVE,2026-09-23 14:02:07
485,485,CASE_MONITORING,INFO,Fraud case recorded and kept under monitoring.,RESOLVED,2026-07-27 02:25:07
486,486,LOW_RISK_NOTIFICATION,INFO,Fraud case recorded and kept under monitoring.,RESOLVED,2026-06-07 18:34:07
487,487,CASE_MONITORING,INFO,Fraud case recorded and kept under monitoring.,RESOLVED,2026-04-20 21:53:07
488,488,CASE_MONITORING,INFO,Fraud case recorded and kept under monitoring.,ACKNOWLEDGED,2026-09-19 11:26:07
489,489,SUSPICIOUS_ACTIVITY,WARNING,Potential cash-out activity detected. Monitor nearby ATM locations.,ACTIVE,2026-08-20 01:28:07
490,490,ATM_MONITORING,WARNING,Potential cash-out activity detected. Monitor nearby ATM locations.,ACKNOWLEDGED,2026-06-18 02:37:07
491,491,FRAUD_CASE_UPDATE,INFO,Fraud case recorded and kept under monitoring.,ACKNOWLEDGED,2026-08-31 17:54:07
492,492,SUSPICIOUS_ACTIVITY,WARNING,Potential cash-out activity detected. Monitor nearby ATM locations.,RESOLVED,2026-06-12 02:56:07
493,493,FRAUD_CASE_UPDATE,INFO,Fraud case recorded and kept under monitoring.,RESOLVED,2026-07-14 14:53:07
494,494,LOW_RISK_NOTIFICATION,INFO,Fraud case recorded and kept under monitoring.,ACTIVE,2026-07-07 17:10:07
495,495,ATM_MONITORING,WARNING,Potential cash-out activity detected. Monitor nearby ATM locations.,RESOLVED,2026-05-21 06:23:07
496,496,LOW_RISK_NOTIFICATION,INFO,Fraud case recorded and kept under monitoring.,ACKNOWLEDGED,2026-07-23 12:46:07
497,497,LOW_RISK_NOTIFICATION,INFO,Fraud case recorded and kept under monitoring.,ACTIVE,2026-06-09 04:41:07
498,498,LOW_RISK_NOTIFICATION,INFO,Fraud case recorded and kept under monitoring.,RESOLVED,2026-06-14 23:02:07
499,499,FRAUD_CASE_UPDATE,INFO,Fraud case recorded and kept under monitoring.,ACTIVE,2026-06-01 17:13:07
500,500,LOW_RISK_NOTIFICATION,INFO,Fraud case recorded and kept under monitoring.,ACTIVE,2026-06-16 03:50:07
