complaint_number,location,cashout_account,atm_id,bank_name,latitude,longitude,predicted_risk_level,prediction_confidence
CMP100001,Ahmedabad,ACC0001M3,ATM100459,HDFC Bank,23.016729,72.646921,HIGH,100.0
CMP100021,Ahmedabad,ACC0021M3,ATM100140,Axis Bank,23.010944,72.552892,HIGH,99.0
CMP100024,Ahmedabad,ACC0024M3,ATM100176,Bank of Maharashtra,23.091624,72.507802,HIGH,96.0
CMP100030,Ahmedabad,ACC0030M3,ATM100035,Axis Bank,22.966768,72.541276,HIGH,97.0
CMP100035,Ahmedabad,ACC0035M3,ATM100399,ICICI Bank,23.080319,72.626842,HIGH,91.0
CMP100038,Ahmedabad,ACC0038M3,ATM100148,Kotak Mahindra Bank,22.99852,72.500655,HIGH,91.0
CMP100040,Ahmedabad,ACC0040M3,ATM100202,HDFC Bank,23.070109,72.541058,HIGH,90.0
CMP100045,Ahmedabad,ACC0045M3,ATM100081,Punjab National Bank,22.94458,72.505081,HIGH,74.0
CMP100057,Ahmedabad,ACC0057M3,ATM100459,HDFC Bank,23.016729,72.646921,HIGH,100.0
CMP100062,Ahmedabad,ACC0062M3,ATM100140,Axis Bank,23.010944,72.552892,HIGH,99.0
CMP100064,Ahmedabad,ACC0064M3,ATM100176,Bank of Maharashtra,23.091624,72.507802,HIGH,96.0
CMP100068,Ahmedabad,ACC0068M3,ATM100035,Axis Bank,22.966768,72.541276,HIGH,97.0
CMP100081,Ahmedabad,ACC0081M3,ATM100399,ICICI Bank,23.080319,72.626842,HIGH,91.0
CMP100090,Ahmedabad,ACC0090M3,ATM100148,Kotak Mahindra Bank,22.99852,72.500655,HIGH,91.0
CMP100093,Ahmedabad,ACC0093M3,ATM100202,HDFC Bank,23.070109,72.541058,HIGH,90.0
CMP100112,Ahmedabad,ACC0112M3,ATM100081,Punjab National Bank,22.94458,72.505081,HIGH,74.0
CMP100130,Ahmedabad,ACC0130M3,ATM100459,HDFC Bank,23.016729,72.646921,HIGH,100.0
CMP100164,Ahmedabad,ACC0164M3,ATM100140,Axis Bank,23.010944,72.552892,HIGH,99.0
CMP100174,Ahmedabad,ACC0174M3,ATM100176,Bank of Maharashtra,23.091624,72.507802,HIGH,96.0
CMP100177,Ahmedabad,ACC0177M3,ATM100035,Axis Bank,22.966768,72.541276,HIGH,97.0
CMP100187,Ahmedabad,ACC0187M3,ATM100399,ICICI Bank,23.080319,72.626842,HIGH,91.0
CMP100188,Ahmedabad,ACC0188M3,ATM100148,Kotak Mahindra Bank,22.99852,72.500655,HIGH,91.0
CMP100217,Ahmedabad,ACC0217M3,ATM100202,HDFC Bank,23.070109,72.541058,HIGH,90.0
CMP100245,Ahmedabad,ACC0245M3,ATM100081,Punjab National Bank,22.94458,72.505081,HIGH,74.0
CMP100254,Ahmedabad,ACC0254M3,ATM100459,HDFC Bank,23.016729,72.646921,HIGH,100.0
CMP100282,Ahmedabad,ACC0282M3,ATM100140,Axis Bank,23.010944,72.552892,HIGH,99.0
CMP100301,Ahmedabad,ACC0301M3,ATM100176,Bank of Maharashtra,23.091624,72.507802,HIGH,96.0
CMP100302,Ahmedabad,ACC0302M3,ATM100035,Axis Bank,22.966768,72.541276,HIGH,97.0
CMP100305,Ahmedabad,ACC0305M3,ATM100399,ICICI Bank,23.080319,72.626842,HIGH,91.0
CMP100318,Ahmedabad,ACC0318M3,ATM100148,Kotak Mahindra Bank,22.99852,72.500655,HIGH,91.0
CMP100326,Ahmedabad,ACC0326M3,ATM100202,HDFC Bank,23.070109,72.541058,HIGH,90.0
CMP100329,Ahmedabad,ACC0329M3,ATM100081,Punjab National Bank,22.94458,72.505081,HIGH,74.0
CMP100334,Ahmedabad,ACC0334M3,ATM100459,HDFC Bank,23.016729,72.646921,HIGH,100.0
CMP100341,Ahmedabad,ACC0341M3,ATM100140,Axis Bank,23.010944,72.552892,HIGH,99.0
CMP100342,Ahmedabad,ACC0342M3,ATM100176,Bank of Maharashtra,23.091624,72.507802,HIGH,96.0
CMP100350,Ahmedabad,ACC0350M3,ATM100035,Axis Bank,22.966768,72.541276,HIGH,97.0
CMP100361,Ahmedabad,ACC0361M3,ATM100399,ICICI Bank,23.080319,72.626842,HIGH,91.0
CMP100365,Ahmedabad,ACC0365M3,ATM100148,Kotak Mahindra Bank,22.99852,72.500655,HIGH,91.0
CMP100366,Ahmedabad,ACC0366M3,ATM100202,HDFC Bank,23.070109,72.541058,HIGH,90.0
CMP100376,Ahmedabad,ACC0376M3,ATM100081,Punjab National Bank,22.94458,72.505081,HIGH,74.0
CMP100398,Ahmedabad,ACC0398M3,ATM100459,HDFC Bank,23.016729,72.646921,HIGH,100.0
CMP100430,Ahmedabad,ACC0430M3,ATM100140,Axis Bank,23.010944,72.552892,HIGH,99.0
CMP100436,Ahmedabad,ACC0436M3,ATM100176,Bank of Maharashtra,23.091624,72.507802,HIGH,96.0
CMP100443,Ahmedabad,ACC0443M3,ATM100035,Axis Bank,22.966768,72.541276,HIGH,97.0
CMP100462,Ahmedabad,ACC0462M3,ATM100399,ICICI Bank,23.080319,72.626842,HIGH,91.0
CMP100474,Ahmedabad,ACC0474M3,ATM100148,Kotak Mahindra Bank,22.99852,72.500655,HIGH,91.0
CMP100481,Ahmedabad,ACC0481M3,ATM100202,HDFC Bank,23.070109,72.541058,HIGH,90.0
CMP100482,Ahmedabad,ACC0482M3,ATM100081,Punjab National Bank,22.94458,72.505081,HIGH,74.0
CMP100490,Ahmedabad,ACC0490M3,ATM100459,HDFC Bank,23.016729,72.646921,HIGH,100.0
CMP100494,Ahmedabad,ACC0494M3,ATM100140,Axis Bank,23.010944,72.552892,HIGH,99.0
CMP100495,Ahmedabad,ACC0495M3,ATM100176,Bank of Maharashtra,23.091624,72.507802,HIGH,96.0
CMP100002,Bangalore,ACC0002M3,ATM100152,SBI,12.92751,77.550411,HIGH,99.0
CMP100007,Bangalore,ACC0007M3,ATM100478,ICICI Bank,12.952467,77.638698,HIGH,97.0
CMP100015,Bangalore,ACC0015M3,ATM100208,HDFC Bank,12.971422,77.613505,HIGH,95.0
CMP100020,Bangalore,ACC0020M3,ATM100256,HDFC Bank,12.915335,77.672461,HIGH,98.0
CMP100044,Bangalore,ACC0044M3,ATM100463,Kotak Mahindra Bank,13.029222,77.63025,HIGH,92.0
CMP100046,Bangalore,ACC0046M3,ATM100168,HDFC Bank,12.89628,77.646731,HIGH,93.0
CMP100052,Bangalore,ACC0052M3,ATM100377,SBI,12.993467,77.612829,HIGH,89.0
CMP100061,Bangalore,ACC0061M3,ATM100041,Bank of Maharashtra,13.006806,77.617184,HIGH,93.0
CMP100074,Bangalore,ACC0074M3,ATM100152,SBI,12.92751,77.550411,HIGH,99.0
CMP100078,Bangalore,ACC0078M3,ATM100478,ICICI Bank,12.952467,77.638698,HIGH,97.0
CMP100085,Bangalore,ACC0085M3,ATM100208,HDFC Bank,12.971422,77.613505,HIGH,95.0
CMP100087,Bangalore,ACC0087M3,ATM100256,HDFC Bank,12.915335,77.672461,HIGH,98.0
CMP100121,Bangalore,ACC0121M3,ATM100463,Kotak Mahindra Bank,13.029222,77.63025,HIGH,92.0
CMP100123,Bangalore,ACC0123M3,ATM100168,HDFC Bank,12.89628,77.646731,HIGH,93.0
CMP100126,Bangalore,ACC0126M3,ATM100377,SBI,12.993467,77.612829,HIGH,89.0
CMP100139,Bangalore,ACC0139M3,ATM100041,Bank of Maharashtra,13.006806,77.617184,HIGH,93.0
CMP100141,Bangalore,ACC0141M3,ATM100152,SBI,12.92751,77.550411,HIGH,99.0
CMP100149,Bangalore,ACC0149M3,ATM100478,ICICI Bank,12.952467,77.638698,HIGH,97.0
CMP100163,Bangalore,ACC0163M3,ATM100208,HDFC Bank,12.971422,77.613505,HIGH,95.0
CMP100170,Bangalore,ACC0170M3,ATM100256,HDFC Bank,12.915335,77.672461,HIGH,98.0
CMP100171,Bangalore,ACC0171M3,ATM100463,Kotak Mahindra Bank,13.029222,77.63025,HIGH,92.0
CMP100176,Bangalore,ACC0176M3,ATM100168,HDFC Bank,12.89628,77.646731,HIGH,93.0
CMP100183,Bangalore,ACC0183M3,ATM100377,SBI,12.993467,77.612829,HIGH,89.0
CMP100189,Bangalore,ACC0189M3,ATM100041,Bank of Maharashtra,13.006806,77.617184,HIGH,93.0
CMP100192,Bangalore,ACC0192M3,ATM100152,SBI,12.92751,77.550411,HIGH,99.0
CMP100203,Bangalore,ACC0203M3,ATM100478,ICICI Bank,12.952467,77.638698,HIGH,97.0
CMP100208,Bangalore,ACC0208M3,ATM100208,HDFC Bank,12.971422,77.613505,HIGH,95.0
CMP100209,Bangalore,ACC0209M3,ATM100256,HDFC Bank,12.915335,77.672461,HIGH,98.0
CMP100218,Bangalore,ACC0218M3,ATM100463,Kotak Mahindra Bank,13.029222,77.63025,HIGH,92.0
CMP100223,Bangalore,ACC0223M3,ATM100168,HDFC Bank,12.89628,77.646731,HIGH,93.0
CMP100232,Bangalore,ACC0232M3,ATM100377,SBI,12.993467,77.612829,HIGH,89.0
CMP100236,Bangalore,ACC0236M3,ATM100041,Bank of Maharashtra,13.006806,77.617184,HIGH,93.0
CMP100237,Bangalore,ACC0237M3,ATM100152,SBI,12.92751,77.550411,HIGH,99.0
CMP100253,Bangalore,ACC0253M3,ATM100478,ICICI Bank,12.952467,77.638698,HIGH,97.0
CMP100273,Bangalore,ACC0273M3,ATM100208,HDFC Bank,12.971422,77.613505,HIGH,95.0
CMP100278,Bangalore,ACC0278M3,ATM100256,HDFC Bank,12.915335,77.672461,HIGH,98.0
CMP100284,Bangalore,ACC0284M3,ATM100463,Kotak Mahindra Bank,13.029222,77.63025,HIGH,92.0
CMP100293,Bangalore,ACC0293M3,ATM100168,HDFC Bank,12.89628,77.646731,HIGH,93.0
CMP100296,Bangalore,ACC0296M3,ATM100377,SBI,12.993467,77.612829,HIGH,89.0
CMP100299,Bangalore,ACC0299M3,ATM100041,Bank of Maharashtra,13.006806,77.617184,HIGH,93.0
CMP100300,Bangalore,ACC0300M3,ATM100152,SBI,12.92751,77.550411,HIGH,99.0
CMP100317,Bangalore,ACC0317M3,ATM100478,ICICI Bank,12.952467,77.638698,HIGH,97.0
CMP100323,Bangalore,ACC0323M3,ATM100208,HDFC Bank,12.971422,77.613505,HIGH,95.0
CMP100359,Bangalore,ACC0359M3,ATM100256,HDFC Bank,12.915335,77.672461,HIGH,98.0
CMP100368,Bangalore,ACC0368M3,ATM100463,Kotak Mahindra Bank,13.029222,77.63025,HIGH,92.0
CMP100374,Bangalore,ACC0374M3,ATM100168,HDFC Bank,12.89628,77.646731,HIGH,93.0
CMP100377,Bangalore,ACC0377M3,ATM100377,SBI,12.993467,77.612829,HIGH,89.0
CMP100381,Bangalore,ACC0381M3,ATM100041,Bank of Maharashtra,13.006806,77.617184,HIGH,93.0
CMP100396,Bangalore,ACC0396M3,ATM100152,SBI,12.92751,77.550411,HIGH,99.0
CMP100401,Bangalore,ACC0401M3,ATM100478,ICICI Bank,12.952467,77.638698,HIGH,97.0
CMP100426,Bangalore,ACC0426M3,ATM100208,HDFC Bank,12.971422,77.613505,HIGH,95.0
CMP100428,Bangalore,ACC0428M3,ATM100256,HDFC Bank,12.915335,77.672461,HIGH,98.0
CMP100453,Bangalore,ACC0453M3,ATM100463,Kotak Mahindra Bank,13.029222,77.63025,HIGH,92.0
CMP100459,Bangalore,ACC0459M3,ATM100168,HDFC Bank,12.89628,77.646731,HIGH,93.0
CMP100472,Bangalore,ACC0472M3,ATM100377,SBI,12.993467,77.612829,HIGH,89.0
CMP100489,Bangalore,ACC0489M3,ATM100041,Bank of Maharashtra,13.006806,77.617184,HIGH,93.0
CMP100493,Bangalore,ACC0493M3,ATM100152,SBI,12.92751,77.550411,HIGH,99.0
CMP100009,Chennai,ACC0009M3,ATM100483,HDFC Bank,13.129622,80.241382,HIGH,99.0
CMP100036,Chennai,ACC0036M3,ATM100104,HDFC Bank,13.050239,80.281325,HIGH,100.0
CMP100039,Chennai,ACC0039M3,ATM100218,SBI,13.133072,80.203518,HIGH,98.0
CMP100047,Chennai,ACC0047M3,ATM100187,HDFC Bank,13.015881,80.29958,HIGH,95.0
CMP100048,Chennai,ACC0048M3,ATM100486,SBI,13.145738,80.295387,HIGH,92.0
CMP100050,Chennai,ACC0050M3,ATM100305,SBI,13.096557,80.217582,HIGH,100.0
CMP100054,Chennai,ACC0054M3,ATM100154,Kotak Mahindra Bank,13.143094,80.233196,HIGH,95.0
CMP100056,Chennai,ACC0056M3,ATM100061,HDFC Bank,13.095594,80.291862,HIGH,91.0
CMP100071,Chennai,ACC0071M3,ATM100483,HDFC Bank,13.129622,80.241382,HIGH,99.0
CMP100080,Chennai,ACC0080M3,ATM100104,HDFC Bank,13.050239,80.281325,HIGH,100.0
CMP100094,Chennai,ACC0094M3,ATM100218,SBI,13.133072,80.203518,HIGH,98.0
CMP100107,Chennai,ACC0107M3,ATM100187,HDFC Bank,13.015881,80.29958,HIGH,95.0
CMP100111,Chennai,ACC0111M3,ATM100486,SBI,13.145738,80.295387,HIGH,92.0
CMP100136,Chennai,ACC0136M3,ATM100305,SBI,13.096557,80.217582,HIGH,100.0
CMP100146,Chennai,ACC0146M3,ATM100154,Kotak Mahindra Bank,13.143094,80.233196,HIGH,95.0
CMP100148,Chennai,ACC0148M3,ATM100061,HDFC Bank,13.095594,80.291862,HIGH,91.0
CMP100166,Chennai,ACC0166M3,ATM100483,HDFC Bank,13.129622,80.241382,HIGH,99.0
CMP100169,Chennai,ACC0169M3,ATM100104,HDFC Bank,13.050239,80.281325,HIGH,100.0
CMP100178,Chennai,ACC0178M3,ATM100218,SBI,13.133072,80.203518,HIGH,98.0
CMP100180,Chennai,ACC0180M3,ATM100187,HDFC Bank,13.015881,80.29958,HIGH,95.0
CMP100198,Chennai,ACC0198M3,ATM100486,SBI,13.145738,80.295387,HIGH,92.0
CMP100202,Chennai,ACC0202M3,ATM100305,SBI,13.096557,80.217582,HIGH,100.0
CMP100205,Chennai,ACC0205M3,ATM100154,Kotak Mahindra Bank,13.143094,80.233196,HIGH,95.0
CMP100255,Chennai,ACC0255M3,ATM100061,HDFC Bank,13.095594,80.291862,HIGH,91.0
CMP100258,Chennai,ACC0258M3,ATM100483,HDFC Bank,13.129622,80.241382,HIGH,99.0
CMP100268,Chennai,ACC0268M3,ATM100104,HDFC Bank,13.050239,80.281325,HIGH,100.0
CMP100269,Chennai,ACC0269M3,ATM100218,SBI,13.133072,80.203518,HIGH,98.0
CMP100286,Chennai,ACC0286M3,ATM100187,HDFC Bank,13.015881,80.29958,HIGH,95.0
CMP100287,Chennai,ACC0287M3,ATM100486,SBI,13.145738,80.295387,HIGH,92.0
CMP100291,Chennai,ACC0291M3,ATM100305,SBI,13.096557,80.217582,HIGH,100.0
CMP100292,Chennai,ACC0292M3,ATM100154,Kotak Mahindra Bank,13.143094,80.233196,HIGH,95.0
CMP100294,Chennai,ACC0294M3,ATM100061,HDFC Bank,13.095594,80.291862,HIGH,91.0
CMP100319,Chennai,ACC0319M3,ATM100483,HDFC Bank,13.129622,80.241382,HIGH,99.0
CMP100321,Chennai,ACC0321M3,ATM100104,HDFC Bank,13.050239,80.281325,HIGH,100.0
CMP100324,Chennai,ACC0324M3,ATM100218,SBI,13.133072,80.203518,HIGH,98.0
CMP100356,Chennai,ACC0356M3,ATM100187,HDFC Bank,13.015881,80.29958,HIGH,95.0
CMP100360,Chennai,ACC0360M3,ATM100486,SBI,13.145738,80.295387,HIGH,92.0
CMP100371,Chennai,ACC0371M3,ATM100305,SBI,13.096557,80.217582,HIGH,100.0
CMP100384,Chennai,ACC0384M3,ATM100154,Kotak Mahindra Bank,13.143094,80.233196,HIGH,95.0
CMP100389,Chennai,ACC0389M3,ATM100061,HDFC Bank,13.095594,80.291862,HIGH,91.0
CMP100403,Chennai,ACC0403M3,ATM100483,HDFC Bank,13.129622,80.241382,HIGH,99.0
CMP100411,Chennai,ACC0411M3,ATM100104,HDFC Bank,13.050239,80.281325,HIGH,100.0
CMP100414,Chennai,ACC0414M3,ATM100218,SBI,13.133072,80.203518,HIGH,98.0
CMP100415,Chennai,ACC0415M3,ATM100187,HDFC Bank,13.015881,80.29958,HIGH,95.0
CMP100418,Chennai,ACC0418M3,ATM100486,SBI,13.145738,80.295387,HIGH,92.0
CMP100421,Chennai,ACC0421M3,ATM100305,SBI,13.096557,80.217582,HIGH,100.0
CMP100423,Chennai,ACC0423M3,ATM100154,Kotak Mahindra Bank,13.143094,80.233196,HIGH,95.0
CMP100432,Chennai,ACC0432M3,ATM100061,HDFC Bank,13.095594,80.291862,HIGH,91.0
CMP100440,Chennai,ACC0440M3,ATM100483,HDFC Bank,13.129622,80.241382,HIGH,99.0
CMP100444,Chennai,ACC0444M3,ATM100104,HDFC Bank,13.050239,80.281325,HIGH,100.0
CMP100448,Chennai,ACC0448M3,ATM100218,SBI,13.133072,80.203518,HIGH,98.0
CMP100478,Chennai,ACC0478M3,ATM100187,HDFC Bank,13.015881,80.29958,HIGH,95.0
CMP100479,Chennai,ACC0479M3,ATM100486,SBI,13.145738,80.295387,HIGH,92.0
CMP100480,Chennai,ACC0480M3,ATM100305,SBI,13.096557,80.217582,HIGH,100.0
CMP100005,Delhi,ACC0005M3,ATM100488,Axis Bank,28.675087,77.257577,HIGH,99.0
CMP100008,Delhi,ACC0008M3,ATM100200,Kotak Mahindra Bank,28.602749,77.161084,HIGH,100.0
CMP100012,Delhi,ACC0012M3,ATM100381,ICICI Bank,28.545301,77.130937,HIGH,99.0
CMP100017,Delhi,ACC0017M3,ATM100388,Axis Bank,28.59501,77.16191,HIGH,91.0
CMP100022,Delhi,ACC0022M3,ATM100125,SBI,28.539821,77.224403,HIGH,92.0
CMP100023,Delhi,ACC0023M3,ATM100290,SBI,28.574984,77.17458,HIGH,97.0
CMP100037,Delhi,ACC0037M3,ATM100151,Bank of Maharashtra,28.645263,77.153623,HIGH,95.0
CMP100051,Delhi,ACC0051M3,ATM100482,Axis Bank,28.619185,77.154273,HIGH,91.0
CMP100066,Delhi,ACC0066M3,ATM100488,Axis Bank,28.675087,77.257577,HIGH,99.0
CMP100069,Delhi,ACC0069M3,ATM100200,Kotak Mahindra Bank,28.602749,77.161084,HIGH,100.0
CMP100072,Delhi,ACC0072M3,ATM100381,ICICI Bank,28.545301,77.130937,HIGH,99.0
CMP100079,Delhi,ACC0079M3,ATM100388,Axis Bank,28.59501,77.16191,HIGH,91.0
CMP100096,Delhi,ACC0096M3,ATM100125,SBI,28.539821,77.224403,HIGH,92.0
CMP100103,Delhi,ACC0103M3,ATM100290,SBI,28.574984,77.17458,HIGH,97.0
CMP100109,Delhi,ACC0109M3,ATM100151,Bank of Maharashtra,28.645263,77.153623,HIGH,95.0
CMP100128,Delhi,ACC0128M3,ATM100482,Axis Bank,28.619185,77.154273,HIGH,91.0
CMP100151,Delhi,ACC0151M3,ATM100488,Axis Bank,28.675087,77.257577,HIGH,99.0
CMP100153,Delhi,ACC0153M3,ATM100200,Kotak Mahindra Bank,28.602749,77.161084,HIGH,100.0
CMP100172,Delhi,ACC0172M3,ATM100381,ICICI Bank,28.545301,77.130937,HIGH,99.0
CMP100175,Delhi,ACC0175M3,ATM100388,Axis Bank,28.59501,77.16191,HIGH,91.0
CMP100179,Delhi,ACC0179M3,ATM100125,SBI,28.539821,77.224403,HIGH,92.0
CMP100186,Delhi,ACC0186M3,ATM100290,SBI,28.574984,77.17458,HIGH,97.0
CMP100221,Delhi,ACC0221M3,ATM100151,Bank of Maharashtra,28.645263,77.153623,HIGH,95.0
CMP100230,Delhi,ACC0230M3,ATM100482,Axis Bank,28.619185,77.154273,HIGH,91.0
CMP100240,Delhi,ACC0240M3,ATM100488,Axis Bank,28.675087,77.257577,HIGH,99.0
CMP100264,Delhi,ACC0264M3,ATM100200,Kotak Mahindra Bank,28.602749,77.161084,HIGH,100.0
CMP100265,Delhi,ACC0265M3,ATM100381,ICICI Bank,28.545301,77.130937,HIGH,99.0
CMP100267,Delhi,ACC0267M3,ATM100388,Axis Bank,28.59501,77.16191,HIGH,91.0
CMP100272,Delhi,ACC0272M3,ATM100125,SBI,28.539821,77.224403,HIGH,92.0
CMP100277,Delhi,ACC0277M3,ATM100290,SBI,28.574984,77.17458,HIGH,97.0
CMP100283,Delhi,ACC0283M3,ATM100151,Bank of Maharashtra,28.645263,77.153623,HIGH,95.0
CMP100290,Delhi,ACC0290M3,ATM100482,Axis Bank,28.619185,77.154273,HIGH,91.0
CMP100313,Delhi,ACC0313M3,ATM100488,Axis Bank,28.675087,77.257577,HIGH,99.0
CMP100314,Delhi,ACC0314M3,ATM100200,Kotak Mahindra Bank,28.602749,77.161084,HIGH,100.0
CMP100358,Delhi,ACC0358M3,ATM100381,ICICI Bank,28.545301,77.130937,HIGH,99.0
CMP100364,Delhi,ACC0364M3,ATM100388,Axis Bank,28.59501,77.16191,HIGH,91.0
CMP100369,Delhi,ACC0369M3,ATM100125,SBI,28.539821,77.224403,HIGH,92.0
CMP100370,Delhi,ACC0370M3,ATM100290,SBI,28.574984,77.17458,HIGH,97.0
CMP100372,Delhi,ACC0372M3,ATM100151,Bank of Maharashtra,28.645263,77.153623,HIGH,95.0
CMP100373,Delhi,ACC0373M3,ATM100482,Axis Bank,28.619185,77.154273,HIGH,91.0
CMP100382,Delhi,ACC0382M3,ATM100488,Axis Bank,28.675087,77.257577,HIGH,99.0
CMP100399,Delhi,ACC0399M3,ATM100200,Kotak Mahindra Bank,28.602749,77.161084,HIGH,100.0
CMP100412,Delhi,ACC0412M3,ATM100381,ICICI Bank,28.545301,77.130937,HIGH,99.0
CMP100424,Delhi,ACC0424M3,ATM100388,Axis Bank,28.59501,77.16191,HIGH,91.0
CMP100439,Delhi,ACC0439M3,ATM100125,SBI,28.539821,77.224403,HIGH,92.0
CMP100441,Delhi,ACC0441M3,ATM100290,SBI,28.574984,77.17458,HIGH,97.0
CMP100442,Delhi,ACC0442M3,ATM100151,Bank of Maharashtra,28.645263,77.153623,HIGH,95.0
CMP100457,Delhi,ACC0457M3,ATM100482,Axis Bank,28.619185,77.154273,HIGH,91.0
CMP100463,Delhi,ACC0463M3,ATM100488,Axis Bank,28.675087,77.257577,HIGH,99.0
CMP100467,Delhi,ACC0467M3,ATM100200,Kotak Mahindra Bank,28.602749,77.161084,HIGH,100.0
CMP100469,Delhi,ACC0469M3,ATM100381,ICICI Bank,28.545301,77.130937,HIGH,99.0
CMP100487,Delhi,ACC0487M3,ATM100388,Axis Bank,28.59501,77.16191,HIGH,91.0
CMP100491,Delhi,ACC0491M3,ATM100125,SBI,28.539821,77.224403,HIGH,92.0
CMP100492,Delhi,ACC0492M3,ATM100290,SBI,28.574984,77.17458,HIGH,97.0
CMP100498,Delhi,ACC0498M3,ATM100151,Bank of Maharashtra,28.645263,77.153623,HIGH,95.0
CMP100006,Hyderabad,ACC0006M3,ATM100199,HDFC Bank,17.323769,78.42673,HIGH,99.0
CMP100013,Hyderabad,ACC0013M3,ATM100165,Axis Bank,17.418338,78.540622,HIGH,98.0
CMP100031,Hyderabad,ACC0031M3,ATM100340,Bank of Maharashtra,17.353749,78.419647,HIGH,95.0
CMP100041,Hyderabad,ACC0041M3,ATM100032,Kotak Mahindra Bank,17.455373,78.507133,HIGH,99.0
CMP100043,Hyderabad,ACC0043M3,ATM100293,ICICI Bank,17.371168,78.426202,HIGH,96.0
CMP100077,Hyderabad,ACC0077M3,ATM100435,HDFC Bank,17.323934,78.472285,HIGH,92.0
CMP100083,Hyderabad,ACC0083M3,ATM100416,SBI,17.31065,78.526017,HIGH,93.0
CMP100084,Hyderabad,ACC0084M3,ATM100201,Kotak Mahindra Bank,17.315273,78.499815,HIGH,90.0
CMP100098,Hyderabad,ACC0098M3,ATM100199,HDFC Bank,17.323769,78.42673,HIGH,99.0
CMP100125,Hyderabad,ACC0125M3,ATM100165,Axis Bank,17.418338,78.540622,HIGH,98.0
CMP100131,Hyderabad,ACC0131M3,ATM100340,Bank of Maharashtra,17.353749,78.419647,HIGH,95.0
CMP100133,Hyderabad,ACC0133M3,ATM100032,Kotak Mahindra Bank,17.455373,78.507133,HIGH,99.0
CMP100142,Hyderabad,ACC0142M3,ATM100293,ICICI Bank,17.371168,78.426202,HIGH,96.0
CMP100150,Hyderabad,ACC0150M3,ATM100435,HDFC Bank,17.323934,78.472285,HIGH,92.0
CMP100161,Hyderabad,ACC0161M3,ATM100416,SBI,17.31065,78.526017,HIGH,93.0
CMP100193,Hyderabad,ACC0193M3,ATM100201,Kotak Mahindra Bank,17.315273,78.499815,HIGH,90.0
CMP100197,Hyderabad,ACC0197M3,ATM100199,HDFC Bank,17.323769,78.42673,HIGH,99.0
CMP100204,Hyderabad,ACC0204M3,ATM100165,Axis Bank,17.418338,78.540622,HIGH,98.0
CMP100212,Hyderabad,ACC0212M3,ATM100340,Bank of Maharashtra,17.353749,78.419647,HIGH,95.0
CMP100220,Hyderabad,ACC0220M3,ATM100032,Kotak Mahindra Bank,17.455373,78.507133,HIGH,99.0
CMP100222,Hyderabad,ACC0222M3,ATM100293,ICICI Bank,17.371168,78.426202,HIGH,96.0
CMP100224,Hyderabad,ACC0224M3,ATM100435,HDFC Bank,17.323934,78.472285,HIGH,92.0
CMP100241,Hyderabad,ACC0241M3,ATM100416,SBI,17.31065,78.526017,HIGH,93.0
CMP100243,Hyderabad,ACC0243M3,ATM100201,Kotak Mahindra Bank,17.315273,78.499815,HIGH,90.0
CMP100246,Hyderabad,ACC0246M3,ATM100199,HDFC Bank,17.323769,78.42673,HIGH,99.0
CMP100250,Hyderabad,ACC0250M3,ATM100165,Axis Bank,17.418338,78.540622,HIGH,98.0
CMP100260,Hyderabad,ACC0260M3,ATM100340,Bank of Maharashtra,17.353749,78.419647,HIGH,95.0
CMP100263,Hyderabad,ACC0263M3,ATM100032,Kotak Mahindra Bank,17.455373,78.507133,HIGH,99.0
CMP100279,Hyderabad,ACC0279M3,ATM100293,ICICI Bank,17.371168,78.426202,HIGH,96.0
CMP100289,Hyderabad,ACC0289M3,ATM100435,HDFC Bank,17.323934,78.472285,HIGH,92.0
CMP100303,Hyderabad,ACC0303M3,ATM100416,SBI,17.31065,78.526017,HIGH,93.0
CMP100304,Hyderabad,ACC0304M3,ATM100201,Kotak Mahindra Bank,17.315273,78.499815,HIGH,90.0
CMP100327,Hyderabad,ACC0327M3,ATM100199,HDFC Bank,17.323769,78.42673,HIGH,99.0
CMP100332,Hyderabad,ACC0332M3,ATM100165,Axis Bank,17.418338,78.540622,HIGH,98.0
CMP100340,Hyderabad,ACC0340M3,ATM100340,Bank of Maharashtra,17.353749,78.419647,HIGH,95.0
CMP100344,Hyderabad,ACC0344M3,ATM100032,Kotak Mahindra Bank,17.455373,78.507133,HIGH,99.0
CMP100353,Hyderabad,ACC0353M3,ATM100293,ICICI Bank,17.371168,78.426202,HIGH,96.0
CMP100354,Hyderabad,ACC0354M3,ATM100435,HDFC Bank,17.323934,78.472285,HIGH,92.0
CMP100362,Hyderabad,ACC0362M3,ATM100416,SBI,17.31065,78.526017,HIGH,93.0
CMP100379,Hyderabad,ACC0379M3,ATM100201,Kotak Mahindra Bank,17.315273,78.499815,HIGH,90.0
CMP100383,Hyderabad,ACC0383M3,ATM100199,HDFC Bank,17.323769,78.42673,HIGH,99.0
CMP100386,Hyderabad,ACC0386M3,ATM100165,Axis Bank,17.418338,78.540622,HIGH,98.0
CMP100391,Hyderabad,ACC0391M3,ATM100340,Bank of Maharashtra,17.353749,78.419647,HIGH,95.0
CMP100404,Hyderabad,ACC0404M3,ATM100032,Kotak Mahindra Bank,17.455373,78.507133,HIGH,99.0
CMP100405,Hyderabad,ACC0405M3,ATM100293,ICICI Bank,17.371168,78.426202,HIGH,96.0
CMP100408,Hyderabad,ACC0408M3,ATM100435,HDFC Bank,17.323934,78.472285,HIGH,92.0
CMP100409,Hyderabad,ACC0409M3,ATM100416,SBI,17.31065,78.526017,HIGH,93.0
CMP100416,Hyderabad,ACC0416M3,ATM100201,Kotak Mahindra Bank,17.315273,78.499815,HIGH,90.0
CMP100429,Hyderabad,ACC0429M3,ATM100199,HDFC Bank,17.323769,78.42673,HIGH,99.0
CMP100437,Hyderabad,ACC0437M3,ATM100165,Axis Bank,17.418338,78.540622,HIGH,98.0
CMP100450,Hyderabad,ACC0450M3,ATM100340,Bank of Maharashtra,17.353749,78.419647,HIGH,95.0
CMP100454,Hyderabad,ACC0454M3,ATM100032,Kotak Mahindra Bank,17.455373,78.507133,HIGH,99.0
CMP100458,Hyderabad,ACC0458M3,ATM100293,ICICI Bank,17.371168,78.426202,HIGH,96.0
CMP100464,Hyderabad,ACC0464M3,ATM100435,HDFC Bank,17.323934,78.472285,HIGH,92.0
CMP100473,Hyderabad,ACC0473M3,ATM100416,SBI,17.31065,78.526017,HIGH,93.0
CMP100485,Hyderabad,ACC0485M3,ATM100201,Kotak Mahindra Bank,17.315273,78.499815,HIGH,90.0
CMP100003,Kolkata,ACC0003M3,ATM100370,Kotak Mahindra Bank,22.544548,88.401877,HIGH,100.0
CMP100010,Kolkata,ACC0010M3,ATM100226,Bank of Maharashtra,22.652013,88.439867,HIGH,96.0
CMP100016,Kolkata,ACC0016M3,ATM100001,Axis Bank,22.595947,88.375225,HIGH,96.0
CMP100019,Kolkata,ACC0019M3,ATM100021,HDFC Bank,22.512488,88.400839,HIGH,97.0
CMP100026,Kolkata,ACC0026M3,ATM100216,HDFC Bank,22.579207,88.39735,HIGH,100.0
CMP100042,Kolkata,ACC0042M3,ATM100477,SBI,22.509476,88.388985,HIGH,96.0
CMP100049,Kolkata,ACC0049M3,ATM100352,Bank of Maharashtra,22.502416,88.408822,HIGH,96.0
CMP100073,Kolkata,ACC0073M3,ATM100347,HDFC Bank,22.49673,88.305527,HIGH,90.0
CMP100086,Kolkata,ACC0086M3,ATM100370,Kotak Mahindra Bank,22.544548,88.401877,HIGH,100.0
CMP100088,Kolkata,ACC0088M3,ATM100226,Bank of Maharashtra,22.652013,88.439867,HIGH,96.0
CMP100099,Kolkata,ACC0099M3,ATM100001,Axis Bank,22.595947,88.375225,HIGH,96.0
CMP100110,Kolkata,ACC0110M3,ATM100021,HDFC Bank,22.512488,88.400839,HIGH,97.0
CMP100118,Kolkata,ACC0118M3,ATM100216,HDFC Bank,22.579207,88.39735,HIGH,100.0
CMP100122,Kolkata,ACC0122M3,ATM100477,SBI,22.509476,88.388985,HIGH,96.0
CMP100134,Kolkata,ACC0134M3,ATM100352,Bank of Maharashtra,22.502416,88.408822,HIGH,96.0
CMP100156,Kolkata,ACC0156M3,ATM100347,HDFC Bank,22.49673,88.305527,HIGH,90.0
CMP100158,Kolkata,ACC0158M3,ATM100370,Kotak Mahindra Bank,22.544548,88.401877,HIGH,100.0
CMP100167,Kolkata,ACC0167M3,ATM100226,Bank of Maharashtra,22.652013,88.439867,HIGH,96.0
CMP100168,Kolkata,ACC0168M3,ATM100001,Axis Bank,22.595947,88.375225,HIGH,96.0
CMP100195,Kolkata,ACC0195M3,ATM100021,HDFC Bank,22.512488,88.400839,HIGH,97.0
CMP100206,Kolkata,ACC0206M3,ATM100216,HDFC Bank,22.579207,88.39735,HIGH,100.0
CMP100231,Kolkata,ACC0231M3,ATM100477,SBI,22.509476,88.388985,HIGH,96.0
CMP100235,Kolkata,ACC0235M3,ATM100352,Bank of Maharashtra,22.502416,88.408822,HIGH,96.0
CMP100247,Kolkata,ACC0247M3,ATM100347,HDFC Bank,22.49673,88.305527,HIGH,90.0
CMP100259,Kolkata,ACC0259M3,ATM100370,Kotak Mahindra Bank,22.544548,88.401877,HIGH,100.0
CMP100280,Kolkata,ACC0280M3,ATM100226,Bank of Maharashtra,22.652013,88.439867,HIGH,96.0
CMP100285,Kolkata,ACC0285M3,ATM100001,Axis Bank,22.595947,88.375225,HIGH,96.0
CMP100288,Kolkata,ACC0288M3,ATM100021,HDFC Bank,22.512488,88.400839,HIGH,97.0
CMP100306,Kolkata,ACC0306M3,ATM100216,HDFC Bank,22.579207,88.39735,HIGH,100.0
CMP100310,Kolkata,ACC0310M3,ATM100477,SBI,22.509476,88.388985,HIGH,96.0
CMP100312,Kolkata,ACC0312M3,ATM100352,Bank of Maharashtra,22.502416,88.408822,HIGH,96.0
CMP100333,Kolkata,ACC0333M3,ATM100347,HDFC Bank,22.49673,88.305527,HIGH,90.0
CMP100346,Kolkata,ACC0346M3,ATM100370,Kotak Mahindra Bank,22.544548,88.401877,HIGH,100.0
CMP100349,Kolkata,ACC0349M3,ATM100226,Bank of Maharashtra,22.652013,88.439867,HIGH,96.0
CMP100351,Kolkata,ACC0351M3,ATM100001,Axis Bank,22.595947,88.375225,HIGH,96.0
CMP100352,Kolkata,ACC0352M3,ATM100021,HDFC Bank,22.512488,88.400839,HIGH,97.0
CMP100355,Kolkata,ACC0355M3,ATM100216,HDFC Bank,22.579207,88.39735,HIGH,100.0
CMP100375,Kolkata,ACC0375M3,ATM100477,SBI,22.509476,88.388985,HIGH,96.0
CMP100378,Kolkata,ACC0378M3,ATM100352,Bank of Maharashtra,22.502416,88.408822,HIGH,96.0
CMP100387,Kolkata,ACC0387M3,ATM100347,HDFC Bank,22.49673,88.305527,HIGH,90.0
CMP100388,Kolkata,ACC0388M3,ATM100370,Kotak Mahindra Bank,22.544548,88.401877,HIGH,100.0
CMP100390,Kolkata,ACC0390M3,ATM100226,Bank of Maharashtra,22.652013,88.439867,HIGH,96.0
CMP100392,Kolkata,ACC0392M3,ATM100001,Axis Bank,22.595947,88.375225,HIGH,96.0
CMP100394,Kolkata,ACC0394M3,ATM100021,HDFC Bank,22.512488,88.400839,HIGH,97.0
CMP100417,Kolkata,ACC0417M3,ATM100216,HDFC Bank,22.579207,88.39735,HIGH,100.0
CMP100434,Kolkata,ACC0434M3,ATM100477,SBI,22.509476,88.388985,HIGH,96.0
CMP100449,Kolkata,ACC0449M3,ATM100352,Bank of Maharashtra,22.502416,88.408822,HIGH,96.0
CMP100452,Kolkata,ACC0452M3,ATM100347,HDFC Bank,22.49673,88.305527,HIGH,90.0
CMP100455,Kolkata,ACC0455M3,ATM100370,Kotak Mahindra Bank,22.544548,88.401877,HIGH,100.0
CMP100460,Kolkata,ACC0460M3,ATM100226,Bank of Maharashtra,22.652013,88.439867,HIGH,96.0
CMP100484,Kolkata,ACC0484M3,ATM100001,Axis Bank,22.595947,88.375225,HIGH,96.0
CMP100055,Mumbai,ACC0055M3,ATM100429,Axis Bank,19.121584,72.910929,HIGH,100.0
CMP100059,Mumbai,ACC0059M3,ATM100260,ICICI Bank,19.000796,72.846969,HIGH,98.0
CMP100060,Mumbai,ACC0060M3,ATM100112,Kotak Mahindra Bank,19.107151,72.841243,HIGH,99.0
CMP100067,Mumbai,ACC0067M3,ATM100162,Bank of Maharashtra,19.051649,72.906183,HIGH,98.0
CMP100092,Mumbai,ACC0092M3,ATM100262,HDFC Bank,19.011024,72.905316,HIGH,98.0
CMP100106,Mumbai,ACC0106M3,ATM100028,Axis Bank,19.056311,72.871729,HIGH,97.0
CMP100113,Mumbai,ACC0113M3,ATM100184,Axis Bank,19.067344,72.84148,HIGH,94.0
CMP100115,Mumbai,ACC0115M3,ATM100427,Punjab National Bank,19.039171,72.929708,HIGH,97.0
CMP100117,Mumbai,ACC0117M3,ATM100429,Axis Bank,19.121584,72.910929,HIGH,100.0
CMP100120,Mumbai,ACC0120M3,ATM100260,ICICI Bank,19.000796,72.846969,HIGH,98.0
CMP100124,Mumbai,ACC0124M3,ATM100112,Kotak Mahindra Bank,19.107151,72.841243,HIGH,99.0
CMP100132,Mumbai,ACC0132M3,ATM100162,Bank of Maharashtra,19.051649,72.906183,HIGH,98.0
CMP100145,Mumbai,ACC0145M3,ATM100262,HDFC Bank,19.011024,72.905316,HIGH,98.0
CMP100152,Mumbai,ACC0152M3,ATM100028,Axis Bank,19.056311,72.871729,HIGH,97.0
CMP100155,Mumbai,ACC0155M3,ATM100184,Axis Bank,19.067344,72.84148,HIGH,94.0
CMP100160,Mumbai,ACC0160M3,ATM100427,Punjab National Bank,19.039171,72.929708,HIGH,97.0
CMP100190,Mumbai,ACC0190M3,ATM100429,Axis Bank,19.121584,72.910929,HIGH,100.0
CMP100199,Mumbai,ACC0199M3,ATM100260,ICICI Bank,19.000796,72.846969,HIGH,98.0
CMP100200,Mumbai,ACC0200M3,ATM100112,Kotak Mahindra Bank,19.107151,72.841243,HIGH,99.0
CMP100234,Mumbai,ACC0234M3,ATM100162,Bank of Maharashtra,19.051649,72.906183,HIGH,98.0
CMP100249,Mumbai,ACC0249M3,ATM100262,HDFC Bank,19.011024,72.905316,HIGH,98.0
CMP100251,Mumbai,ACC0251M3,ATM100028,Axis Bank,19.056311,72.871729,HIGH,97.0
CMP100262,Mumbai,ACC0262M3,ATM100184,Axis Bank,19.067344,72.84148,HIGH,94.0
CMP100322,Mumbai,ACC0322M3,ATM100427,Punjab National Bank,19.039171,72.929708,HIGH,97.0
CMP100336,Mumbai,ACC0336M3,ATM100429,Axis Bank,19.121584,72.910929,HIGH,100.0
CMP100345,Mumbai,ACC0345M3,ATM100260,ICICI Bank,19.000796,72.846969,HIGH,98.0
CMP100367,Mumbai,ACC0367M3,ATM100112,Kotak Mahindra Bank,19.107151,72.841243,HIGH,99.0
CMP100385,Mumbai,ACC0385M3,ATM100162,Bank of Maharashtra,19.051649,72.906183,HIGH,98.0
CMP100393,Mumbai,ACC0393M3,ATM100262,HDFC Bank,19.011024,72.905316,HIGH,98.0
CMP100395,Mumbai,ACC0395M3,ATM100028,Axis Bank,19.056311,72.871729,HIGH,97.0
CMP100402,Mumbai,ACC0402M3,ATM100184,Axis Bank,19.067344,72.84148,HIGH,94.0
CMP100406,Mumbai,ACC0406M3,ATM100427,Punjab National Bank,19.039171,72.929708,HIGH,97.0
CMP100422,Mumbai,ACC0422M3,ATM100429,Axis Bank,19.121584,72.910929,HIGH,100.0
CMP100425,Mumbai,ACC0425M3,ATM100260,ICICI Bank,19.000796,72.846969,HIGH,98.0
CMP100465,Mumbai,ACC0465M3,ATM100112,Kotak Mahindra Bank,19.107151,72.841243,HIGH,99.0
CMP100476,Mumbai,ACC0476M3,ATM100162,Bank of Maharashtra,19.051649,72.906183,HIGH,98.0
CMP100477,Mumbai,ACC0477M3,ATM100262,HDFC Bank,19.011024,72.905316,HIGH,98.0
CMP100033,Nagpur,ACC0033M3,ATM100297,Bank of Maharashtra,21.194759,79.096236,HIGH,96.0
CMP100034,Nagpur,ACC0034M3,ATM100367,Axis Bank,21.219332,79.086257,HIGH,90.0
CMP100053,Nagpur,ACC0053M3,ATM100051,SBI,21.137934,79.026318,HIGH,82.0
CMP100076,Nagpur,ACC0076M3,ATM100172,SBI,21.22279,79.10929,HIGH,84.0
CMP100091,Nagpur,ACC0091M3,ATM100300,SBI,21.099727,79.105957,HIGH,76.0
CMP100095,Nagpur,ACC0095M3,ATM100122,ICICI Bank,21.113376,79.156103,HIGH,74.0
CMP100100,Nagpur,ACC0100M3,ATM100465,Kotak Mahindra Bank,21.139128,79.085751,HIGH,61.0
CMP100104,Nagpur,ACC0104M3,ATM100402,HDFC Bank,21.170786,79.036589,HIGH,50.0
CMP100105,Nagpur,ACC0105M3,ATM100297,Bank of Maharashtra,21.194759,79.096236,HIGH,96.0
CMP100114,Nagpur,ACC0114M3,ATM100367,Axis Bank,21.219332,79.086257,HIGH,90.0
CMP100129,Nagpur,ACC0129M3,ATM100051,SBI,21.137934,79.026318,HIGH,82.0
CMP100138,Nagpur,ACC0138M3,ATM100172,SBI,21.22279,79.10929,HIGH,84.0
CMP100201,Nagpur,ACC0201M3,ATM100300,SBI,21.099727,79.105957,HIGH,76.0
CMP100207,Nagpur,ACC0207M3,ATM100122,ICICI Bank,21.113376,79.156103,HIGH,74.0
CMP100214,Nagpur,ACC0214M3,ATM100465,Kotak Mahindra Bank,21.139128,79.085751,HIGH,61.0
CMP100228,Nagpur,ACC0228M3,ATM100402,HDFC Bank,21.170786,79.036589,HIGH,50.0
CMP100229,Nagpur,ACC0229M3,ATM100297,Bank of Maharashtra,21.194759,79.096236,HIGH,96.0
CMP100242,Nagpur,ACC0242M3,ATM100367,Axis Bank,21.219332,79.086257,HIGH,90.0
CMP100252,Nagpur,ACC0252M3,ATM100051,SBI,21.137934,79.026318,HIGH,82.0
CMP100261,Nagpur,ACC0261M3,ATM100172,SBI,21.22279,79.10929,HIGH,84.0
CMP100266,Nagpur,ACC0266M3,ATM100300,SBI,21.099727,79.105957,HIGH,76.0
CMP100274,Nagpur,ACC0274M3,ATM100122,ICICI Bank,21.113376,79.156103,HIGH,74.0
CMP100295,Nagpur,ACC0295M3,ATM100465,Kotak Mahindra Bank,21.139128,79.085751,HIGH,61.0
CMP100297,Nagpur,ACC0297M3,ATM100402,HDFC Bank,21.170786,79.036589,HIGH,50.0
CMP100309,Nagpur,ACC0309M3,ATM100297,Bank of Maharashtra,21.194759,79.096236,HIGH,96.0
CMP100315,Nagpur,ACC0315M3,ATM100367,Axis Bank,21.219332,79.086257,HIGH,90.0
CMP100331,Nagpur,ACC0331M3,ATM100051,SBI,21.137934,79.026318,HIGH,82.0
CMP100337,Nagpur,ACC0337M3,ATM100172,SBI,21.22279,79.10929,HIGH,84.0
CMP100339,Nagpur,ACC0339M3,ATM100300,SBI,21.099727,79.105957,HIGH,76.0
CMP100397,Nagpur,ACC0397M3,ATM100122,ICICI Bank,21.113376,79.156103,HIGH,74.0
CMP100413,Nagpur,ACC0413M3,ATM100465,Kotak Mahindra Bank,21.139128,79.085751,HIGH,61.0
CMP100420,Nagpur,ACC0420M3,ATM100402,HDFC Bank,21.170786,79.036589,HIGH,50.0
CMP100431,Nagpur,ACC0431M3,ATM100297,Bank of Maharashtra,21.194759,79.096236,HIGH,96.0
CMP100451,Nagpur,ACC0451M3,ATM100367,Axis Bank,21.219332,79.086257,HIGH,90.0
CMP100475,Nagpur,ACC0475M3,ATM100051,SBI,21.137934,79.026318,HIGH,82.0
CMP100496,Nagpur,ACC0496M3,ATM100172,SBI,21.22279,79.10929,HIGH,84.0
CMP100497,Nagpur,ACC0497M3,ATM100300,SBI,21.099727,79.105957,HIGH,76.0
CMP100500,Nagpur,ACC0500M3,ATM100122,ICICI Bank,21.113376,79.156103,HIGH,74.0
CMP100011,Nashik,ACC0011M3,ATM100246,Bank of Maharashtra,20.000664,73.763721,HIGH,99.0
CMP100025,Nashik,ACC0025M3,ATM100128,Kotak Mahindra Bank,19.967946,73.796119,HIGH,100.0
CMP100028,Nashik,ACC0028M3,ATM100126,Axis Bank,19.936791,73.722113,HIGH,100.0
CMP100029,Nashik,ACC0029M3,ATM100393,Punjab National Bank,20.047383,73.814837,HIGH,99.0
CMP100058,Nashik,ACC0058M3,ATM100145,SBI,20.068337,73.813743,HIGH,97.0
CMP100063,Nashik,ACC0063M3,ATM100494,Bank of Maharashtra,20.034539,73.739786,HIGH,94.0
CMP100070,Nashik,ACC0070M3,ATM100193,SBI,20.021767,73.768764,HIGH,98.0
CMP100089,Nashik,ACC0089M3,ATM100240,Kotak Mahindra Bank,20.05682,73.781049,HIGH,94.0
CMP100097,Nashik,ACC0097M3,ATM100246,Bank of Maharashtra,20.000664,73.763721,HIGH,99.0
CMP100102,Nashik,ACC0102M3,ATM100128,Kotak Mahindra Bank,19.967946,73.796119,HIGH,100.0
CMP100108,Nashik,ACC0108M3,ATM100126,Axis Bank,19.936791,73.722113,HIGH,100.0
CMP100116,Nashik,ACC0116M3,ATM100393,Punjab National Bank,20.047383,73.814837,HIGH,99.0
CMP100119,Nashik,ACC0119M3,ATM100145,SBI,20.068337,73.813743,HIGH,97.0
CMP100127,Nashik,ACC0127M3,ATM100494,Bank of Maharashtra,20.034539,73.739786,HIGH,94.0
CMP100135,Nashik,ACC0135M3,ATM100193,SBI,20.021767,73.768764,HIGH,98.0
CMP100143,Nashik,ACC0143M3,ATM100240,Kotak Mahindra Bank,20.05682,73.781049,HIGH,94.0
CMP100154,Nashik,ACC0154M3,ATM100246,Bank of Maharashtra,20.000664,73.763721,HIGH,99.0
CMP100157,Nashik,ACC0157M3,ATM100128,Kotak Mahindra Bank,19.967946,73.796119,HIGH,100.0
CMP100165,Nashik,ACC0165M3,ATM100126,Axis Bank,19.936791,73.722113,HIGH,100.0
CMP100184,Nashik,ACC0184M3,ATM100393,Punjab National Bank,20.047383,73.814837,HIGH,99.0
CMP100211,Nashik,ACC0211M3,ATM100145,SBI,20.068337,73.813743,HIGH,97.0
CMP100233,Nashik,ACC0233M3,ATM100494,Bank of Maharashtra,20.034539,73.739786,HIGH,94.0
CMP100238,Nashik,ACC0238M3,ATM100193,SBI,20.021767,73.768764,HIGH,98.0
CMP100248,Nashik,ACC0248M3,ATM100240,Kotak Mahindra Bank,20.05682,73.781049,HIGH,94.0
CMP100275,Nashik,ACC0275M3,ATM100246,Bank of Maharashtra,20.000664,73.763721,HIGH,99.0
CMP100281,Nashik,ACC0281M3,ATM100128,Kotak Mahindra Bank,19.967946,73.796119,HIGH,100.0
CMP100311,Nashik,ACC0311M3,ATM100126,Axis Bank,19.936791,73.722113,HIGH,100.0
CMP100316,Nashik,ACC0316M3,ATM100393,Punjab National Bank,20.047383,73.814837,HIGH,99.0
CMP100325,Nashik,ACC0325M3,ATM100145,SBI,20.068337,73.813743,HIGH,97.0
CMP100335,Nashik,ACC0335M3,ATM100494,Bank of Maharashtra,20.034539,73.739786,HIGH,94.0
CMP100338,Nashik,ACC0338M3,ATM100193,SBI,20.021767,73.768764,HIGH,98.0
CMP100347,Nashik,ACC0347M3,ATM100240,Kotak Mahindra Bank,20.05682,73.781049,HIGH,94.0
CMP100380,Nashik,ACC0380M3,ATM100246,Bank of Maharashtra,20.000664,73.763721,HIGH,99.0
CMP100400,Nashik,ACC0400M3,ATM100128,Kotak Mahindra Bank,19.967946,73.796119,HIGH,100.0
CMP100410,Nashik,ACC0410M3,ATM100126,Axis Bank,19.936791,73.722113,HIGH,100.0
CMP100438,Nashik,ACC0438M3,ATM100393,Punjab National Bank,20.047383,73.814837,HIGH,99.0
CMP100445,Nashik,ACC0445M3,ATM100145,SBI,20.068337,73.813743,HIGH,97.0
CMP100446,Nashik,ACC0446M3,ATM100494,Bank of Maharashtra,20.034539,73.739786,HIGH,94.0
CMP100456,Nashik,ACC0456M3,ATM100193,SBI,20.021767,73.768764,HIGH,98.0
CMP100466,Nashik,ACC0466M3,ATM100240,Kotak Mahindra Bank,20.05682,73.781049,HIGH,94.0
CMP100470,Nashik,ACC0470M3,ATM100246,Bank of Maharashtra,20.000664,73.763721,HIGH,99.0
CMP100483,Nashik,ACC0483M3,ATM100128,Kotak Mahindra Bank,19.967946,73.796119,HIGH,100.0
CMP100004,Pune,ACC0004M3,ATM100036,Punjab National Bank,18.559431,73.782065,HIGH,99.0
CMP100014,Pune,ACC0014M3,ATM100378,HDFC Bank,18.523345,73.800727,HIGH,99.0
CMP100018,Pune,ACC0018M3,ATM100325,ICICI Bank,18.561386,73.832311,HIGH,97.0
CMP100027,Pune,ACC0027M3,ATM100092,SBI,18.573989,73.934204,HIGH,99.0
CMP100032,Pune,ACC0032M3,ATM100234,HDFC Bank,18.507875,73.820992,HIGH,96.0
CMP100065,Pune,ACC0065M3,ATM100175,Kotak Mahindra Bank,18.594479,73.8314,HIGH,95.0
CMP100075,Pune,ACC0075M3,ATM100129,Axis Bank,18.4914,73.876843,HIGH,96.0
CMP100082,Pune,ACC0082M3,ATM100457,Bank of Maharashtra,18.557331,73.933708,HIGH,91.0
CMP100101,Pune,ACC0101M3,ATM100036,Punjab National Bank,18.559431,73.782065,HIGH,99.0
CMP100137,Pune,ACC0137M3,ATM100378,HDFC Bank,18.523345,73.800727,HIGH,99.0
CMP100140,Pune,ACC0140M3,ATM100325,ICICI Bank,18.561386,73.832311,HIGH,97.0
CMP100144,Pune,ACC0144M3,ATM100092,SBI,18.573989,73.934204,HIGH,99.0
CMP100147,Pune,ACC0147M3,ATM100234,HDFC Bank,18.507875,73.820992,HIGH,96.0
CMP100159,Pune,ACC0159M3,ATM100175,Kotak Mahindra Bank,18.594479,73.8314,HIGH,95.0
CMP100162,Pune,ACC0162M3,ATM100129,Axis Bank,18.4914,73.876843,HIGH,96.0
CMP100173,Pune,ACC0173M3,ATM100457,Bank of Maharashtra,18.557331,73.933708,HIGH,91.0
CMP100181,Pune,ACC0181M3,ATM100036,Punjab National Bank,18.559431,73.782065,HIGH,99.0
CMP100182,Pune,ACC0182M3,ATM100378,HDFC Bank,18.523345,73.800727,HIGH,99.0
CMP100185,Pune,ACC0185M3,ATM100325,ICICI Bank,18.561386,73.832311,HIGH,97.0
CMP100191,Pune,ACC0191M3,ATM100092,SBI,18.573989,73.934204,HIGH,99.0
CMP100194,Pune,ACC0194M3,ATM100234,HDFC Bank,18.507875,73.820992,HIGH,96.0
CMP100196,Pune,ACC0196M3,ATM100175,Kotak Mahindra Bank,18.594479,73.8314,HIGH,95.0
CMP100210,Pune,ACC0210M3,ATM100129,Axis Bank,18.4914,73.876843,HIGH,96.0
CMP100213,Pune,ACC0213M3,ATM100457,Bank of Maharashtra,18.557331,73.933708,HIGH,91.0
CMP100215,Pune,ACC0215M3,ATM100036,Punjab National Bank,18.559431,73.782065,HIGH,99.0
CMP100216,Pune,ACC0216M3,ATM100378,HDFC Bank,18.523345,73.800727,HIGH,99.0
CMP100219,Pune,ACC0219M3,ATM100325,ICICI Bank,18.561386,73.832311,HIGH,97.0
CMP100225,Pune,ACC0225M3,ATM100092,SBI,18.573989,73.934204,HIGH,99.0
CMP100226,Pune,ACC0226M3,ATM100234,HDFC Bank,18.507875,73.820992,HIGH,96.0
CMP100227,Pune,ACC0227M3,ATM100175,Kotak Mahindra Bank,18.594479,73.8314,HIGH,95.0
CMP100239,Pune,ACC0239M3,ATM100129,Axis Bank,18.4914,73.876843,HIGH,96.0
CMP100244,Pune,ACC0244M3,ATM100457,Bank of Maharashtra,18.557331,73.933708,HIGH,91.0
CMP100256,Pune,ACC0256M3,ATM100036,Punjab National Bank,18.559431,73.782065,HIGH,99.0
CMP100257,Pune,ACC0257M3,ATM100378,HDFC Bank,18.523345,73.800727,HIGH,99.0
CMP100270,Pune,ACC0270M3,ATM100325,ICICI Bank,18.561386,73.832311,HIGH,97.0
CMP100271,Pune,ACC0271M3,ATM100092,SBI,18.573989,73.934204,HIGH,99.0
CMP100276,Pune,ACC0276M3,ATM100234,HDFC Bank,18.507875,73.820992,HIGH,96.0
CMP100298,Pune,ACC0298M3,ATM100175,Kotak Mahindra Bank,18.594479,73.8314,HIGH,95.0
CMP100307,Pune,ACC0307M3,ATM100129,Axis Bank,18.4914,73.876843,HIGH,96.0
CMP100308,Pune,ACC0308M3,ATM100457,Bank of Maharashtra,18.557331,73.933708,HIGH,91.0
CMP100320,Pune,ACC0320M3,ATM100036,Punjab National Bank,18.559431,73.782065,HIGH,99.0
CMP100328,Pune,ACC0328M3,ATM100378,HDFC Bank,18.523345,73.800727,HIGH,99.0
CMP100330,Pune,ACC0330M3,ATM100325,ICICI Bank,18.561386,73.832311,HIGH,97.0
CMP100343,Pune,ACC0343M3,ATM100092,SBI,18.573989,73.934204,HIGH,99.0
CMP100348,Pune,ACC0348M3,ATM100234,HDFC Bank,18.507875,73.820992,HIGH,96.0
CMP100357,Pune,ACC0357M3,ATM100175,Kotak Mahindra Bank,18.594479,73.8314,HIGH,95.0
CMP100363,Pune,ACC0363M3,ATM100129,Axis Bank,18.4914,73.876843,HIGH,96.0
CMP100407,Pune,ACC0407M3,ATM100457,Bank of Maharashtra,18.557331,73.933708,HIGH,91.0
CMP100419,Pune,ACC0419M3,ATM100036,Punjab National Bank,18.559431,73.782065,HIGH,99.0
CMP100427,Pune,ACC0427M3,ATM100378,HDFC Bank,18.523345,73.800727,HIGH,99.0
CMP100433,Pune,ACC0433M3,ATM100325,ICICI Bank,18.561386,73.832311,HIGH,97.0
CMP100435,Pune,ACC0435M3,ATM100092,SBI,18.573989,73.934204,HIGH,99.0
CMP100447,Pune,ACC0447M3,ATM100234,HDFC Bank,18.507875,73.820992,HIGH,96.0
CMP100461,Pune,ACC0461M3,ATM100175,Kotak Mahindra Bank,18.594479,73.8314,HIGH,95.0
CMP100468,Pune,ACC0468M3,ATM100129,Axis Bank,18.4914,73.876843,HIGH,96.0
CMP100471,Pune,ACC0471M3,ATM100457,Bank of Maharashtra,18.557331,73.933708,HIGH,91.0
CMP100486,Pune,ACC0486M3,ATM100036,Punjab National Bank,18.559431,73.782065,HIGH,99.0
CMP100488,Pune,ACC0488M3,ATM100378,HDFC Bank,18.523345,73.800727,HIGH,99.0
CMP100499,Pune,ACC0499M3,ATM100325,ICICI Bank,18.561386,73.832311,HIGH,97.0
