id,atm_id,bank_name,city,latitude,longitude,highway_distance,lighting_score,cctv_coverage,historical_fraud_count,withdrawal_limit,risk_score,risk_level
1,ATM100001,Axis Bank,Kolkata,22.595947,88.375225,3.63,46,69,47,20000,83.09,HIGH
2,ATM100002,Kotak Mahindra Bank,Bangalore,13.049442,77.611524,2.45,73,58,26,50000,52.12,MEDIUM
3,ATM100003,Bank of Maharashtra,Hyderabad,17.321285,78.431157,2.53,98,68,20,20000,36.3,LOW
4,ATM100004,Axis Bank,Pune,18.466109,73.806551,2.92,47,49,21,50000,55.58,MEDIUM
5,ATM100005,HDFC Bank,Nagpur,21.09354,79.151682,0.89,80,38,34,50000,62.63,MEDIUM
6,ATM100006,Kotak Mahindra Bank,Chennai,13.086622,80.256363,9.83,43,72,36,50000,79.19,HIGH
7,ATM100007,SBI,Delhi,28.551826,77.192657,9.7,41,51,6,25000,48.75,MEDIUM
8,ATM100008,SBI,Kolkata,22.631081,88.414632,2.65,92,33,11,25000,35.92,LOW
9,ATM100009,Kotak Mahindra Bank,Hyderabad,17.332342,78.513683,9.3,66,56,14,40000,50.25,MEDIUM
10,ATM100010,Bank of Maharashtra,Ahmedabad,23.031582,72.582858,2.87,38,88,3,40000,26.41,LOW
11,ATM100011,HDFC Bank,Pune,18.563519,73.806627,3.3,51,71,26,50000,55.65,MEDIUM
12,ATM100012,Kotak Mahindra Bank,Mumbai,19.06407,72.878918,2.5,46,98,26,50000,48.95,MEDIUM
13,ATM100013,ICICI Bank,Mumbai,19.014374,72.895399,2.96,79,56,8,25000,30.29,LOW
14,ATM100014,Bank of Maharashtra,Hyderabad,17.397998,78.431398,4.86,90,50,38,40000,67.89,MEDIUM
15,ATM100015,SBI,Nagpur,21.151014,79.016492,3.43,94,88,17,25000,30.04,LOW
16,ATM100016,Bank of Maharashtra,Nashik,19.939006,73.71994,9.9,87,38,25,25000,63.6,MEDIUM
17,ATM100017,Kotak Mahindra Bank,Bangalore,12.943177,77.64418,2.62,92,88,29,20000,43.73,MEDIUM
18,ATM100018,Axis Bank,Mumbai,19.10504,72.919336,6.0,66,88,22,40000,46.9,MEDIUM
19,ATM100019,Bank of Maharashtra,Kolkata,22.568052,88.349795,3.55,52,83,15,25000,39.58,LOW
20,ATM100020,Kotak Mahindra Bank,Hyderabad,17.453725,78.539599,9.65,88,79,42,25000,73.12,HIGH
21,ATM100021,HDFC Bank,Kolkata,22.512488,88.400839,9.39,42,80,44,20000,86.38,HIGH
22,ATM100022,Kotak Mahindra Bank,Nashik,19.946497,73.720439,7.44,65,98,18,20000,42.01,MEDIUM
23,ATM100023,ICICI Bank,Nagpur,21.157716,79.142893,1.48,93,82,48,20000,66.07,MEDIUM
24,ATM100024,Axis Bank,Mumbai,19.123243,72.82996,1.72,43,94,49,40000,77.13,HIGH
25,ATM100025,Axis Bank,Chennai,13.028983,80.321032,6.69,51,62,13,20000,47.39,MEDIUM
26,ATM100026,Kotak Mahindra Bank,Pune,18.52409,73.834113,8.78,39,89,24,40000,59.97,MEDIUM
27,ATM100027,ICICI Bank,Hyderabad,17.367791,78.537356,4.45,54,80,2,20000,25.57,LOW
28,ATM100028,Axis Bank,Mumbai,19.056311,72.871729,3.08,47,71,42,50000,75.52,HIGH
29,ATM100029,Kotak Mahindra Bank,Chennai,13.122318,80.271135,2.4,38,40,35,25000,76.1,HIGH
30,ATM100030,HDFC Bank,Chennai,13.146632,80.252123,5.48,47,90,17,25000,44.37,MEDIUM
31,ATM100031,Bank of Maharashtra,Pune,18.585436,73.876578,1.26,42,52,18,20000,49.99,MEDIUM
32,ATM100032,Kotak Mahindra Bank,Hyderabad,17.455373,78.507133,3.42,51,39,42,20000,83.03,HIGH
33,ATM100033,HDFC Bank,Delhi,28.556184,77.256044,6.24,49,86,22,25000,52.01,MEDIUM
34,ATM100034,Punjab National Bank,Pune,18.525754,73.919723,7.91,98,57,28,20000,56.72,MEDIUM
35,ATM100035,Axis Bank,Ahmedabad,22.966768,72.541276,2.56,43,79,44,40000,76.14,HIGH
36,ATM100036,Punjab National Bank,Pune,18.559431,73.782065,5.74,30,36,49,50000,100.0,HIGH
37,ATM100037,SBI,Nagpur,21.187793,79.148483,3.49,61,77,15,25000,38.73,LOW
38,ATM100038,Punjab National Bank,Pune,18.571801,73.794401,8.48,83,33,0,40000,33.72,LOW
39,ATM100039,Kotak Mahindra Bank,Nagpur,21.086198,79.071766,7.99,38,58,6,25000,45.19,MEDIUM
40,ATM100040,Punjab National Bank,Nashik,19.941487,73.74648,7.25,35,83,32,20000,69.78,MEDIUM
41,ATM100041,Bank of Maharashtra,Bangalore,13.006806,77.617184,6.97,71,54,39,25000,76.0,HIGH
42,ATM100042,SBI,Hyderabad,17.391836,78.446988,3.52,84,45,14,25000,39.83,LOW
43,ATM100043,Kotak Mahindra Bank,Bangalore,12.920656,77.659952,5.88,71,52,0,50000,28.07,LOW
44,ATM100044,HDFC Bank,Bangalore,12.955736,77.588521,9.48,31,79,13,50000,52.32,MEDIUM
45,ATM100045,HDFC Bank,Mumbai,19.020536,72.891497,5.11,65,77,2,20000,24.56,LOW
46,ATM100046,ICICI Bank,Hyderabad,17.402833,78.409598,8.73,68,93,6,25000,30.05,LOW
47,ATM100047,ICICI Bank,Mumbai,19.145139,72.888121,7.0,71,79,43,25000,74.6,HIGH
48,ATM100048,SBI,Nashik,20.0651,73.822958,1.61,70,91,4,40000,16.96,LOW
49,ATM100049,Bank of Maharashtra,Kolkata,22.584806,88.380974,4.3,87,78,32,25000,53.6,MEDIUM
50,ATM100050,ICICI Bank,Kolkata,22.610431,88.433399,9.26,31,59,1,20000,42.59,MEDIUM
51,ATM100051,SBI,Nagpur,21.137934,79.026318,9.85,84,61,39,20000,75.32,HIGH
52,ATM100052,HDFC Bank,Nashik,20.051724,73.729746,9.22,77,93,18,25000,42.93,MEDIUM
53,ATM100053,Kotak Mahindra Bank,Hyderabad,17.444183,78.489714,5.95,56,34,15,50000,54.42,MEDIUM
54,ATM100054,Bank of Maharashtra,Bangalore,12.95544,77.523362,3.42,47,65,20,20000,51.13,MEDIUM
55,ATM100055,ICICI Bank,Hyderabad,17.433457,78.407441,3.4,66,33,14,40000,47.15,MEDIUM
56,ATM100056,Punjab National Bank,Nagpur,21.129507,79.094183,9.21,56,99,3,25000,28.66,LOW
57,ATM100057,Axis Bank,Nagpur,21.121215,79.063713,7.4,78,96,20,25000,41.6,MEDIUM
58,ATM100058,SBI,Pune,18.512755,73.812637,4.58,38,92,4,25000,29.17,LOW
59,ATM100059,Bank of Maharashtra,Nashik,19.940037,73.738022,5.03,56,46,5,25000,38.05,LOW
60,ATM100060,Axis Bank,Ahmedabad,23.009528,72.637775,3.69,56,60,32,20000,64.94,MEDIUM
61,ATM100061,HDFC Bank,Chennai,13.095594,80.291862,0.23,69,51,46,25000,75.54,HIGH
62,ATM100062,Bank of Maharashtra,Hyderabad,17.411166,78.435186,9.61,52,61,19,40000,58.96,MEDIUM
63,ATM100063,SBI,Chennai,13.026486,80.25704,0.94,55,64,50,50000,81.66,HIGH
64,ATM100064,Axis Bank,Bangalore,13.0511,77.594951,5.99,80,78,10,50000,31.48,LOW
65,ATM100065,Punjab National Bank,Hyderabad,17.315732,78.526694,2.18,94,85,48,25000,66.12,MEDIUM
66,ATM100066,Punjab National Bank,Chennai,13.146389,80.223522,1.99,32,78,27,20000,57.88,MEDIUM
67,ATM100067,ICICI Bank,Delhi,28.539748,77.204531,5.69,98,49,35,25000,63.78,MEDIUM
68,ATM100068,Axis Bank,Hyderabad,17.315513,78.530784,4.59,89,69,29,40000,52.18,MEDIUM
69,ATM100069,Kotak Mahindra Bank,Ahmedabad,23.026402,72.561922,4.07,91,39,21,25000,48.81,MEDIUM
70,ATM100070,SBI,Chennai,13.092242,80.215538,1.9,55,49,12,20000,41.25,MEDIUM
71,ATM100071,Axis Bank,Ahmedabad,23.080386,72.642778,3.8,77,92,25,50000,43.45,MEDIUM
72,ATM100072,Axis Bank,Bangalore,12.934919,77.61764,4.15,79,92,19,20000,36.27,LOW
73,ATM100073,HDFC Bank,Pune,18.444462,73.801684,7.19,45,79,36,25000,72.98,HIGH
74,ATM100074,Kotak Mahindra Bank,Hyderabad,17.410428,78.411035,2.3,62,74,32,50000,57.85,MEDIUM
75,ATM100075,HDFC Bank,Bangalore,12.928572,77.622103,0.3,37,79,27,25000,53.85,MEDIUM
76,ATM100076,Kotak Mahindra Bank,Chennai,13.019357,80.318687,1.87,34,76,40,20000,73.31,HIGH
77,ATM100077,ICICI Bank,Nashik,20.021939,73.747909,1.08,63,88,43,25000,65.47,MEDIUM
78,ATM100078,Kotak Mahindra Bank,Nagpur,21.104708,79.123763,8.57,50,31,7,20000,51.0,MEDIUM
79,ATM100079,Axis Bank,Hyderabad,17.437835,78.470249,6.71,80,40,33,25000,69.67,MEDIUM
80,ATM100080,Bank of Maharashtra,Nashik,19.950297,73.756704,8.97,84,62,44,40000,79.75,HIGH
81,ATM100081,Punjab National Bank,Ahmedabad,22.94458,72.505081,2.16,78,69,46,50000,71.69,HIGH
82,ATM100082,Kotak Mahindra Bank,Mumbai,19.000245,72.82673,5.87,43,74,9,40000,40.35,MEDIUM
83,ATM100083,Punjab National Bank,Nagpur,21.133228,79.151027,8.19,80,69,0,25000,25.04,LOW
84,ATM100084,Bank of Maharashtra,Chennai,13.057391,80.232208,3.86,30,42,4,50000,42.59,MEDIUM
85,ATM100085,ICICI Bank,Hyderabad,17.399447,78.44959,6.28,66,85,10,25000,33.67,LOW
86,ATM100086,Bank of Maharashtra,Nashik,19.983006,73.798128,4.42,47,55,31,25000,68.33,MEDIUM
87,ATM100087,SBI,Mumbai,19.043115,72.949453,7.66,87,57,11,25000,38.69,LOW
88,ATM100088,Kotak Mahindra Bank,Nashik,19.939918,73.848755,4.93,54,63,26,50000,59.34,MEDIUM
89,ATM100089,SBI,Kolkata,22.635728,88.411877,4.31,43,51,5,40000,38.97,LOW
90,ATM100090,SBI,Hyderabad,17.308595,78.449688,5.46,45,65,4,40000,35.49,LOW
91,ATM100091,SBI,Kolkata,22.593957,88.325162,1.48,60,91,31,20000,51.67,MEDIUM
92,ATM100092,SBI,Pune,18.573989,73.934204,5.3,64,30,42,20000,84.85,HIGH
93,ATM100093,Axis Bank,Nagpur,21.093269,79.051769,0.28,96,30,24,40000,47.72,MEDIUM
94,ATM100094,Kotak Mahindra Bank,Chennai,13.148988,80.20954,5.81,73,84,21,40000,44.67,MEDIUM
95,ATM100095,Axis Bank,Bangalore,12.935449,77.603268,6.55,70,60,23,50000,54.92,MEDIUM
96,ATM100096,SBI,Kolkata,22.625359,88.316927,0.21,37,75,21,20000,47.52,MEDIUM
97,ATM100097,Punjab National Bank,Chennai,13.024602,80.334703,8.75,81,47,1,20000,32.33,LOW
98,ATM100098,Bank of Maharashtra,Ahmedabad,23.038086,72.587483,6.68,65,61,23,50000,56.12,MEDIUM
99,ATM100099,SBI,Chennai,13.030759,80.337006,4.25,95,82,42,25000,62.52,MEDIUM
100,ATM100100,Kotak Mahindra Bank,Bangalore,12.952902,77.597627,0.56,32,76,2,40000,26.24,LOW
101,ATM100101,ICICI Bank,Chennai,13.029305,80.308785,0.92,59,92,25,20000,43.63,MEDIUM
102,ATM100102,ICICI Bank,Hyderabad,17.401504,78.445956,3.95,90,42,46,50000,78.12,HIGH
103,ATM100103,HDFC Bank,Kolkata,22.538791,88.340808,7.22,54,48,33,20000,74.93,HIGH
104,ATM100104,HDFC Bank,Chennai,13.050239,80.281325,4.81,41,68,43,50000,81.56,HIGH
105,ATM100105,HDFC Bank,Chennai,13.108887,80.340593,7.35,44,91,42,25000,77.68,HIGH
106,ATM100106,Kotak Mahindra Bank,Nagpur,21.10019,79.013189,2.7,51,41,6,50000,38.25,LOW
107,ATM100107,HDFC Bank,Pune,18.535612,73.784928,5.01,50,71,24,40000,56.06,MEDIUM
108,ATM100108,Bank of Maharashtra,Delhi,28.629395,77.182479,7.73,90,45,42,25000,78.25,HIGH
109,ATM100109,Kotak Mahindra Bank,Chennai,13.019756,80.202722,7.31,41,72,14,20000,49.52,MEDIUM
110,ATM100110,Punjab National Bank,Bangalore,12.970879,77.624744,4.4,78,78,41,50000,66.8,MEDIUM
111,ATM100111,SBI,Nagpur,21.105224,79.139256,8.01,58,63,7,40000,40.16,MEDIUM
112,ATM100112,Kotak Mahindra Bank,Mumbai,19.107151,72.841243,5.94,41,73,47,25000,86.81,HIGH
113,ATM100113,Bank of Maharashtra,Mumbai,19.053756,72.812353,9.18,77,46,20,50000,57.02,MEDIUM
114,ATM100114,Punjab National Bank,Pune,18.462291,73.928738,4.52,69,37,37,25000,74.68,HIGH
115,ATM100115,Punjab National Bank,Hyderabad,17.334621,78.493404,8.74,84,70,49,40000,83.41,HIGH
116,ATM100116,SBI,Nashik,20.034656,73.83885,6.62,96,58,6,50000,28.63,LOW
117,ATM100117,Punjab National Bank,Ahmedabad,23.053264,72.627271,2.57,88,70,9,40000,25.15,LOW
118,ATM100118,HDFC Bank,Nagpur,21.144108,79.043594,9.88,93,88,9,40000,30.37,LOW
119,ATM100119,ICICI Bank,Pune,18.591449,73.783008,7.09,70,69,32,20000,64.28,MEDIUM
120,ATM100120,Kotak Mahindra Bank,Kolkata,22.64064,88.312792,5.72,91,57,31,40000,58.78,MEDIUM
121,ATM100121,Punjab National Bank,Hyderabad,17.451478,78.412131,7.0,37,72,9,25000,44.05,MEDIUM
122,ATM100122,ICICI Bank,Nagpur,21.113376,79.156103,9.71,36,52,31,50000,79.76,HIGH
123,ATM100123,Axis Bank,Nashik,20.068583,73.785674,8.63,32,100,25,40000,59.95,MEDIUM
124,ATM100124,Bank of Maharashtra,Chennai,13.137828,80.241756,8.31,74,80,25,20000,53.97,MEDIUM
125,ATM100125,SBI,Delhi,28.539821,77.224403,2.38,66,54,44,50000,76.37,HIGH
126,ATM100126,Axis Bank,Nashik,19.936791,73.722113,6.99,71,36,45,40000,87.73,HIGH
127,ATM100127,ICICI Bank,Nashik,19.97188,73.825763,0.75,47,86,44,50000,70.67,HIGH
128,ATM100128,Kotak Mahindra Bank,Nashik,19.967946,73.796119,7.93,56,57,47,25000,90.05,HIGH
129,ATM100129,Axis Bank,Pune,18.4914,73.876843,8.87,76,43,43,25000,85.16,HIGH
130,ATM100130,Axis Bank,Hyderabad,17.403538,78.443974,0.34,51,37,6,40000,35.71,LOW
131,ATM100131,Bank of Maharashtra,Nashik,20.056716,73.713203,8.76,36,45,32,40000,81.29,HIGH
132,ATM100132,SBI,Hyderabad,17.38963,78.556951,8.01,49,81,15,20000,47.52,MEDIUM
133,ATM100133,Kotak Mahindra Bank,Nagpur,21.225469,79.064314,7.7,80,92,19,25000,41.35,MEDIUM
134,ATM100134,ICICI Bank,Hyderabad,17.369309,78.48348,6.31,41,89,41,50000,76.16,HIGH
135,ATM100135,SBI,Chennai,13.142488,80.348153,7.71,77,31,7,20000,42.96,MEDIUM
136,ATM100136,Bank of Maharashtra,Mumbai,19.062843,72.865117,7.4,92,95,14,20000,31.15,LOW
137,ATM100137,Punjab National Bank,Kolkata,22.530804,88.301576,3.61,91,65,44,20000,69.22,MEDIUM
138,ATM100138,ICICI Bank,Kolkata,22.538558,88.331309,2.41,53,79,30,50000,56.62,MEDIUM
139,ATM100139,Kotak Mahindra Bank,Kolkata,22.499335,88.28676,9.88,46,42,20,20000,66.82,MEDIUM
140,ATM100140,Axis Bank,Ahmedabad,23.010944,72.552892,6.83,53,81,44,20000,79.55,HIGH
141,ATM100141,Bank of Maharashtra,Ahmedabad,22.977421,72.643394,7.88,98,97,31,20000,50.27,MEDIUM
142,ATM100142,Kotak Mahindra Bank,Kolkata,22.506906,88.350713,8.8,98,45,48,25000,85.05,HIGH
143,ATM100143,Punjab National Bank,Mumbai,19.147157,72.872484,6.17,53,53,0,50000,32.75,LOW
144,ATM100144,Kotak Mahindra Bank,Bangalore,12.918325,77.673187,2.39,45,35,8,25000,43.19,MEDIUM
145,ATM100145,SBI,Nashik,20.068337,73.813743,6.12,41,62,48,20000,91.03,HIGH
146,ATM100146,Axis Bank,Mumbai,19.07803,72.834607,1.85,94,68,23,25000,39.87,LOW
147,ATM100147,Kotak Mahindra Bank,Pune,18.475678,73.80653,7.82,61,68,2,40000,31.88,LOW
148,ATM100148,Kotak Mahindra Bank,Ahmedabad,22.99852,72.500655,9.69,86,47,36,50000,74.48,HIGH
149,ATM100149,Kotak Mahindra Bank,Bangalore,13.033006,77.66304,9.95,96,75,38,25000,67.78,MEDIUM
150,ATM100150,HDFC Bank,Mumbai,19.023823,72.861099,7.61,35,60,2,25000,40.06,MEDIUM
151,ATM100151,Bank of Maharashtra,Delhi,28.645263,77.153623,8.18,57,47,38,25000,81.87,HIGH
152,ATM100152,SBI,Bangalore,12.92751,77.550411,5.42,65,46,46,50000,85.58,HIGH
153,ATM100153,Axis Bank,Ahmedabad,23.03737,72.584214,1.01,62,63,24,25000,49.06,MEDIUM
154,ATM100154,Kotak Mahindra Bank,Chennai,13.143094,80.233196,1.38,40,62,43,50000,78.17,HIGH
155,ATM100155,Kotak Mahindra Bank,Nashik,20.0597,73.862704,8.64,98,56,4,40000,29.26,LOW
156,ATM100156,Axis Bank,Nagpur,21.195323,79.113039,5.55,77,95,38,25000,60.92,MEDIUM
157,ATM100157,Bank of Maharashtra,Nashik,19.931418,73.775153,3.79,70,85,24,20000,45.73,MEDIUM
158,ATM100158,Kotak Mahindra Bank,Nagpur,21.107361,79.123947,5.01,39,64,7,20000,40.16,MEDIUM
159,ATM100159,ICICI Bank,Ahmedabad,22.955467,72.526629,6.86,82,38,21,20000,55.49,MEDIUM
160,ATM100160,SBI,Bangalore,12.903781,77.650793,5.0,64,48,14,40000,46.3,MEDIUM
161,ATM100161,Punjab National Bank,Mumbai,19.072894,72.892485,8.26,78,58,24,20000,57.19,MEDIUM
162,ATM100162,Bank of Maharashtra,Mumbai,19.051649,72.906183,5.7,52,97,46,40000,76.5,HIGH
163,ATM100163,Bank of Maharashtra,Chennai,13.045425,80.331281,7.99,42,97,22,40000,53.63,MEDIUM
164,ATM100164,Punjab National Bank,Delhi,28.639252,77.265093,8.69,42,36,10,40000,55.53,MEDIUM
165,ATM100165,Axis Bank,Hyderabad,17.418338,78.540622,7.0,53,74,47,50000,85.15,HIGH
166,ATM100166,Kotak Mahindra Bank,Kolkata,22.601423,88.382878,7.55,46,63,0,25000,34.08,LOW
167,ATM100167,SBI,Nashik,19.942877,73.850739,8.73,48,78,36,40000,74.8,HIGH
168,ATM100168,HDFC Bank,Bangalore,12.89628,77.646731,1.38,61,83,45,50000,70.07,HIGH
169,ATM100169,ICICI Bank,Chennai,13.056319,80.309661,1.69,75,89,32,40000,49.94,MEDIUM
170,ATM100170,ICICI Bank,Hyderabad,17.435875,78.539841,5.12,96,59,19,20000,41.73,MEDIUM
171,ATM100171,SBI,Hyderabad,17.306022,78.452626,6.21,70,41,40,20000,79.56,HIGH
172,ATM100172,SBI,Nagpur,21.22279,79.10929,2.67,41,51,36,20000,74.2,HIGH
173,ATM100173,Kotak Mahindra Bank,Delhi,28.635341,77.215398,7.82,100,93,0,50000,13.48,LOW
174,ATM100174,Axis Bank,Ahmedabad,22.959617,72.613164,5.46,47,91,31,20000,60.89,MEDIUM
175,ATM100175,Kotak Mahindra Bank,Pune,18.594479,73.8314,6.36,54,30,45,50000,92.54,HIGH
176,ATM100176,Bank of Maharashtra,Ahmedabad,23.091624,72.507802,9.38,74,61,47,20000,86.72,HIGH
177,ATM100177,SBI,Chennai,13.112762,80.201554,3.08,51,97,14,25000,34.42,LOW
178,ATM100178,Axis Bank,Bangalore,13.004908,77.525376,5.86,47,95,22,20000,49.69,MEDIUM
179,ATM100179,ICICI Bank,Chennai,13.058041,80.290046,0.55,78,51,23,20000,46.17,MEDIUM
180,ATM100180,Axis Bank,Nagpur,21.205246,79.163958,9.69,99,45,18,40000,50.13,MEDIUM
181,ATM100181,HDFC Bank,Delhi,28.653844,77.149814,7.61,63,57,0,50000,31.41,LOW
182,ATM100182,SBI,Delhi,28.537834,77.13254,3.3,95,34,29,50000,57.5,MEDIUM
183,ATM100183,ICICI Bank,Bangalore,12.969783,77.637865,6.86,30,88,21,40000,55.99,MEDIUM
184,ATM100184,Axis Bank,Mumbai,19.067344,72.84148,9.97,30,74,46,25000,94.15,HIGH
185,ATM100185,HDFC Bank,Bangalore,12.959789,77.586822,1.72,31,42,27,50000,66.73,MEDIUM
186,ATM100186,SBI,Mumbai,19.12317,72.908689,2.29,97,95,9,50000,16.23,LOW
187,ATM100187,HDFC Bank,Chennai,13.015881,80.29958,6.58,30,49,49,40000,98.92,HIGH
188,ATM100188,Axis Bank,Chennai,13.046422,80.342838,1.6,80,77,19,40000,35.95,LOW
189,ATM100189,Kotak Mahindra Bank,Nashik,19.986674,73.860779,4.26,98,64,6,50000,23.09,LOW
190,ATM100190,SBI,Chennai,13.104864,80.254315,2.81,50,47,22,50000,56.36,MEDIUM
191,ATM100191,SBI,Bangalore,13.049036,77.580093,8.95,55,44,12,40000,53.07,MEDIUM
192,ATM100192,SBI,Nashik,19.954293,73.743897,0.41,80,83,47,40000,66.27,MEDIUM
193,ATM100193,SBI,Nashik,20.021767,73.768764,8.66,55,91,42,40000,76.89,HIGH
194,ATM100194,ICICI Bank,Hyderabad,17.380714,78.561611,1.94,92,100,31,25000,42.11,MEDIUM
195,ATM100195,SBI,Hyderabad,17.44398,78.530955,7.73,94,79,8,20000,27.95,LOW
196,ATM100196,Punjab National Bank,Pune,18.575565,73.898464,6.3,46,49,22,20000,62.1,MEDIUM
197,ATM100197,Axis Bank,Nagpur,21.086799,79.013404,9.22,36,73,27,20000,68.98,MEDIUM
198,ATM100198,Punjab National Bank,Chennai,13.101364,80.318146,4.87,67,66,31,20000,61.25,MEDIUM
199,ATM100199,HDFC Bank,Hyderabad,17.323769,78.42673,6.89,61,49,46,25000,88.03,HIGH
200,ATM100200,Kotak Mahindra Bank,Delhi,28.602749,77.161084,4.97,44,63,44,25000,83.5,HIGH
201,ATM100201,Kotak Mahindra Bank,Hyderabad,17.315273,78.499815,2.76,55,90,45,20000,71.89,HIGH
202,ATM100202,HDFC Bank,Ahmedabad,23.070109,72.541058,4.61,53,54,37,25000,74.57,HIGH
203,ATM100203,HDFC Bank,Mumbai,18.997859,72.809292,3.99,46,81,2,40000,26.63,LOW
204,ATM100204,SBI,Nashik,19.99429,73.805803,2.99,84,32,39,25000,72.28,HIGH
205,ATM100205,Kotak Mahindra Bank,Pune,18.551597,73.91432,7.82,78,82,33,40000,61.33,MEDIUM
206,ATM100206,SBI,Nagpur,21.072139,79.085081,1.14,58,73,27,50000,51.36,MEDIUM
207,ATM100207,ICICI Bank,Ahmedabad,22.981227,72.649266,1.51,84,36,19,20000,45.06,MEDIUM
208,ATM100208,HDFC Bank,Bangalore,12.971422,77.613505,7.05,65,74,45,50000,79.83,HIGH
209,ATM100209,SBI,Bangalore,12.981144,77.516163,3.33,36,53,2,20000,35.14,LOW
210,ATM100210,Bank of Maharashtra,Bangalore,12.974434,77.528659,3.57,57,66,30,40000,60.6,MEDIUM
211,ATM100211,ICICI Bank,Mumbai,19.001312,72.810273,4.03,85,53,16,50000,40.75,MEDIUM
212,ATM100212,Kotak Mahindra Bank,Bangalore,12.912835,77.605407,6.93,68,44,6,20000,39.59,LOW
213,ATM100213,Kotak Mahindra Bank,Ahmedabad,23.070594,72.523424,1.76,46,72,23,40000,50.74,MEDIUM
214,ATM100214,HDFC Bank,Kolkata,22.509331,88.385729,7.09,97,77,15,40000,35.13,LOW
215,ATM100215,Kotak Mahindra Bank,Kolkata,22.497654,88.433694,0.61,79,41,6,25000,28.11,LOW
216,ATM100216,HDFC Bank,Kolkata,22.579207,88.39735,8.72,45,35,37,25000,87.48,HIGH
217,ATM100217,ICICI Bank,Chennai,13.116954,80.318976,3.46,42,39,34,40000,75.74,HIGH
218,ATM100218,SBI,Chennai,13.133072,80.203518,8.96,55,98,46,25000,80.39,HIGH
219,ATM100219,Punjab National Bank,Nashik,20.005115,73.840568,4.58,54,83,35,40000,64.62,MEDIUM
220,ATM100220,Axis Bank,Ahmedabad,23.045472,72.575624,7.34,74,76,28,20000,57.11,MEDIUM
221,ATM100221,HDFC Bank,Mumbai,19.009061,72.807356,2.55,91,83,33,20000,49.93,MEDIUM
222,ATM100222,Bank of Maharashtra,Kolkata,22.518127,88.423385,2.27,65,46,18,20000,47.25,MEDIUM
223,ATM100223,HDFC Bank,Pune,18.596538,73.830603,1.9,54,80,31,20000,56.55,MEDIUM
224,ATM100224,Axis Bank,Chennai,13.129052,80.296093,5.03,95,79,35,50000,56.05,MEDIUM
225,ATM100225,HDFC Bank,Kolkata,22.581458,88.398972,2.36,64,56,11,20000,36.74,LOW
226,ATM100226,Bank of Maharashtra,Kolkata,22.652013,88.439867,6.54,57,31,50,50000,97.81,HIGH
227,ATM100227,Kotak Mahindra Bank,Ahmedabad,22.974427,72.600237,0.81,63,68,14,40000,35.27,LOW
228,ATM100228,SBI,Delhi,28.538804,77.170229,4.68,100,45,10,25000,32.77,LOW
229,ATM100229,ICICI Bank,Ahmedabad,23.081424,72.607747,7.45,60,67,2,25000,31.82,LOW
230,ATM100230,Punjab National Bank,Nashik,19.985579,73.76515,3.77,64,36,41,25000,79.85,HIGH
231,ATM100231,Kotak Mahindra Bank,Nagpur,21.223824,79.014617,8.68,98,44,0,40000,27.52,LOW
232,ATM100232,Kotak Mahindra Bank,Kolkata,22.585188,88.354078,7.28,77,71,5,40000,29.92,LOW
233,ATM100233,Kotak Mahindra Bank,Nashik,19.995367,73.849548,9.02,82,67,20,20000,50.28,MEDIUM
234,ATM100234,HDFC Bank,Pune,18.507875,73.820992,5.96,75,58,46,40000,80.89,HIGH
235,ATM100235,Kotak Mahindra Bank,Delhi,28.679878,77.162706,6.27,32,98,42,20000,77.31,HIGH
236,ATM100236,HDFC Bank,Hyderabad,17.40605,78.523998,1.4,62,100,13,50000,27.2,LOW
237,ATM100237,HDFC Bank,Bangalore,13.006132,77.660045,1.88,64,56,37,50000,67.22,MEDIUM
238,ATM100238,Axis Bank,Chennai,13.040707,80.346123,1.89,59,85,23,25000,44.43,MEDIUM
239,ATM100239,Punjab National Bank,Mumbai,19.132702,72.876464,2.55,93,53,29,25000,52.12,MEDIUM
240,ATM100240,Kotak Mahindra Bank,Nashik,20.05682,73.781049,5.2,54,92,46,25000,76.5,HIGH
241,ATM100241,Punjab National Bank,Delhi,28.591377,77.223872,1.72,32,69,10,25000,39.33,LOW
242,ATM100242,Axis Bank,Hyderabad,17.367573,78.561806,2.66,54,38,9,20000,41.79,MEDIUM
243,ATM100243,Kotak Mahindra Bank,Nagpur,21.170878,79.06023,7.76,88,81,6,25000,26.59,LOW
244,ATM100244,SBI,Pune,18.46134,73.931871,4.59,42,78,24,20000,55.68,MEDIUM
245,ATM100245,ICICI Bank,Pune,18.478168,73.788459,1.78,35,46,15,20000,50.42,MEDIUM
246,ATM100246,Bank of Maharashtra,Nashik,20.000664,73.763721,8.31,31,31,50,20000,100.0,HIGH
247,ATM100247,Punjab National Bank,Bangalore,12.960542,77.554394,6.21,40,55,8,50000,45.16,MEDIUM
248,ATM100248,Axis Bank,Kolkata,22.605684,88.310627,1.76,86,50,19,40000,41.44,MEDIUM
249,ATM100249,Kotak Mahindra Bank,Nashik,19.923367,73.827624,6.67,61,37,34,40000,76.3,HIGH
250,ATM100250,Bank of Maharashtra,Ahmedabad,23.018441,72.626467,8.08,45,32,2,20000,45.27,MEDIUM
251,ATM100251,SBI,Delhi,28.627557,77.267923,2.14,43,95,26,25000,49.91,MEDIUM
252,ATM100252,HDFC Bank,Nagpur,21.083707,79.05136,0.67,33,59,27,50000,60.41,MEDIUM
253,ATM100253,Kotak Mahindra Bank,Bangalore,12.976587,77.664457,0.49,66,58,43,50000,71.33,HIGH
254,ATM100254,SBI,Mumbai,19.015538,72.870052,9.35,92,51,7,25000,36.67,LOW
255,ATM100255,SBI,Delhi,28.584485,77.210158,0.51,75,39,39,40000,69.06,MEDIUM
256,ATM100256,HDFC Bank,Bangalore,12.915335,77.672461,9.65,40,35,38,25000,91.32,HIGH
257,ATM100257,Kotak Mahindra Bank,Hyderabad,17.30579,78.55899,6.43,97,72,38,25000,63.0,MEDIUM
258,ATM100258,ICICI Bank,Hyderabad,17.443867,78.479458,5.2,49,68,39,40000,75.35,HIGH
259,ATM100259,ICICI Bank,Mumbai,19.074215,72.904398,1.48,64,93,42,40000,63.37,MEDIUM
260,ATM100260,ICICI Bank,Mumbai,19.000796,72.846969,7.08,30,49,49,25000,99.67,HIGH
261,ATM100261,Punjab National Bank,Nashik,19.949797,73.817549,9.7,79,87,46,50000,78.25,HIGH
262,ATM100262,HDFC Bank,Mumbai,19.011024,72.905316,4.49,44,84,46,40000,79.93,HIGH
263,ATM100263,ICICI Bank,Mumbai,19.134903,72.826044,6.96,71,46,11,50000,44.39,MEDIUM
264,ATM100264,Bank of Maharashtra,Bangalore,13.025698,77.665738,6.86,93,84,30,50000,52.04,MEDIUM
265,ATM100265,Bank of Maharashtra,Bangalore,12.971148,77.613456,8.7,47,61,24,50000,64.85,MEDIUM
266,ATM100266,Axis Bank,Chennai,13.093998,80.195562,9.32,98,98,31,25000,52.18,MEDIUM
267,ATM100267,Kotak Mahindra Bank,Mumbai,19.106324,72.905942,2.24,83,97,36,25000,51.56,MEDIUM
268,ATM100268,Punjab National Bank,Mumbai,19.101422,72.860718,6.55,60,76,0,25000,25.82,LOW
269,ATM100269,SBI,Pune,18.457455,73.881955,9.99,76,90,8,20000,33.09,LOW
270,ATM100270,HDFC Bank,Bangalore,12.899314,77.670948,4.13,76,47,18,50000,47.04,MEDIUM
271,ATM100271,SBI,Ahmedabad,23.081821,72.616582,5.71,83,61,13,25000,38.16,LOW
272,ATM100272,Kotak Mahindra Bank,Nashik,20.035652,73.850362,4.1,45,48,24,20000,61.7,MEDIUM
273,ATM100273,Kotak Mahindra Bank,Hyderabad,17.357325,78.513515,8.1,77,36,44,20000,86.7,HIGH
274,ATM100274,SBI,Kolkata,22.614566,88.41155,4.41,39,91,38,25000,69.72,MEDIUM
275,ATM100275,SBI,Nashik,20.048353,73.729033,5.49,76,48,5,25000,33.23,LOW
276,ATM100276,Axis Bank,Pune,18.441321,73.828634,3.73,83,49,48,25000,80.19,HIGH
277,ATM100277,Kotak Mahindra Bank,Nashik,19.980888,73.821075,3.95,97,68,30,50000,50.67,MEDIUM
278,ATM100278,HDFC Bank,Bangalore,12.963391,77.552607,3.8,86,31,18,20000,48.05,MEDIUM
279,ATM100279,SBI,Pune,18.476763,73.788411,6.07,34,52,32,25000,76.01,HIGH
280,ATM100280,Bank of Maharashtra,Hyderabad,17.411914,78.505818,4.69,84,88,35,40000,56.03,MEDIUM
281,ATM100281,ICICI Bank,Ahmedabad,23.003266,72.629533,5.24,69,59,27,25000,58.26,MEDIUM
282,ATM100282,Axis Bank,Mumbai,19.072669,72.801803,3.48,96,78,8,25000,21.32,LOW
283,ATM100283,Punjab National Bank,Kolkata,22.553431,88.347712,5.84,37,58,25,25000,65.01,MEDIUM
284,ATM100284,Kotak Mahindra Bank,Ahmedabad,23.027876,72.588665,7.67,39,89,30,40000,65.5,MEDIUM
285,ATM100285,Kotak Mahindra Bank,Hyderabad,17.435078,78.5216,9.56,78,51,3,40000,35.69,LOW
286,ATM100286,SBI,Hyderabad,17.307917,78.438024,0.17,54,64,6,20000,27.95,LOW
287,ATM100287,HDFC Bank,Bangalore,12.995196,77.658285,2.51,72,33,15,40000,45.52,MEDIUM
288,ATM100288,Punjab National Bank,Ahmedabad,23.090826,72.501043,9.35,43,38,13,20000,59.38,MEDIUM
289,ATM100289,HDFC Bank,Delhi,28.59016,77.145227,4.91,54,100,12,20000,33.27,LOW
290,ATM100290,SBI,Delhi,28.574984,77.17458,3.14,40,35,36,50000,79.16,HIGH
291,ATM100291,ICICI Bank,Pune,18.568884,73.862966,3.18,70,41,19,20000,49.82,MEDIUM
292,ATM100292,Punjab National Bank,Delhi,28.631553,77.243584,2.8,80,94,12,40000,25.1,LOW
293,ATM100293,ICICI Bank,Hyderabad,17.371168,78.426202,1.89,75,46,44,20000,75.38,HIGH
294,ATM100294,SBI,Hyderabad,17.413979,78.43573,5.3,94,42,32,25000,62.35,MEDIUM
295,ATM100295,ICICI Bank,Kolkata,22.606047,88.301,5.72,78,91,37,20000,60.73,MEDIUM
296,ATM100296,Kotak Mahindra Bank,Nashik,19.95855,73.863868,4.89,49,89,5,20000,28.84,LOW
297,ATM100297,Bank of Maharashtra,Nagpur,21.194759,79.096236,0.53,57,48,49,25000,83.34,HIGH
298,ATM100298,ICICI Bank,Ahmedabad,23.043804,72.643625,6.06,96,73,28,25000,50.44,MEDIUM
299,ATM100299,HDFC Bank,Delhi,28.66497,77.270473,2.36,76,85,2,50000,15.69,LOW
300,ATM100300,SBI,Nagpur,21.099727,79.105957,4.17,39,49,36,50000,77.45,HIGH
301,ATM100301,Axis Bank,Pune,18.574778,73.920704,3.6,48,69,35,20000,68.15,MEDIUM
302,ATM100302,HDFC Bank,Mumbai,19.033899,72.922584,2.82,88,70,10,40000,26.73,LOW
303,ATM100303,SBI,Mumbai,19.127618,72.865498,6.71,65,76,22,20000,51.21,MEDIUM
304,ATM100304,Punjab National Bank,Nashik,19.932786,73.809617,4.57,88,63,30,40000,55.11,MEDIUM
305,ATM100305,SBI,Chennai,13.096557,80.217582,7.4,47,45,36,50000,81.3,HIGH
306,ATM100306,Axis Bank,Bangalore,13.029648,77.549278,1.05,66,81,26,25000,46.03,MEDIUM
307,ATM100307,Kotak Mahindra Bank,Bangalore,12.895382,77.617315,6.11,95,70,23,20000,45.51,MEDIUM
308,ATM100308,Bank of Maharashtra,Hyderabad,17.392472,78.443812,3.97,94,87,16,20000,29.91,LOW
309,ATM100309,ICICI Bank,Pune,18.535516,73.856183,9.88,61,31,9,20000,52.62,MEDIUM
310,ATM100310,Axis Bank,Hyderabad,17.32683,78.517923,4.1,50,81,4,25000,28.2,LOW
311,ATM100311,Kotak Mahindra Bank,Chennai,13.071212,80.305516,6.96,41,74,29,50000,66.49,MEDIUM
312,ATM100312,Kotak Mahindra Bank,Ahmedabad,23.101101,72.511943,1.13,89,43,5,25000,24.7,LOW
313,ATM100313,ICICI Bank,Mumbai,19.111894,72.890242,2.81,80,85,12,50000,27.36,LOW
314,ATM100314,HDFC Bank,Mumbai,19.008707,72.811405,8.95,70,73,38,50000,73.28,HIGH
315,ATM100315,Bank of Maharashtra,Chennai,13.033399,80.242439,2.34,44,65,29,20000,61.06,MEDIUM
316,ATM100316,ICICI Bank,Nashik,19.974299,73.720908,5.24,90,48,40,25000,71.36,HIGH
317,ATM100317,Punjab National Bank,Kolkata,22.503418,88.411957,2.41,34,78,3,40000,29.22,LOW
318,ATM100318,Punjab National Bank,Hyderabad,17.391402,78.547513,6.54,90,57,3,25000,26.66,LOW
319,ATM100319,SBI,Pune,18.525673,73.828593,3.4,84,64,16,25000,37.3,LOW
320,ATM100320,ICICI Bank,Nashik,20.024618,73.868862,6.65,38,65,25,20000,64.22,MEDIUM
321,ATM100321,HDFC Bank,Chennai,13.091945,80.307604,4.71,83,97,13,40000,27.66,LOW
322,ATM100322,HDFC Bank,Pune,18.450023,73.866667,9.58,41,84,21,40000,58.32,MEDIUM
323,ATM100323,Bank of Maharashtra,Nagpur,21.093848,79.118601,2.09,74,83,30,50000,49.88,MEDIUM
324,ATM100324,Punjab National Bank,Nashik,20.003232,73.725268,4.56,85,75,44,50000,69.64,MEDIUM
325,ATM100325,ICICI Bank,Pune,18.561386,73.832311,6.68,55,39,46,25000,91.72,HIGH
326,ATM100326,Axis Bank,Bangalore,13.018872,77.662948,2.42,31,49,29,25000,68.43,MEDIUM
327,ATM100327,Axis Bank,Bangalore,12.955491,77.538987,9.93,44,82,16,20000,52.59,MEDIUM
328,ATM100328,Kotak Mahindra Bank,Nashik,20.06582,73.796193,8.44,87,42,2,25000,32.81,LOW
329,ATM100329,Bank of Maharashtra,Nagpur,21.149153,79.107974,0.98,83,99,49,25000,64.77,MEDIUM
330,ATM100330,Kotak Mahindra Bank,Hyderabad,17.425843,78.427134,8.28,57,74,13,25000,45.27,MEDIUM
331,ATM100331,ICICI Bank,Kolkata,22.617724,88.397299,0.46,31,77,23,20000,51.29,MEDIUM
332,ATM100332,Kotak Mahindra Bank,Delhi,28.582401,77.171098,3.67,94,45,44,50000,73.55,HIGH
333,ATM100333,Punjab National Bank,Chennai,13.016723,80.340613,5.58,82,82,22,40000,43.77,MEDIUM
334,ATM100334,SBI,Ahmedabad,22.991384,72.554917,4.53,84,96,48,40000,69.39,MEDIUM
335,ATM100335,Bank of Maharashtra,Nashik,20.013595,73.792309,9.2,88,84,23,25000,48.4,MEDIUM
336,ATM100336,ICICI Bank,Kolkata,22.572114,88.442645,8.53,50,99,27,50000,57.94,MEDIUM
337,ATM100337,SBI,Hyderabad,17.338362,78.555595,1.25,66,42,5,20000,30.88,LOW
338,ATM100338,Kotak Mahindra Bank,Pune,18.571192,73.8376,8.79,82,43,31,20000,69.13,MEDIUM
339,ATM100339,Punjab National Bank,Chennai,13.141589,80.319648,7.92,94,34,42,40000,80.28,HIGH
340,ATM100340,Bank of Maharashtra,Hyderabad,17.353749,78.419647,4.09,57,58,49,50000,86.19,HIGH
341,ATM100341,ICICI Bank,Hyderabad,17.332764,78.517892,3.53,44,55,30,20000,66.55,MEDIUM
342,ATM100342,Punjab National Bank,Chennai,13.158798,80.293256,8.24,82,80,0,40000,21.86,LOW
343,ATM100343,ICICI Bank,Nagpur,21.087004,79.146122,9.24,94,66,17,40000,44.26,MEDIUM
344,ATM100344,SBI,Hyderabad,17.38293,78.5037,7.67,60,30,26,20000,70.2,HIGH
345,ATM100345,ICICI Bank,Pune,18.468374,73.857111,4.05,49,77,33,40000,64.17,MEDIUM
346,ATM100346,HDFC Bank,Nashik,19.94092,73.768606,0.77,85,60,35,50000,56.91,MEDIUM
347,ATM100347,HDFC Bank,Kolkata,22.49673,88.305527,9.63,80,36,36,50000,78.64,HIGH
348,ATM100348,Axis Bank,Hyderabad,17.392925,78.561232,4.38,52,81,20,25000,47.32,MEDIUM
349,ATM100349,Kotak Mahindra Bank,Nagpur,21.115691,79.089183,4.45,42,46,32,20000,73.08,HIGH
350,ATM100350,ICICI Bank,Kolkata,22.509506,88.386432,2.24,80,63,35,25000,59.61,MEDIUM
351,ATM100351,SBI,Nagpur,21.164934,79.112232,1.61,41,41,1,50000,33.12,LOW
352,ATM100352,Bank of Maharashtra,Kolkata,22.502416,88.408822,4.65,49,33,39,20000,83.27,HIGH
353,ATM100353,HDFC Bank,Hyderabad,17.314306,78.565879,0.67,33,46,29,40000,66.05,MEDIUM
354,ATM100354,Kotak Mahindra Bank,Nagpur,21.177006,79.165589,2.47,58,68,12,25000,36.6,LOW
355,ATM100355,HDFC Bank,Hyderabad,17.32776,78.426122,3.1,63,36,17,20000,50.3,MEDIUM
356,ATM100356,SBI,Pune,18.456567,73.887446,0.72,43,44,29,20000,64.13,MEDIUM
357,ATM100357,SBI,Nashik,19.999008,73.869271,8.16,66,63,11,20000,43.19,MEDIUM
358,ATM100358,Axis Bank,Chennai,13.101135,80.239701,6.28,76,56,25,20000,56.42,MEDIUM
359,ATM100359,HDFC Bank,Pune,18.524727,73.844873,1.39,82,39,31,20000,59.03,MEDIUM
360,ATM100360,Punjab National Bank,Hyderabad,17.446857,78.478666,2.03,78,70,40,50000,64.05,MEDIUM
361,ATM100361,Kotak Mahindra Bank,Nashik,19.976341,73.776061,8.29,53,68,0,25000,32.19,LOW
362,ATM100362,Axis Bank,Kolkata,22.609978,88.406989,0.21,34,45,21,40000,55.77,MEDIUM
363,ATM100363,SBI,Kolkata,22.559185,88.360915,0.29,99,30,10,40000,30.18,LOW
364,ATM100364,HDFC Bank,Nagpur,21.10737,79.129846,1.46,33,98,1,25000,20.64,LOW
365,ATM100365,HDFC Bank,Bangalore,12.97725,77.549032,0.22,44,57,1,40000,26.28,LOW
366,ATM100366,Axis Bank,Nagpur,21.104392,79.16434,8.04,40,46,17,40000,60.96,MEDIUM
367,ATM100367,Axis Bank,Nagpur,21.219332,79.086257,1.19,41,74,45,40000,77.03,HIGH
368,ATM100368,ICICI Bank,Chennai,13.090374,80.2634,8.46,85,95,25,25000,47.69,MEDIUM
369,ATM100369,Bank of Maharashtra,Nashik,19.933193,73.787919,1.59,55,65,25,20000,52.38,MEDIUM
370,ATM100370,Kotak Mahindra Bank,Kolkata,22.544548,88.401877,4.81,69,51,50,25000,87.22,HIGH
371,ATM100371,Punjab National Bank,Chennai,13.062842,80.253816,4.65,85,87,27,40000,46.38,MEDIUM
372,ATM100372,Bank of Maharashtra,Bangalore,13.017203,77.657334,9.56,43,79,27,25000,66.24,MEDIUM
373,ATM100373,SBI,Bangalore,13.017505,77.565065,6.91,77,38,28,25000,65.22,MEDIUM
374,ATM100374,Axis Bank,Ahmedabad,23.012516,72.532147,8.42,62,82,18,40000,48.23,MEDIUM
375,ATM100375,Punjab National Bank,Pune,18.446548,73.920982,4.67,44,53,20,50000,56.76,MEDIUM
376,ATM100376,Kotak Mahindra Bank,Nashik,20.019452,73.815297,8.96,75,61,4,25000,34.24,LOW
377,ATM100377,SBI,Bangalore,12.993467,77.612829,0.76,77,48,49,40000,78.69,HIGH
378,ATM100378,HDFC Bank,Pune,18.523345,73.800727,7.4,70,31,45,40000,89.85,HIGH
379,ATM100379,Axis Bank,Chennai,13.084656,80.299536,0.51,71,59,35,20000,60.27,MEDIUM
380,ATM100380,Bank of Maharashtra,Delhi,28.547467,77.243612,0.81,57,97,13,20000,28.32,LOW
381,ATM100381,ICICI Bank,Delhi,28.545301,77.130937,9.57,39,83,43,50000,85.45,HIGH
382,ATM100382,Axis Bank,Bangalore,13.009601,77.57112,3.04,55,55,3,50000,30.66,LOW
383,ATM100383,Axis Bank,Pune,18.496353,73.900645,6.65,65,83,7,20000,31.38,LOW
384,ATM100384,ICICI Bank,Nashik,19.947131,73.737657,1.07,71,79,15,20000,32.1,LOW
385,ATM100385,Punjab National Bank,Pune,18.546048,73.899,2.72,30,89,18,25000,45.93,MEDIUM
386,ATM100386,ICICI Bank,Hyderabad,17.308351,78.419847,9.68,34,98,33,20000,71.12,HIGH
387,ATM100387,Kotak Mahindra Bank,Pune,18.487671,73.899776,6.28,38,90,6,50000,34.62,LOW
388,ATM100388,Axis Bank,Delhi,28.59501,77.16191,1.3,65,70,48,40000,75.8,HIGH
389,ATM100389,Axis Bank,Mumbai,19.094402,72.921641,6.47,70,93,39,20000,65.75,MEDIUM
390,ATM100390,Punjab National Bank,Delhi,28.618748,77.135712,9.69,88,93,41,20000,68.48,MEDIUM
391,ATM100391,Punjab National Bank,Bangalore,13.019394,77.561452,9.8,43,33,14,20000,62.5,MEDIUM
392,ATM100392,HDFC Bank,Pune,18.536701,73.869888,7.51,47,43,20,50000,62.77,MEDIUM
393,ATM100393,Punjab National Bank,Nashik,20.047383,73.814837,1.37,41,54,46,40000,83.5,HIGH
394,ATM100394,SBI,Ahmedabad,22.996623,72.639893,2.32,30,36,16,20000,56.18,MEDIUM
395,ATM100395,Kotak Mahindra Bank,Pune,18.499947,73.845832,4.45,68,39,16,40000,49.12,MEDIUM
396,ATM100396,HDFC Bank,Kolkata,22.59067,88.434792,2.48,78,64,44,25000,71.02,HIGH
397,ATM100397,Punjab National Bank,Kolkata,22.51204,88.315495,8.88,88,45,8,40000,39.67,LOW
398,ATM100398,Bank of Maharashtra,Nashik,20.02083,73.755545,8.18,82,87,42,20000,70.42,HIGH
399,ATM100399,ICICI Bank,Ahmedabad,23.080319,72.626842,9.2,60,91,42,50000,76.45,HIGH
400,ATM100400,Punjab National Bank,Bangalore,12.931959,77.635407,4.66,91,58,5,40000,25.74,LOW
401,ATM100401,Kotak Mahindra Bank,Delhi,28.66862,77.245559,7.79,40,75,35,25000,74.94,HIGH
402,ATM100402,HDFC Bank,Nagpur,21.170786,79.036589,5.5,39,39,31,20000,75.95,HIGH
403,ATM100403,Axis Bank,Pune,18.597947,73.926682,0.53,57,89,24,25000,43.09,MEDIUM
404,ATM100404,Punjab National Bank,Mumbai,19.02237,72.818777,7.29,73,56,37,40000,73.08,HIGH
405,ATM100405,HDFC Bank,Delhi,28.664746,77.163162,5.11,88,49,32,20000,61.81,MEDIUM
406,ATM100406,Punjab National Bank,Nagpur,21.200312,79.125448,5.47,76,79,28,25000,53.05,MEDIUM
407,ATM100407,HDFC Bank,Hyderabad,17.399456,78.488038,3.05,54,38,17,50000,51.97,MEDIUM
408,ATM100408,Kotak Mahindra Bank,Delhi,28.624304,77.239222,8.75,43,48,29,20000,75.17,HIGH
409,ATM100409,ICICI Bank,Mumbai,19.097807,72.919479,1.68,60,32,29,25000,64.32,MEDIUM
410,ATM100410,ICICI Bank,Pune,18.514249,73.778193,2.54,90,97,28,40000,40.66,MEDIUM
411,ATM100411,HDFC Bank,Mumbai,19.112234,72.95639,1.08,100,40,22,50000,43.02,MEDIUM
412,ATM100412,SBI,Nashik,19.981739,73.837811,2.12,80,94,27,40000,42.08,MEDIUM
413,ATM100413,Kotak Mahindra Bank,Chennai,13.091514,80.307991,6.2,64,77,6,20000,31.25,LOW
414,ATM100414,Axis Bank,Hyderabad,17.335084,78.463562,7.86,84,54,18,25000,48.89,MEDIUM
415,ATM100415,Bank of Maharashtra,Nashik,20.006176,73.710637,7.63,65,97,38,50000,66.55,MEDIUM
416,ATM100416,SBI,Hyderabad,17.31065,78.526017,2.1,43,36,41,25000,82.6,HIGH
417,ATM100417,HDFC Bank,Nagpur,21.219092,79.067071,3.34,44,36,2,40000,37.41,LOW
418,ATM100418,Bank of Maharashtra,Mumbai,19.019822,72.846597,8.78,98,42,17,25000,48.57,MEDIUM
419,ATM100419,Kotak Mahindra Bank,Hyderabad,17.464413,78.46563,4.54,80,80,6,25000,24.01,LOW
420,ATM100420,ICICI Bank,Delhi,28.649431,77.270791,5.97,93,56,10,25000,33.7,LOW
421,ATM100421,Bank of Maharashtra,Delhi,28.596544,77.195019,6.99,66,30,6,25000,43.69,MEDIUM
422,ATM100422,HDFC Bank,Kolkata,22.493115,88.383034,3.62,91,69,44,25000,68.23,MEDIUM
423,ATM100423,Axis Bank,Bangalore,13.018672,77.529479,5.92,38,51,11,40000,49.83,MEDIUM
424,ATM100424,SBI,Nashik,19.994456,73.812572,0.74,31,90,27,40000,53.26,MEDIUM
425,ATM100425,Bank of Maharashtra,Nashik,20.010297,73.799638,5.65,63,39,10,20000,44.98,MEDIUM
426,ATM100426,Axis Bank,Bangalore,12.988158,77.622835,8.07,90,30,31,25000,69.3,MEDIUM
427,ATM100427,Punjab National Bank,Mumbai,19.039171,72.929708,5.03,35,32,36,40000,83.99,HIGH
428,ATM100428,Punjab National Bank,Nagpur,21.078129,79.017568,3.41,97,94,10,25000,19.37,LOW
429,ATM100429,Axis Bank,Mumbai,19.121584,72.910929,7.91,42,68,47,40000,90.77,HIGH
430,ATM100430,ICICI Bank,Chennai,13.085463,80.261132,1.56,74,99,16,50000,28.29,LOW
431,ATM100431,Kotak Mahindra Bank,Bangalore,12.944111,77.584043,0.98,88,31,22,40000,48.12,MEDIUM
432,ATM100432,Kotak Mahindra Bank,Bangalore,12.926898,77.610316,7.38,96,91,7,40000,22.72,LOW
433,ATM100433,Kotak Mahindra Bank,Ahmedabad,23.102236,72.640698,6.46,32,48,26,25000,70.89,HIGH
434,ATM100434,Bank of Maharashtra,Nashik,19.9849,73.811588,7.88,75,93,1,25000,21.02,LOW
435,ATM100435,HDFC Bank,Hyderabad,17.323934,78.472285,8.41,76,56,47,20000,86.02,HIGH
436,ATM100436,Bank of Maharashtra,Hyderabad,17.366413,78.4982,5.92,43,65,40,50000,79.88,HIGH
437,ATM100437,Bank of Maharashtra,Nashik,19.947016,73.767758,3.41,63,74,21,50000,46.07,MEDIUM
438,ATM100438,Bank of Maharashtra,Hyderabad,17.309191,78.410571,8.33,65,69,12,20000,43.39,MEDIUM
439,ATM100439,Bank of Maharashtra,Ahmedabad,22.986191,72.574293,3.06,73,45,27,50000,57.49,MEDIUM
440,ATM100440,Kotak Mahindra Bank,Bangalore,13.042109,77.556087,4.35,66,44,0,50000,29.02,LOW
441,ATM100441,Bank of Maharashtra,Nashik,20.057137,73.844509,1.94,89,49,33,40000,58.01,MEDIUM
442,ATM100442,SBI,Ahmedabad,23.070923,72.56471,4.88,50,68,31,40000,65.02,MEDIUM
443,ATM100443,ICICI Bank,Delhi,28.555257,77.141896,7.31,31,88,2,25000,33.61,LOW
444,ATM100444,SBI,Kolkata,22.572034,88.353796,7.32,45,36,31,40000,77.93,HIGH
445,ATM100445,HDFC Bank,Hyderabad,17.427482,78.432125,6.14,75,30,3,40000,36.56,LOW
446,ATM100446,SBI,Bangalore,12.913257,77.63482,6.6,66,94,42,25000,70.3,HIGH
447,ATM100447,ICICI Bank,Delhi,28.686958,77.140033,0.66,48,55,27,20000,57.64,MEDIUM
448,ATM100448,Punjab National Bank,Nagpur,21.11095,79.050073,2.55,34,90,22,25000,49.23,MEDIUM
449,ATM100449,ICICI Bank,Hyderabad,17.450001,78.446627,2.79,84,81,6,40000,20.13,LOW
450,ATM100450,Kotak Mahindra Bank,Kolkata,22.614104,88.355858,7.79,69,52,36,50000,74.63,HIGH
451,ATM100451,Axis Bank,Bangalore,12.902059,77.592611,0.43,47,55,16,25000,44.35,MEDIUM
452,ATM100452,ICICI Bank,Ahmedabad,22.952525,72.63643,1.48,55,68,19,20000,44.27,MEDIUM
453,ATM100453,Punjab National Bank,Kolkata,22.577787,88.349675,3.54,89,99,11,50000,21.51,LOW
454,ATM100454,Kotak Mahindra Bank,Hyderabad,17.448973,78.410192,6.67,42,47,33,50000,77.35,HIGH
455,ATM100455,Axis Bank,Bangalore,13.045743,77.604227,9.37,94,75,29,40000,56.6,MEDIUM
456,ATM100456,Bank of Maharashtra,Chennai,13.011061,80.257707,2.68,83,82,29,20000,47.57,MEDIUM
457,ATM100457,Bank of Maharashtra,Pune,18.557331,73.933708,2.64,83,41,48,25000,80.56,HIGH
458,ATM100458,Bank of Maharashtra,Delhi,28.638568,77.160696,5.7,61,95,23,25000,47.15,MEDIUM
459,ATM100459,HDFC Bank,Ahmedabad,23.016729,72.646921,6.12,67,36,48,50000,91.03,HIGH
460,ATM100460,Punjab National Bank,Hyderabad,17.360921,78.424955,1.6,30,89,48,50000,80.25,HIGH
461,ATM100461,ICICI Bank,Pune,18.476451,73.816855,8.52,40,37,17,20000,63.93,MEDIUM
462,ATM100462,Kotak Mahindra Bank,Kolkata,22.582396,88.367643,1.24,42,67,36,50000,67.81,MEDIUM
463,ATM100463,Kotak Mahindra Bank,Bangalore,13.029222,77.63025,0.77,37,45,47,20000,87.06,HIGH
464,ATM100464,HDFC Bank,Nagpur,21.179054,79.095166,0.91,96,48,35,50000,57.37,MEDIUM
465,ATM100465,Kotak Mahindra Bank,Nagpur,21.139128,79.085751,1.74,49,68,40,40000,71.36,HIGH
466,ATM100466,SBI,Pune,18.591712,73.912696,6.72,92,55,7,20000,31.73,LOW
467,ATM100467,HDFC Bank,Nashik,19.991467,73.775682,6.54,45,96,6,25000,31.76,LOW
468,ATM100468,Axis Bank,Mumbai,19.083269,72.807664,5.17,90,33,32,50000,65.41,MEDIUM
469,ATM100469,HDFC Bank,Pune,18.569425,73.850178,0.61,45,68,25,50000,52.66,MEDIUM
470,ATM100470,Punjab National Bank,Nagpur,21.191605,79.040418,2.66,99,63,39,50000,60.29,MEDIUM
471,ATM100471,HDFC Bank,Kolkata,22.518953,88.336734,7.59,45,85,9,20000,39.68,LOW
472,ATM100472,Axis Bank,Nashik,20.000602,73.742581,8.79,60,51,32,25000,73.83,HIGH
473,ATM100473,Bank of Maharashtra,Chennai,13.143433,80.329993,2.46,67,67,42,20000,70.59,HIGH
474,ATM100474,Kotak Mahindra Bank,Chennai,13.074898,80.348298,7.74,77,65,25,50000,56.11,MEDIUM
475,ATM100475,SBI,Mumbai,19.000347,72.808133,4.69,89,83,27,25000,46.44,MEDIUM
476,ATM100476,SBI,Delhi,28.679375,77.215192,5.03,88,45,36,50000,67.49,MEDIUM
477,ATM100477,SBI,Kolkata,22.509476,88.388985,8.24,68,34,41,50000,86.06,HIGH
478,ATM100478,ICICI Bank,Bangalore,12.952467,77.638698,9.65,47,89,46,50000,85.67,HIGH
479,ATM100479,ICICI Bank,Pune,18.473003,73.860433,2.94,50,75,32,25000,61.56,MEDIUM
480,ATM100480,Kotak Mahindra Bank,Ahmedabad,23.069357,72.583815,6.38,79,95,4,25000,20.87,LOW
481,ATM100481,ICICI Bank,Nashik,20.045166,73.773155,9.16,75,73,29,25000,61.54,MEDIUM
482,ATM100482,Axis Bank,Delhi,28.619185,77.154273,6.99,80,38,41,50000,80.18,HIGH
483,ATM100483,HDFC Bank,Chennai,13.129622,80.241382,8.59,53,94,49,40000,84.94,HIGH
484,ATM100484,SBI,Bangalore,13.036583,77.558905,9.84,74,81,4,20000,30.81,LOW
485,ATM100485,Axis Bank,Nashik,19.940014,73.742123,1.92,59,42,42,20000,78.03,HIGH
486,ATM100486,SBI,Chennai,13.145738,80.295387,1.61,71,59,49,25000,78.72,HIGH
487,ATM100487,Bank of Maharashtra,Nashik,19.987952,73.808248,0.93,79,83,4,20000,15.7,LOW
488,ATM100488,Axis Bank,Delhi,28.675087,77.257577,5.1,44,34,47,20000,94.55,HIGH
489,ATM100489,Kotak Mahindra Bank,Bangalore,13.04634,77.581442,9.84,33,52,20,20000,67.51,MEDIUM
490,ATM100490,HDFC Bank,Chennai,13.109567,80.292247,1.74,78,47,40,25000,69.36,MEDIUM
491,ATM100491,HDFC Bank,Delhi,28.675008,77.197398,1.71,92,86,43,40000,59.66,MEDIUM
492,ATM100492,SBI,Nagpur,21.067817,79.097761,5.32,50,85,33,25000,63.83,MEDIUM
493,ATM100493,Punjab National Bank,Kolkata,22.607697,88.426341,0.89,33,42,13,20000,48.19,MEDIUM
494,ATM100494,Bank of Maharashtra,Nashik,20.034539,73.739786,8.6,30,76,49,50000,95.2,HIGH
495,ATM100495,HDFC Bank,Ahmedabad,23.07355,72.577927,7.13,39,73,11,50000,45.9,MEDIUM
496,ATM100496,Bank of Maharashtra,Nagpur,21.116096,79.083587,8.23,90,94,22,40000,42.74,MEDIUM
497,ATM100497,Kotak Mahindra Bank,Ahmedabad,23.015982,72.548648,4.99,47,38,28,50000,69.84,MEDIUM
498,ATM100498,SBI,Hyderabad,17.43752,78.460333,1.82,39,40,8,40000,42.58,MEDIUM
499,ATM100499,SBI,Mumbai,19.109922,72.929857,1.1,93,59,3,40000,17.25,LOW
500,ATM100500,SBI,Nagpur,21.10418,79.030916,3.54,67,62,24,40000,51.86,MEDIUM
