id,case_number,complaint_id,priority,status,assigned_to,risk_level,created_at,updated_at
1,CASE500001,1,MEDIUM,MONITORING,68,LOW,2026-08-21 10:39:07,2026-08-22 03:45:07
2,CASE500002,2,LOW,UNDER_INVESTIGATION,92,LOW,2026-04-29 22:03:07,2026-04-30 18:41:07
3,CASE500003,3,MEDIUM,MONITORING,405,LOW,2026-08-06 18:25:07,2026-08-07 05:49:07
4,CASE500004,4,HIGH,RESOLVED,290,MEDIUM,2026-08-03 04:41:07,2026-08-03 12:54:07
5,CASE500005,5,LOW,UNDER_INVESTIGATION,80,LOW,2026-09-08 02:47:07,2026-09-08 07:52:07
6,CASE500006,6,LOW,UNDER_INVESTIGATION,192,LOW,2026-05-29 05:56:07,2026-05-29 13:24:07
7,CASE500007,7,HIGH,RESOLVED,181,MEDIUM,2026-05-18 19:09:07,2026-05-19 09:15:07
8,CASE500008,8,MEDIUM,OPEN,368,MEDIUM,2026-06-16 16:00:07,2026-06-17 08:54:07
9,CASE500009,9,LOW,MONITORING,225,LOW,2026-05-29 14:23:07,2026-05-29 18:24:07
10,CASE500010,10,MEDIUM,RESOLVED,469,LOW,2026-08-01 18:02:07,2026-08-02 10:24:07
11,CASE500011,11,LOW,UNDER_INVESTIGATION,105,LOW,2026-04-08 18:02:07,2026-04-09 03:40:07
12,CASE500012,12,LOW,MONITORING,489,LOW,2026-07-08 19:33:07,2026-07-09 11:56:07
13,CASE500013,13,MEDIUM,MONITORING,14,LOW,2026-08-03 23:19:07,2026-08-04 10:00:07
14,CASE500014,14,LOW,OPEN,37,LOW,2026-08-16 20:19:07,2026-08-17 19:05:07
15,CASE500015,15,LOW,UNDER_INVESTIGATION,381,LOW,2026-06-21 00:04:07,2026-06-21 08:52:07
16,CASE500016,16,LOW,RESOLVED,438,LOW,2026-09-01 08:24:07,2026-09-01 19:07:07
17,CASE500017,17,LOW,MONITORING,92,LOW,2026-03-31 19:52:07,2026-04-01 19:25:07
18,CASE500018,18,MEDIUM,UNDER_INVESTIGATION,268,LOW,2026-04-10 03:01:07,2026-04-10 18:17:07
19,CASE500019,19,LOW,OPEN,181,LOW,2026-05-14 08:59:07,2026-05-14 22:33:07
20,CASE500020,20,LOW,MONITORING,165,LOW,2026-09-23 13:04:07,2026-09-23 16:18:07
21,CASE500021,21,HIGH,MONITORING,116,MEDIUM,2026-08-10 19:05:07,2026-08-11 02:25:07
22,CASE500022,22,LOW,RESOLVED,225,LOW,2026-06-11 18:16:07,2026-06-12 15:59:07
23,CASE500023,23,MEDIUM,RESOLVED,192,LOW,2026-07-06 20:20:07,2026-07-06 21:39:07
24,CASE500024,24,LOW,OPEN,324,LOW,2026-05-18 01:48:07,2026-05-18 18:44:07
25,CASE500025,25,LOW,RESOLVED,491,LOW,2026-04-09 11:57:07,2026-04-09 23:28:07
26,CASE500026,26,MEDIUM,RESOLVED,116,LOW,2026-07-28 04:43:07,2026-07-28 08:18:07
27,CASE500027,27,LOW,MONITORING,48,LOW,2026-05-10 22:27:07,2026-05-11 15:53:07
28,CASE500028,28,MEDIUM,MONITORING,414,LOW,2026-08-20 03:37:07,2026-08-20 18:08:07
29,CASE500029,29,LOW,MONITORING,475,LOW,2026-06-04 15:22:07,2026-06-05 07:00:07
30,CASE500030,30,LOW,OPEN,439,LOW,2026-06-11 03:14:07,2026-06-11 05:10:07
31,CASE500031,31,LOW,UNDER_INVESTIGATION,306,LOW,2026-07-08 05:37:07,2026-07-09 03:17:07
32,CASE500032,32,CRITICAL,UNDER_INVESTIGATION,278,HIGH,2026-06-03 18:50:07,2026-06-03 19:06:07
33,CASE500033,33,LOW,UNDER_INVESTIGATION,215,LOW,2026-06-13 13:56:07,2026-06-14 11:32:07
34,CASE500034,34,LOW,MONITORING,62,LOW,2026-07-27 13:00:07,2026-07-28 08:49:07
35,CASE500035,35,MEDIUM,OPEN,178,MEDIUM,2026-08-08 23:04:07,2026-08-09 04:37:07
36,CASE500036,36,LOW,UNDER_INVESTIGATION,471,LOW,2026-05-08 19:25:07,2026-05-09 15:51:07
37,CASE500037,37,MEDIUM,RESOLVED,313,LOW,2026-04-10 22:39:07,2026-04-11 09:43:07
38,CASE500038,38,LOW,RESOLVED,184,LOW,2026-05-31 09:18:07,2026-05-31 14:01:07
39,CASE500039,39,LOW,UNDER_INVESTIGATION,409,LOW,2026-07-25 09:49:07,2026-07-26 09:26:07
40,CASE500040,40,MEDIUM,MONITORING,142,LOW,2026-04-17 06:13:07,2026-04-17 16:00:07
41,CASE500041,41,MEDIUM,OPEN,257,MEDIUM,2026-05-23 09:19:07,2026-05-23 23:37:07
42,CASE500042,42,MEDIUM,UNDER_INVESTIGATION,263,LOW,2026-07-22 19:40:07,2026-07-23 09:15:07
43,CASE500043,43,LOW,UNDER_INVESTIGATION,16,LOW,2026-05-18 10:37:07,2026-05-18 11:29:07
44,CASE500044,44,LOW,UNDER_INVESTIGATION,318,LOW,2026-08-12 15:19:07,2026-08-12 18:31:07
45,CASE500045,45,LOW,UNDER_INVESTIGATION,479,LOW,2026-05-26 18:27:07,2026-05-27 03:33:07
46,CASE500046,46,LOW,UNDER_INVESTIGATION,278,LOW,2026-09-04 05:58:07,2026-09-04 07:49:07
47,CASE500047,47,LOW,RESOLVED,184,LOW,2026-05-04 17:55:07,2026-05-05 14:34:07
48,CASE500048,48,MEDIUM,UNDER_INVESTIGATION,257,MEDIUM,2026-07-12 02:04:07,2026-07-12 05:16:07
49,CASE500049,49,MEDIUM,UNDER_INVESTIGATION,89,LOW,2026-08-12 08:24:07,2026-08-13 03:55:07
50,CASE500050,50,LOW,OPEN,298,LOW,2026-07-27 15:26:07,2026-07-28 09:32:07
51,CASE500051,51,MEDIUM,RESOLVED,341,LOW,2026-07-06 16:06:07,2026-07-07 15:15:07
52,CASE500052,52,LOW,OPEN,488,LOW,2026-08-06 00:00:07,2026-08-06 07:49:07
53,CASE500053,53,LOW,UNDER_INVESTIGATION,188,LOW,2026-08-18 16:18:07,2026-08-18 22:58:07
54,CASE500054,54,MEDIUM,MONITORING,265,LOW,2026-07-03 03:24:07,2026-07-03 20:26:07
55,CASE500055,55,MEDIUM,UNDER_INVESTIGATION,146,MEDIUM,2026-06-25 13:39:07,2026-06-26 04:32:07
56,CASE500056,56,MEDIUM,UNDER_INVESTIGATION,497,MEDIUM,2026-07-10 13:24:07,2026-07-10 23:13:07
57,CASE500057,57,LOW,UNDER_INVESTIGATION,129,LOW,2026-09-02 05:13:07,2026-09-02 19:39:07
58,CASE500058,58,LOW,RESOLVED,20,LOW,2026-04-01 01:17:07,2026-04-01 06:25:07
59,CASE500059,59,MEDIUM,MONITORING,165,LOW,2026-08-08 12:46:07,2026-08-08 21:52:07
60,CASE500060,60,MEDIUM,RESOLVED,259,MEDIUM,2026-07-23 02:46:07,2026-07-23 11:24:07
61,CASE500061,61,LOW,RESOLVED,8,LOW,2026-07-02 02:01:07,2026-07-02 05:06:07
62,CASE500062,62,LOW,RESOLVED,228,LOW,2026-08-09 09:45:07,2026-08-09 14:27:07
63,CASE500063,63,LOW,RESOLVED,149,LOW,2026-05-11 18:32:07,2026-05-12 18:08:07
64,CASE500064,64,LOW,RESOLVED,411,LOW,2026-08-19 21:14:07,2026-08-20 11:50:07
65,CASE500065,65,MEDIUM,MONITORING,71,MEDIUM,2026-04-21 21:45:07,2026-04-22 00:24:07
66,CASE500066,66,HIGH,OPEN,235,MEDIUM,2026-07-30 15:53:07,2026-07-30 17:49:07
67,CASE500067,67,LOW,UNDER_INVESTIGATION,248,LOW,2026-04-17 16:40:07,2026-04-18 08:54:07
68,CASE500068,68,MEDIUM,OPEN,180,MEDIUM,2026-07-18 20:19:07,2026-07-18 20:39:07
69,CASE500069,69,MEDIUM,RESOLVED,273,LOW,2026-04-22 08:36:07,2026-04-22 19:05:07
70,CASE500070,70,LOW,MONITORING,386,LOW,2026-04-18 08:28:07,2026-04-18 13:08:07
71,CASE500071,71,MEDIUM,OPEN,128,LOW,2026-06-12 17:02:07,2026-06-13 13:00:07
72,CASE500072,72,HIGH,MONITORING,345,MEDIUM,2026-05-30 16:17:07,2026-05-30 22:14:07
73,CASE500073,73,LOW,RESOLVED,322,LOW,2026-06-21 03:55:07,2026-06-21 15:39:07
74,CASE500074,74,HIGH,UNDER_INVESTIGATION,225,MEDIUM,2026-06-15 13:56:07,2026-06-15 17:09:07
75,CASE500075,75,LOW,RESOLVED,184,LOW,2026-07-05 19:38:07,2026-07-06 00:38:07
76,CASE500076,76,MEDIUM,OPEN,31,MEDIUM,2026-07-17 18:24:07,2026-07-18 05:15:07
77,CASE500077,77,MEDIUM,UNDER_INVESTIGATION,196,LOW,2026-07-13 20:35:07,2026-07-14 13:47:07
78,CASE500078,78,LOW,MONITORING,197,LOW,2026-06-28 07:28:07,2026-06-28 22:18:07
79,CASE500079,79,MEDIUM,MONITORING,187,LOW,2026-08-19 05:14:07,2026-08-20 02:19:07
80,CASE500080,80,LOW,MONITORING,119,LOW,2026-07-19 19:56:07,2026-07-20 10:58:07
81,CASE500081,81,LOW,MONITORING,109,LOW,2026-07-11 10:38:07,2026-07-12 03:34:07
82,CASE500082,82,MEDIUM,RESOLVED,135,LOW,2026-07-26 11:59:07,2026-07-26 13:57:07
83,CASE500083,83,HIGH,UNDER_INVESTIGATION,162,MEDIUM,2026-09-16 14:30:07,2026-09-16 16:31:07
84,CASE500084,84,LOW,UNDER_INVESTIGATION,323,LOW,2026-07-09 04:42:07,2026-07-09 06:05:07
85,CASE500085,85,LOW,MONITORING,482,LOW,2026-09-23 14:44:07,2026-09-23 20:28:07
86,CASE500086,86,LOW,RESOLVED,88,LOW,2026-04-25 17:13:07,2026-04-26 08:16:07
87,CASE500087,87,MEDIUM,RESOLVED,303,MEDIUM,2026-06-25 23:10:07,2026-06-26 00:43:07
88,CASE500088,88,MEDIUM,MONITORING,334,LOW,2026-06-13 11:42:07,2026-06-14 07:00:07
89,CASE500089,89,LOW,RESOLVED,85,LOW,2026-05-14 00:11:07,2026-05-14 17:10:07
90,CASE500090,90,MEDIUM,UNDER_INVESTIGATION,245,LOW,2026-09-01 10:26:07,2026-09-01 14:49:07
91,CASE500091,91,MEDIUM,OPEN,198,LOW,2026-07-10 06:02:07,2026-07-10 13:09:07
92,CASE500092,92,MEDIUM,UNDER_INVESTIGATION,350,MEDIUM,2026-06-05 16:05:07,2026-06-05 21:59:07
93,CASE500093,93,LOW,MONITORING,457,LOW,2026-06-04 02:23:07,2026-06-04 21:46:07
94,CASE500094,94,LOW,UNDER_INVESTIGATION,4,LOW,2026-04-23 08:24:07,2026-04-24 04:29:07
95,CASE500095,95,LOW,UNDER_INVESTIGATION,57,LOW,2026-05-20 08:08:07,2026-05-20 22:30:07
96,CASE500096,96,LOW,UNDER_INVESTIGATION,465,LOW,2026-08-19 20:05:07,2026-08-20 13:15:07
97,CASE500097,97,MEDIUM,OPEN,19,LOW,2026-08-06 06:23:07,2026-08-06 17:46:07
98,CASE500098,98,MEDIUM,MONITORING,468,LOW,2026-05-04 06:51:07,2026-05-05 06:16:07
99,CASE500099,99,MEDIUM,OPEN,261,LOW,2026-09-05 10:56:07,2026-09-06 00:33:07
100,CASE500100,100,LOW,OPEN,110,LOW,2026-07-23 05:13:07,2026-07-23 16:25:07
101,CASE500101,101,LOW,OPEN,317,LOW,2026-06-17 17:52:07,2026-06-17 20:48:07
102,CASE500102,102,LOW,RESOLVED,429,LOW,2026-09-03 22:32:07,2026-09-04 14:11:07
103,CASE500103,103,LOW,MONITORING,452,LOW,2026-06-05 11:12:07,2026-06-06 07:38:07
104,CASE500104,104,LOW,OPEN,31,LOW,2026-09-10 11:16:07,2026-09-10 22:40:07
105,CASE500105,105,LOW,RESOLVED,500,LOW,2026-03-29 09:15:07,2026-03-29 20:30:07
106,CASE500106,106,MEDIUM,UNDER_INVESTIGATION,33,LOW,2026-04-22 11:51:07,2026-04-22 19:13:07
107,CASE500107,107,CRITICAL,MONITORING,39,HIGH,2026-08-31 04:41:07,2026-08-31 15:52:07
108,CASE500108,108,MEDIUM,OPEN,414,LOW,2026-04-21 13:19:07,2026-04-22 08:09:07
109,CASE500109,109,MEDIUM,RESOLVED,277,LOW,2026-09-08 10:46:07,2026-09-08 14:05:07
110,CASE500110,110,LOW,MONITORING,170,LOW,2026-07-05 18:12:07,2026-07-06 00:26:07
111,CASE500111,111,LOW,RESOLVED,14,LOW,2026-06-27 18:39:07,2026-06-27 21:51:07
112,CASE500112,112,LOW,UNDER_INVESTIGATION,268,LOW,2026-08-24 10:31:07,2026-08-24 16:14:07
113,CASE500113,113,MEDIUM,RESOLVED,445,LOW,2026-09-22 20:36:07,2026-09-23 06:29:07
114,CASE500114,114,CRITICAL,UNDER_INVESTIGATION,207,HIGH,2026-05-06 01:51:07,2026-05-06 06:07:07
115,CASE500115,115,LOW,RESOLVED,217,LOW,2026-04-18 21:38:07,2026-04-19 12:33:07
116,CASE500116,116,MEDIUM,UNDER_INVESTIGATION,458,LOW,2026-09-22 08:41:07,2026-09-22 21:06:07
117,CASE500117,117,LOW,OPEN,352,LOW,2026-04-03 19:22:07,2026-04-04 08:04:07
118,CASE500118,118,LOW,UNDER_INVESTIGATION,307,LOW,2026-08-04 19:34:07,2026-08-05 12:26:07
119,CASE500119,119,HIGH,RESOLVED,189,MEDIUM,2026-08-04 08:33:07,2026-08-05 00:58:07
120,CASE500120,120,MEDIUM,RESOLVED,290,MEDIUM,2026-05-23 18:46:07,2026-05-23 22:00:07
121,CASE500121,121,MEDIUM,MONITORING,132,MEDIUM,2026-05-11 16:22:07,2026-05-12 13:29:07
122,CASE500122,122,LOW,RESOLVED,293,LOW,2026-03-29 19:43:07,2026-03-30 17:24:07
123,CASE500123,123,HIGH,OPEN,352,MEDIUM,2026-08-13 15:40:07,2026-08-13 17:12:07
124,CASE500124,124,LOW,MONITORING,465,LOW,2026-06-13 11:44:07,2026-06-14 03:43:07
125,CASE500125,125,MEDIUM,UNDER_INVESTIGATION,471,LOW,2026-08-07 22:15:07,2026-08-08 20:31:07
126,CASE500126,126,CRITICAL,UNDER_INVESTIGATION,362,HIGH,2026-07-17 05:39:07,2026-07-17 22:43:07
127,CASE500127,127,LOW,OPEN,322,LOW,2026-06-04 15:35:07,2026-06-05 01:40:07
128,CASE500128,128,LOW,RESOLVED,327,LOW,2026-06-15 21:38:07,2026-06-16 00:30:07
129,CASE500129,129,MEDIUM,MONITORING,95,LOW,2026-05-07 05:50:07,2026-05-07 11:04:07
130,CASE500130,130,LOW,MONITORING,360,LOW,2026-08-05 10:14:07,2026-08-05 18:53:07
131,CASE500131,131,LOW,RESOLVED,394,LOW,2026-04-20 22:37:07,2026-04-21 08:52:07
132,CASE500132,132,MEDIUM,OPEN,57,LOW,2026-08-24 02:47:07,2026-08-24 21:45:07
133,CASE500133,133,LOW,OPEN,81,LOW,2026-04-06 22:34:07,2026-04-07 16:15:07
134,CASE500134,134,MEDIUM,RESOLVED,71,LOW,2026-06-25 15:29:07,2026-06-26 05:44:07
135,CASE500135,135,LOW,RESOLVED,492,LOW,2026-09-08 18:02:07,2026-09-09 16:45:07
136,CASE500136,136,HIGH,MONITORING,181,MEDIUM,2026-09-08 00:46:07,2026-09-08 13:03:07
137,CASE500137,137,LOW,OPEN,11,LOW,2026-07-04 16:42:07,2026-07-05 10:03:07
138,CASE500138,138,LOW,OPEN,318,LOW,2026-08-23 15:41:07,2026-08-24 14:25:07
139,CASE500139,139,MEDIUM,UNDER_INVESTIGATION,271,MEDIUM,2026-06-25 13:42:07,2026-06-25 20:05:07
140,CASE500140,140,LOW,OPEN,287,LOW,2026-08-18 15:24:07,2026-08-18 18:24:07
141,CASE500141,141,MEDIUM,MONITORING,406,LOW,2026-04-02 01:01:07,2026-04-02 11:53:07
142,CASE500142,142,HIGH,RESOLVED,310,MEDIUM,2026-05-04 03:16:07,2026-05-05 02:18:07
143,CASE500143,143,LOW,MONITORING,132,LOW,2026-06-21 17:51:07,2026-06-22 05:40:07
144,CASE500144,144,MEDIUM,UNDER_INVESTIGATION,59,LOW,2026-05-24 06:08:07,2026-05-24 12:37:07
145,CASE500145,145,MEDIUM,MONITORING,80,LOW,2026-08-19 09:42:07,2026-08-20 08:51:07
146,CASE500146,146,MEDIUM,RESOLVED,13,MEDIUM,2026-06-20 07:35:07,2026-06-21 01:59:07
147,CASE500147,147,LOW,OPEN,88,LOW,2026-05-19 16:15:07,2026-05-20 05:53:07
148,CASE500148,148,LOW,OPEN,451,LOW,2026-07-12 14:27:07,2026-07-12 20:28:07
149,CASE500149,149,MEDIUM,RESOLVED,474,LOW,2026-05-07 22:35:07,2026-05-08 14:27:07
150,CASE500150,150,MEDIUM,RESOLVED,414,LOW,2026-05-08 07:35:07,2026-05-09 06:12:07
151,CASE500151,151,MEDIUM,RESOLVED,424,LOW,2026-05-06 09:37:07,2026-05-06 20:07:07
152,CASE500152,152,MEDIUM,MONITORING,463,LOW,2026-04-08 21:07:07,2026-04-09 20:51:07
153,CASE500153,153,LOW,RESOLVED,64,LOW,2026-05-17 11:32:07,2026-05-17 22:01:07
154,CASE500154,154,MEDIUM,UNDER_INVESTIGATION,10,LOW,2026-07-31 05:47:07,2026-07-31 10:33:07
155,CASE500155,155,MEDIUM,UNDER_INVESTIGATION,11,LOW,2026-06-02 23:00:07,2026-06-03 02:59:07
156,CASE500156,156,LOW,UNDER_INVESTIGATION,148,LOW,2026-08-24 16:06:07,2026-08-24 17:10:07
157,CASE500157,157,CRITICAL,RESOLVED,105,HIGH,2026-06-11 10:56:07,2026-06-12 09:14:07
158,CASE500158,158,MEDIUM,UNDER_INVESTIGATION,428,LOW,2026-05-15 12:33:07,2026-05-16 03:35:07
159,CASE500159,159,LOW,UNDER_INVESTIGATION,213,LOW,2026-04-13 10:55:07,2026-04-13 14:01:07
160,CASE500160,160,MEDIUM,RESOLVED,325,LOW,2026-04-24 21:40:07,2026-04-25 02:53:07
161,CASE500161,161,LOW,RESOLVED,88,LOW,2026-07-10 16:55:07,2026-07-10 17:49:07
162,CASE500162,162,MEDIUM,UNDER_INVESTIGATION,479,MEDIUM,2026-04-05 21:27:07,2026-04-06 02:49:07
163,CASE500163,163,HIGH,RESOLVED,324,MEDIUM,2026-06-14 17:24:07,2026-06-15 10:07:07
164,CASE500164,164,LOW,OPEN,405,LOW,2026-08-29 04:36:07,2026-08-29 20:06:07
165,CASE500165,165,MEDIUM,UNDER_INVESTIGATION,203,MEDIUM,2026-08-05 13:35:07,2026-08-05 20:37:07
166,CASE500166,166,MEDIUM,RESOLVED,235,LOW,2026-04-10 15:33:07,2026-04-10 17:27:07
167,CASE500167,167,MEDIUM,OPEN,430,MEDIUM,2026-09-05 12:14:07,2026-09-05 15:54:07
168,CASE500168,168,CRITICAL,RESOLVED,341,HIGH,2026-06-23 14:24:07,2026-06-24 04:45:07
169,CASE500169,169,LOW,MONITORING,337,LOW,2026-09-08 16:14:07,2026-09-08 17:39:07
170,CASE500170,170,LOW,RESOLVED,352,LOW,2026-08-27 08:45:07,2026-08-28 01:30:07
171,CASE500171,171,LOW,RESOLVED,488,LOW,2026-05-21 22:50:07,2026-05-22 06:54:07
172,CASE500172,172,LOW,OPEN,13,LOW,2026-06-12 05:37:07,2026-06-12 23:48:07
173,CASE500173,173,LOW,RESOLVED,224,LOW,2026-08-06 16:28:07,2026-08-07 12:18:07
174,CASE500174,174,MEDIUM,OPEN,445,LOW,2026-06-01 21:56:07,2026-06-02 07:14:07
175,CASE500175,175,MEDIUM,RESOLVED,88,LOW,2026-08-03 18:25:07,2026-08-04 10:44:07
176,CASE500176,176,MEDIUM,RESOLVED,444,MEDIUM,2026-09-17 19:12:07,2026-09-18 16:37:07
177,CASE500177,177,MEDIUM,MONITORING,477,LOW,2026-07-23 12:01:07,2026-07-24 03:29:07
178,CASE500178,178,HIGH,RESOLVED,116,MEDIUM,2026-08-09 17:57:07,2026-08-09 18:49:07
179,CASE500179,179,LOW,MONITORING,323,LOW,2026-05-12 11:02:07,2026-05-12 17:45:07
180,CASE500180,180,CRITICAL,MONITORING,163,HIGH,2026-08-21 14:02:07,2026-08-22 05:09:07
181,CASE500181,181,MEDIUM,UNDER_INVESTIGATION,470,LOW,2026-04-06 01:43:07,2026-04-06 21:56:07
182,CASE500182,182,LOW,MONITORING,489,LOW,2026-09-20 19:50:07,2026-09-21 16:33:07
183,CASE500183,183,LOW,RESOLVED,203,LOW,2026-07-22 08:04:07,2026-07-22 12:42:07
184,CASE500184,184,MEDIUM,RESOLVED,463,LOW,2026-07-08 08:45:07,2026-07-08 23:08:07
185,CASE500185,185,LOW,MONITORING,116,LOW,2026-09-09 09:55:07,2026-09-10 02:12:07
186,CASE500186,186,MEDIUM,UNDER_INVESTIGATION,473,MEDIUM,2026-07-11 22:55:07,2026-07-12 08:43:07
187,CASE500187,187,MEDIUM,OPEN,333,LOW,2026-09-13 00:48:07,2026-09-13 23:44:07
188,CASE500188,188,LOW,UNDER_INVESTIGATION,143,LOW,2026-06-07 12:21:07,2026-06-07 18:25:07
189,CASE500189,189,LOW,UNDER_INVESTIGATION,339,LOW,2026-09-23 21:49:07,2026-09-24 18:39:07
190,CASE500190,190,LOW,OPEN,340,LOW,2026-03-31 05:36:07,2026-03-31 19:57:07
191,CASE500191,191,LOW,MONITORING,148,LOW,2026-09-07 16:00:07,2026-09-08 00:10:07
192,CASE500192,192,MEDIUM,OPEN,251,MEDIUM,2026-09-16 18:58:07,2026-09-16 19:45:07
193,CASE500193,193,MEDIUM,MONITORING,465,LOW,2026-09-02 17:27:07,2026-09-03 05:48:07
194,CASE500194,194,LOW,UNDER_INVESTIGATION,345,LOW,2026-07-04 07:25:07,2026-07-04 13:32:07
195,CASE500195,195,MEDIUM,OPEN,237,LOW,2026-07-12 03:01:07,2026-07-12 05:21:07
196,CASE500196,196,MEDIUM,RESOLVED,424,LOW,2026-07-28 23:38:07,2026-07-29 03:41:07
197,CASE500197,197,LOW,UNDER_INVESTIGATION,387,LOW,2026-09-14 19:04:07,2026-09-14 23:21:07
198,CASE500198,198,MEDIUM,UNDER_INVESTIGATION,183,LOW,2026-03-30 05:30:07,2026-03-30 22:16:07
199,CASE500199,199,MEDIUM,MONITORING,32,LOW,2026-06-19 16:34:07,2026-06-20 04:51:07
200,CASE500200,200,LOW,MONITORING,473,LOW,2026-08-20 22:36:07,2026-08-21 03:55:07
201,CASE500201,201,MEDIUM,OPEN,300,LOW,2026-04-06 02:06:07,2026-04-06 03:59:07
202,CASE500202,202,MEDIUM,RESOLVED,80,LOW,2026-06-28 10:23:07,2026-06-28 14:20:07
203,CASE500203,203,MEDIUM,OPEN,29,MEDIUM,2026-09-11 15:31:07,2026-09-12 10:52:07
204,CASE500204,204,MEDIUM,OPEN,430,MEDIUM,2026-05-08 23:39:07,2026-05-09 05:31:07
205,CASE500205,205,LOW,OPEN,254,LOW,2026-05-15 06:52:07,2026-05-15 14:02:07
206,CASE500206,206,LOW,UNDER_INVESTIGATION,484,LOW,2026-08-01 09:04:07,2026-08-01 19:12:07
207,CASE500207,207,MEDIUM,RESOLVED,343,LOW,2026-04-22 21:13:07,2026-04-23 14:39:07
208,CASE500208,208,MEDIUM,OPEN,445,LOW,2026-06-22 17:59:07,2026-06-22 23:24:07
209,CASE500209,209,MEDIUM,MONITORING,101,LOW,2026-05-17 15:10:07,2026-05-18 02:45:07
210,CASE500210,210,CRITICAL,OPEN,300,HIGH,2026-08-18 00:08:07,2026-08-18 07:11:07
211,CASE500211,211,MEDIUM,RESOLVED,175,LOW,2026-04-02 20:40:07,2026-04-02 21:03:07
212,CASE500212,212,HIGH,RESOLVED,199,MEDIUM,2026-05-19 01:33:07,2026-05-19 13:22:07
213,CASE500213,213,MEDIUM,UNDER_INVESTIGATION,188,MEDIUM,2026-09-21 05:34:07,2026-09-21 08:38:07
214,CASE500214,214,MEDIUM,MONITORING,253,LOW,2026-09-01 23:24:07,2026-09-02 13:43:07
215,CASE500215,215,LOW,UNDER_INVESTIGATION,364,LOW,2026-07-19 14:14:07,2026-07-19 19:34:07
216,CASE500216,216,MEDIUM,RESOLVED,101,MEDIUM,2026-08-16 16:39:07,2026-08-17 00:36:07
217,CASE500217,217,LOW,RESOLVED,282,LOW,2026-08-26 10:20:07,2026-08-27 00:36:07
218,CASE500218,218,LOW,RESOLVED,469,LOW,2026-08-07 11:21:07,2026-08-08 05:08:07
219,CASE500219,219,LOW,MONITORING,303,LOW,2026-09-12 18:52:07,2026-09-12 20:02:07
220,CASE500220,220,MEDIUM,UNDER_INVESTIGATION,491,LOW,2026-07-19 16:28:07,2026-07-19 16:58:07
221,CASE500221,221,CRITICAL,OPEN,238,HIGH,2026-04-03 01:23:07,2026-04-03 04:26:07
222,CASE500222,222,LOW,MONITORING,119,LOW,2026-08-05 10:37:07,2026-08-06 00:29:07
223,CASE500223,223,MEDIUM,RESOLVED,271,LOW,2026-08-12 07:27:07,2026-08-12 09:42:07
224,CASE500224,224,LOW,OPEN,439,LOW,2026-04-14 09:42:07,2026-04-15 08:24:07
225,CASE500225,225,LOW,UNDER_INVESTIGATION,40,LOW,2026-07-15 18:32:07,2026-07-16 14:18:07
226,CASE500226,226,MEDIUM,MONITORING,278,MEDIUM,2026-08-02 11:49:07,2026-08-03 02:17:07
227,CASE500227,227,MEDIUM,MONITORING,243,LOW,2026-08-10 15:39:07,2026-08-11 02:31:07
228,CASE500228,228,LOW,OPEN,363,LOW,2026-04-27 09:31:07,2026-04-27 19:13:07
229,CASE500229,229,LOW,UNDER_INVESTIGATION,307,LOW,2026-07-11 05:25:07,2026-07-11 19:22:07
230,CASE500230,230,MEDIUM,UNDER_INVESTIGATION,427,LOW,2026-09-15 03:25:07,2026-09-15 22:09:07
231,CASE500231,231,LOW,RESOLVED,243,LOW,2026-08-22 23:52:07,2026-08-23 23:50:07
232,CASE500232,232,MEDIUM,RESOLVED,213,LOW,2026-06-16 23:59:07,2026-06-17 06:53:07
233,CASE500233,233,MEDIUM,OPEN,371,LOW,2026-05-09 08:51:07,2026-05-09 10:16:07
234,CASE500234,234,LOW,MONITORING,496,LOW,2026-07-23 22:53:07,2026-07-24 12:21:07
235,CASE500235,235,CRITICAL,UNDER_INVESTIGATION,372,HIGH,2026-08-11 14:47:07,2026-08-12 08:42:07
236,CASE500236,236,MEDIUM,MONITORING,70,LOW,2026-08-25 15:29:07,2026-08-25 22:56:07
237,CASE500237,237,LOW,MONITORING,240,LOW,2026-08-25 08:25:07,2026-08-26 02:22:07
238,CASE500238,238,MEDIUM,UNDER_INVESTIGATION,20,LOW,2026-09-12 16:25:07,2026-09-12 17:22:07
239,CASE500239,239,LOW,MONITORING,214,LOW,2026-07-28 19:33:07,2026-07-29 03:57:07
240,CASE500240,240,MEDIUM,RESOLVED,82,MEDIUM,2026-07-05 00:29:07,2026-07-05 17:53:07
241,CASE500241,241,LOW,OPEN,183,LOW,2026-07-02 04:55:07,2026-07-02 17:48:07
242,CASE500242,242,LOW,MONITORING,33,LOW,2026-06-25 20:02:07,2026-06-26 00:25:07
243,CASE500243,243,MEDIUM,OPEN,207,LOW,2026-05-20 12:42:07,2026-05-21 04:11:07
244,CASE500244,244,MEDIUM,OPEN,238,MEDIUM,2026-07-29 06:01:07,2026-07-29 21:39:07
245,CASE500245,245,LOW,UNDER_INVESTIGATION,391,LOW,2026-05-01 05:03:07,2026-05-02 01:04:07
246,CASE500246,246,LOW,UNDER_INVESTIGATION,209,LOW,2026-09-12 17:36:07,2026-09-13 05:43:07
247,CASE500247,247,LOW,MONITORING,489,LOW,2026-08-23 14:10:07,2026-08-24 13:05:07
248,CASE500248,248,LOW,UNDER_INVESTIGATION,359,LOW,2026-07-01 20:39:07,2026-07-02 09:42:07
249,CASE500249,249,HIGH,UNDER_INVESTIGATION,230,MEDIUM,2026-05-12 00:28:07,2026-05-12 04:13:07
250,CASE500250,250,MEDIUM,UNDER_INVESTIGATION,314,LOW,2026-08-29 02:23:07,2026-08-29 14:52:07
251,CASE500251,251,LOW,OPEN,486,LOW,2026-07-02 20:08:07,2026-07-03 01:18:07
252,CASE500252,252,MEDIUM,RESOLVED,61,MEDIUM,2026-05-31 14:31:07,2026-06-01 04:44:07
253,CASE500253,253,CRITICAL,OPEN,292,HIGH,2026-06-27 11:40:07,2026-06-27 13:57:07
254,CASE500254,254,MEDIUM,UNDER_INVESTIGATION,150,MEDIUM,2026-09-17 21:19:07,2026-09-18 13:44:07
255,CASE500255,255,LOW,RESOLVED,259,LOW,2026-05-30 18:07:07,2026-05-30 20:56:07
256,CASE500256,256,LOW,RESOLVED,386,LOW,2026-05-21 00:56:07,2026-05-21 21:10:07
257,CASE500257,257,HIGH,RESOLVED,405,MEDIUM,2026-07-26 03:58:07,2026-07-26 13:08:07
258,CASE500258,258,LOW,RESOLVED,290,LOW,2026-09-01 05:04:07,2026-09-02 02:57:07
259,CASE500259,259,MEDIUM,RESOLVED,338,LOW,2026-09-12 00:49:07,2026-09-13 00:30:07
260,CASE500260,260,MEDIUM,RESOLVED,104,MEDIUM,2026-06-27 16:12:07,2026-06-27 21:55:07
261,CASE500261,261,LOW,UNDER_INVESTIGATION,486,LOW,2026-08-06 09:18:07,2026-08-07 02:00:07
262,CASE500262,262,LOW,RESOLVED,480,LOW,2026-07-21 21:07:07,2026-07-22 01:41:07
263,CASE500263,263,LOW,OPEN,149,LOW,2026-06-22 12:22:07,2026-06-23 12:14:07
264,CASE500264,264,LOW,RESOLVED,22,LOW,2026-05-28 19:20:07,2026-05-29 11:39:07
265,CASE500265,265,LOW,UNDER_INVESTIGATION,259,LOW,2026-09-05 16:14:07,2026-09-06 11:28:07
266,CASE500266,266,LOW,OPEN,282,LOW,2026-04-19 21:14:07,2026-04-20 17:56:07
267,CASE500267,267,HIGH,OPEN,259,MEDIUM,2026-05-13 08:14:07,2026-05-13 12:31:07
268,CASE500268,268,LOW,MONITORING,360,LOW,2026-05-17 16:24:07,2026-05-17 17:56:07
269,CASE500269,269,LOW,UNDER_INVESTIGATION,260,LOW,2026-08-12 10:25:07,2026-08-12 14:36:07
270,CASE500270,270,MEDIUM,MONITORING,214,LOW,2026-07-06 16:19:07,2026-07-07 05:15:07
271,CASE500271,271,HIGH,MONITORING,20,MEDIUM,2026-07-06 06:20:07,2026-07-06 23:05:07
272,CASE500272,272,LOW,UNDER_INVESTIGATION,407,LOW,2026-07-03 02:37:07,2026-07-03 07:38:07
273,CASE500273,273,HIGH,RESOLVED,215,MEDIUM,2026-07-26 03:52:07,2026-07-26 05:41:07
274,CASE500274,274,MEDIUM,MONITORING,130,LOW,2026-07-20 14:07:07,2026-07-20 21:38:07
275,CASE500275,275,LOW,RESOLVED,92,LOW,2026-07-02 14:40:07,2026-07-02 14:54:07
276,CASE500276,276,MEDIUM,MONITORING,31,LOW,2026-07-29 17:47:07,2026-07-29 20:15:07
277,CASE500277,277,MEDIUM,RESOLVED,396,LOW,2026-07-27 04:37:07,2026-07-27 21:12:07
278,CASE500278,278,LOW,MONITORING,313,LOW,2026-07-10 11:53:07,2026-07-11 07:21:07
279,CASE500279,279,MEDIUM,MONITORING,326,LOW,2026-07-19 10:55:07,2026-07-19 23:57:07
280,CASE500280,280,LOW,UNDER_INVESTIGATION,347,LOW,2026-04-14 10:41:07,2026-04-14 15:34:07
281,CASE500281,281,MEDIUM,RESOLVED,459,LOW,2026-07-18 20:18:07,2026-07-19 11:49:07
282,CASE500282,282,MEDIUM,RESOLVED,497,LOW,2026-09-23 07:36:07,2026-09-23 12:51:07
283,CASE500283,283,HIGH,MONITORING,427,MEDIUM,2026-07-07 01:19:07,2026-07-07 04:31:07
284,CASE500284,284,LOW,RESOLVED,164,LOW,2026-06-07 23:11:07,2026-06-08 12:34:07
285,CASE500285,285,CRITICAL,RESOLVED,372,HIGH,2026-07-25 02:30:07,2026-07-25 14:14:07
286,CASE500286,286,LOW,OPEN,303,LOW,2026-08-09 05:11:07,2026-08-10 04:14:07
287,CASE500287,287,LOW,MONITORING,67,LOW,2026-07-10 16:40:07,2026-07-11 14:52:07
288,CASE500288,288,MEDIUM,UNDER_INVESTIGATION,395,LOW,2026-09-20 00:19:07,2026-09-20 01:19:07
289,CASE500289,289,MEDIUM,MONITORING,444,LOW,2026-08-14 19:43:07,2026-08-15 15:02:07
290,CASE500290,290,LOW,OPEN,386,LOW,2026-04-16 22:11:07,2026-04-17 20:19:07
291,CASE500291,291,LOW,OPEN,424,LOW,2026-04-13 13:39:07,2026-04-13 20:23:07
292,CASE500292,292,LOW,OPEN,360,LOW,2026-03-31 12:34:07,2026-04-01 08:11:07
293,CASE500293,293,LOW,UNDER_INVESTIGATION,345,LOW,2026-04-19 12:31:07,2026-04-20 04:55:07
294,CASE500294,294,MEDIUM,OPEN,453,MEDIUM,2026-06-19 11:24:07,2026-06-19 15:40:07
295,CASE500295,295,MEDIUM,UNDER_INVESTIGATION,192,LOW,2026-05-30 21:24:07,2026-05-30 22:12:07
296,CASE500296,296,LOW,UNDER_INVESTIGATION,482,LOW,2026-07-23 08:20:07,2026-07-23 16:52:07
297,CASE500297,297,MEDIUM,RESOLVED,368,MEDIUM,2026-08-15 00:38:07,2026-08-15 03:41:07
298,CASE500298,298,MEDIUM,MONITORING,407,LOW,2026-09-05 21:51:07,2026-09-06 11:43:07
299,CASE500299,299,MEDIUM,OPEN,16,MEDIUM,2026-09-20 03:40:07,2026-09-20 20:36:07
300,CASE500300,300,MEDIUM,MONITORING,129,LOW,2026-06-27 04:40:07,2026-06-27 19:45:07
301,CASE500301,301,LOW,RESOLVED,363,LOW,2026-04-02 06:55:07,2026-04-02 07:54:07
302,CASE500302,302,LOW,MONITORING,182,LOW,2026-05-15 02:42:07,2026-05-15 15:54:07
303,CASE500303,303,MEDIUM,OPEN,74,MEDIUM,2026-08-09 12:59:07,2026-08-09 17:03:07
304,CASE500304,304,MEDIUM,UNDER_INVESTIGATION,104,LOW,2026-09-01 20:20:07,2026-09-02 06:14:07
305,CASE500305,305,LOW,UNDER_INVESTIGATION,67,LOW,2026-08-15 13:10:07,2026-08-15 22:03:07
306,CASE500306,306,MEDIUM,UNDER_INVESTIGATION,281,LOW,2026-04-29 14:26:07,2026-04-30 01:04:07
307,CASE500307,307,HIGH,UNDER_INVESTIGATION,421,MEDIUM,2026-08-09 04:15:07,2026-08-09 06:25:07
308,CASE500308,308,LOW,MONITORING,19,LOW,2026-04-16 23:22:07,2026-04-17 05:43:07
309,CASE500309,309,MEDIUM,OPEN,269,LOW,2026-08-09 10:17:07,2026-08-09 20:37:07
310,CASE500310,310,LOW,OPEN,103,LOW,2026-05-14 15:04:07,2026-05-15 02:09:07
311,CASE500311,311,LOW,RESOLVED,183,LOW,2026-09-23 05:58:07,2026-09-23 17:11:07
312,CASE500312,312,HIGH,RESOLVED,36,MEDIUM,2026-06-25 19:06:07,2026-06-25 23:23:07
313,CASE500313,313,MEDIUM,UNDER_INVESTIGATION,411,MEDIUM,2026-07-02 02:30:07,2026-07-02 10:50:07
314,CASE500314,314,MEDIUM,UNDER_INVESTIGATION,350,MEDIUM,2026-08-06 13:27:07,2026-08-07 06:26:07
315,CASE500315,315,HIGH,RESOLVED,189,MEDIUM,2026-04-20 10:00:07,2026-04-20 14:05:07
316,CASE500316,316,MEDIUM,OPEN,319,LOW,2026-04-20 02:56:07,2026-04-20 13:57:07
317,CASE500317,317,MEDIUM,RESOLVED,333,LOW,2026-08-27 04:50:07,2026-08-27 07:14:07
318,CASE500318,318,LOW,OPEN,432,LOW,2026-04-26 16:18:07,2026-04-27 06:22:07
319,CASE500319,319,MEDIUM,UNDER_INVESTIGATION,189,LOW,2026-08-13 02:40:07,2026-08-13 03:28:07
320,CASE500320,320,LOW,OPEN,383,LOW,2026-05-22 21:49:07,2026-05-23 06:23:07
321,CASE500321,321,MEDIUM,UNDER_INVESTIGATION,393,LOW,2026-06-02 10:56:07,2026-06-02 21:29:07
322,CASE500322,322,MEDIUM,RESOLVED,62,LOW,2026-07-29 21:12:07,2026-07-30 12:35:07
323,CASE500323,323,LOW,UNDER_INVESTIGATION,261,LOW,2026-06-18 06:30:07,2026-06-18 11:31:07
324,CASE500324,324,CRITICAL,UNDER_INVESTIGATION,371,HIGH,2026-06-24 04:12:07,2026-06-24 12:44:07
325,CASE500325,325,LOW,RESOLVED,313,LOW,2026-05-18 05:54:07,2026-05-19 01:00:07
326,CASE500326,326,LOW,OPEN,319,LOW,2026-06-23 07:22:07,2026-06-23 07:34:07
327,CASE500327,327,HIGH,MONITORING,120,MEDIUM,2026-08-14 01:19:07,2026-08-14 23:46:07
328,CASE500328,328,MEDIUM,OPEN,330,MEDIUM,2026-05-31 13:34:07,2026-05-31 15:47:07
329,CASE500329,329,MEDIUM,MONITORING,179,LOW,2026-09-12 17:13:07,2026-09-13 13:47:07
330,CASE500330,330,MEDIUM,RESOLVED,431,LOW,2026-07-30 04:05:07,2026-07-30 16:14:07
331,CASE500331,331,LOW,UNDER_INVESTIGATION,351,LOW,2026-06-20 23:56:07,2026-06-21 20:04:07
332,CASE500332,332,LOW,MONITORING,116,LOW,2026-04-12 04:47:07,2026-04-12 06:30:07
333,CASE500333,333,MEDIUM,OPEN,67,LOW,2026-07-03 01:14:07,2026-07-03 11:39:07
334,CASE500334,334,LOW,RESOLVED,92,LOW,2026-08-12 12:44:07,2026-08-13 12:44:07
335,CASE500335,335,MEDIUM,UNDER_INVESTIGATION,196,MEDIUM,2026-05-04 05:30:07,2026-05-05 00:39:07
336,CASE500336,336,LOW,RESOLVED,419,LOW,2026-04-03 19:27:07,2026-04-04 02:48:07
337,CASE500337,337,LOW,MONITORING,242,LOW,2026-04-03 04:10:07,2026-04-04 03:36:07
338,CASE500338,338,LOW,MONITORING,191,LOW,2026-04-17 07:20:07,2026-04-17 22:57:07
339,CASE500339,339,MEDIUM,UNDER_INVESTIGATION,227,LOW,2026-07-26 12:41:07,2026-07-27 11:27:07
340,CASE500340,340,LOW,MONITORING,317,LOW,2026-04-12 14:30:07,2026-04-12 21:51:07
341,CASE500341,341,LOW,MONITORING,474,LOW,2026-08-30 08:23:07,2026-08-30 09:05:07
342,CASE500342,342,MEDIUM,UNDER_INVESTIGATION,3,LOW,2026-07-21 10:27:07,2026-07-22 08:40:07
343,CASE500343,343,MEDIUM,RESOLVED,7,LOW,2026-06-09 22:56:07,2026-06-09 23:14:07
344,CASE500344,344,LOW,UNDER_INVESTIGATION,383,LOW,2026-07-24 04:59:07,2026-07-24 19:15:07
345,CASE500345,345,LOW,RESOLVED,371,LOW,2026-04-02 14:00:07,2026-04-03 03:34:07
346,CASE500346,346,MEDIUM,OPEN,447,LOW,2026-09-23 23:11:07,2026-09-24 21:30:07
347,CASE500347,347,LOW,OPEN,21,LOW,2026-08-14 20:33:07,2026-08-15 15:06:07
348,CASE500348,348,LOW,RESOLVED,93,LOW,2026-06-13 18:17:07,2026-06-14 17:23:07
349,CASE500349,349,LOW,MONITORING,413,LOW,2026-03-30 23:02:07,2026-03-31 12:02:07
350,CASE500350,350,LOW,MONITORING,127,LOW,2026-07-09 22:36:07,2026-07-10 11:58:07
351,CASE500351,351,MEDIUM,OPEN,318,LOW,2026-05-13 12:34:07,2026-05-13 16:59:07
352,CASE500352,352,HIGH,MONITORING,306,MEDIUM,2026-04-18 09:37:07,2026-04-18 16:22:07
353,CASE500353,353,MEDIUM,OPEN,14,MEDIUM,2026-07-22 08:08:07,2026-07-22 15:51:07
354,CASE500354,354,LOW,MONITORING,485,LOW,2026-08-14 10:49:07,2026-08-15 10:12:07
355,CASE500355,355,LOW,MONITORING,68,LOW,2026-09-21 15:10:07,2026-09-21 21:52:07
356,CASE500356,356,LOW,MONITORING,164,LOW,2026-08-29 18:47:07,2026-08-30 02:29:07
357,CASE500357,357,LOW,RESOLVED,26,LOW,2026-07-31 14:27:07,2026-08-01 03:00:07
358,CASE500358,358,LOW,MONITORING,480,LOW,2026-05-20 03:57:07,2026-05-20 20:56:07
359,CASE500359,359,MEDIUM,UNDER_INVESTIGATION,141,LOW,2026-06-13 18:03:07,2026-06-13 18:27:07
360,CASE500360,360,LOW,RESOLVED,195,LOW,2026-05-10 14:52:07,2026-05-10 18:49:07
361,CASE500361,361,MEDIUM,RESOLVED,381,LOW,2026-08-11 19:00:07,2026-08-12 00:59:07
362,CASE500362,362,HIGH,UNDER_INVESTIGATION,391,MEDIUM,2026-05-20 03:14:07,2026-05-21 01:55:07
363,CASE500363,363,LOW,UNDER_INVESTIGATION,407,LOW,2026-08-21 03:55:07,2026-08-21 06:18:07
364,CASE500364,364,MEDIUM,UNDER_INVESTIGATION,95,LOW,2026-04-19 00:27:07,2026-04-19 02:50:07
365,CASE500365,365,MEDIUM,MONITORING,159,LOW,2026-06-30 10:20:07,2026-07-01 05:57:07
366,CASE500366,366,LOW,MONITORING,467,LOW,2026-06-23 00:17:07,2026-06-23 06:59:07
367,CASE500367,367,MEDIUM,OPEN,467,LOW,2026-04-05 22:55:07,2026-04-06 22:44:07
368,CASE500368,368,MEDIUM,MONITORING,386,LOW,2026-04-07 12:04:07,2026-04-08 11:28:07
369,CASE500369,369,MEDIUM,RESOLVED,293,LOW,2026-06-08 17:05:07,2026-06-08 17:19:07
370,CASE500370,370,LOW,OPEN,297,LOW,2026-09-03 02:03:07,2026-09-03 13:14:07
371,CASE500371,371,MEDIUM,RESOLVED,92,LOW,2026-05-09 10:50:07,2026-05-09 20:21:07
372,CASE500372,372,MEDIUM,RESOLVED,254,LOW,2026-07-03 09:36:07,2026-07-04 02:40:07
373,CASE500373,373,HIGH,OPEN,33,MEDIUM,2026-09-15 01:36:07,2026-09-15 09:25:07
374,CASE500374,374,MEDIUM,MONITORING,365,MEDIUM,2026-05-25 15:40:07,2026-05-26 06:10:07
375,CASE500375,375,CRITICAL,RESOLVED,4,HIGH,2026-04-03 11:01:07,2026-04-03 21:58:07
376,CASE500376,376,LOW,RESOLVED,236,LOW,2026-08-04 11:56:07,2026-08-04 18:44:07
377,CASE500377,377,MEDIUM,OPEN,18,MEDIUM,2026-08-25 21:46:07,2026-08-26 17:27:07
378,CASE500378,378,MEDIUM,UNDER_INVESTIGATION,290,LOW,2026-07-17 03:21:07,2026-07-18 03:03:07
379,CASE500379,379,CRITICAL,OPEN,141,HIGH,2026-08-26 04:00:07,2026-08-26 12:41:07
380,CASE500380,380,LOW,UNDER_INVESTIGATION,221,LOW,2026-09-19 04:20:07,2026-09-19 15:44:07
381,CASE500381,381,LOW,OPEN,428,LOW,2026-05-04 05:40:07,2026-05-05 03:12:07
382,CASE500382,382,LOW,OPEN,328,LOW,2026-07-17 07:29:07,2026-07-17 08:36:07
383,CASE500383,383,LOW,RESOLVED,409,LOW,2026-08-14 09:31:07,2026-08-14 10:30:07
384,CASE500384,384,LOW,MONITORING,176,LOW,2026-09-03 19:16:07,2026-09-04 03:58:07
385,CASE500385,385,LOW,OPEN,170,LOW,2026-08-16 21:24:07,2026-08-17 13:43:07
386,CASE500386,386,MEDIUM,MONITORING,235,LOW,2026-07-30 05:58:07,2026-07-30 07:59:07
387,CASE500387,387,MEDIUM,UNDER_INVESTIGATION,413,LOW,2026-07-22 00:58:07,2026-07-22 03:37:07
388,CASE500388,388,CRITICAL,RESOLVED,428,HIGH,2026-05-27 07:03:07,2026-05-27 10:28:07
389,CASE500389,389,MEDIUM,RESOLVED,93,MEDIUM,2026-04-25 03:01:07,2026-04-25 22:56:07
390,CASE500390,390,LOW,OPEN,25,LOW,2026-08-08 03:36:07,2026-08-08 05:50:07
391,CASE500391,391,LOW,RESOLVED,475,LOW,2026-06-23 02:20:07,2026-06-23 13:11:07
392,CASE500392,392,MEDIUM,OPEN,46,LOW,2026-06-09 13:33:07,2026-06-09 18:04:07
393,CASE500393,393,LOW,RESOLVED,213,LOW,2026-09-11 18:22:07,2026-09-11 20:24:07
394,CASE500394,394,CRITICAL,RESOLVED,77,HIGH,2026-04-30 03:48:07,2026-04-30 06:12:07
395,CASE500395,395,HIGH,OPEN,36,MEDIUM,2026-06-29 13:47:07,2026-06-30 09:02:07
396,CASE500396,396,LOW,MONITORING,278,LOW,2026-07-31 22:20:07,2026-08-01 11:31:07
397,CASE500397,397,LOW,OPEN,284,LOW,2026-04-25 09:41:07,2026-04-26 06:55:07
398,CASE500398,398,HIGH,UNDER_INVESTIGATION,453,MEDIUM,2026-07-26 16:40:07,2026-07-27 13:17:07
399,CASE500399,399,LOW,OPEN,266,LOW,2026-08-11 04:53:07,2026-08-11 20:31:07
400,CASE500400,400,HIGH,RESOLVED,425,MEDIUM,2026-09-11 02:56:07,2026-09-11 17:42:07
401,CASE500401,401,LOW,OPEN,447,LOW,2026-09-15 09:24:07,2026-09-15 21:09:07
402,CASE500402,402,LOW,OPEN,354,LOW,2026-05-30 14:33:07,2026-05-31 06:12:07
403,CASE500403,403,MEDIUM,MONITORING,138,LOW,2026-07-02 06:19:07,2026-07-03 02:32:07
404,CASE500404,404,MEDIUM,OPEN,9,LOW,2026-06-05 22:15:07,2026-06-06 01:55:07
405,CASE500405,405,LOW,OPEN,140,LOW,2026-04-11 17:23:07,2026-04-12 13:47:07
406,CASE500406,406,MEDIUM,UNDER_INVESTIGATION,350,LOW,2026-04-23 13:05:07,2026-04-24 11:00:07
407,CASE500407,407,LOW,MONITORING,289,LOW,2026-04-15 03:17:07,2026-04-15 15:34:07
408,CASE500408,408,LOW,RESOLVED,306,LOW,2026-05-05 06:52:07,2026-05-06 04:13:07
409,CASE500409,409,MEDIUM,UNDER_INVESTIGATION,101,LOW,2026-03-27 21:15:07,2026-03-28 05:42:07
410,CASE500410,410,MEDIUM,OPEN,95,LOW,2026-06-29 02:25:07,2026-06-29 04:38:07
411,CASE500411,411,MEDIUM,MONITORING,299,MEDIUM,2026-07-04 05:43:07,2026-07-05 01:50:07
412,CASE500412,412,LOW,MONITORING,404,LOW,2026-04-05 14:32:07,2026-04-06 01:19:07
413,CASE500413,413,LOW,UNDER_INVESTIGATION,323,LOW,2026-03-31 09:52:07,2026-03-31 15:03:07
414,CASE500414,414,HIGH,MONITORING,242,MEDIUM,2026-09-17 01:40:07,2026-09-17 22:25:07
415,CASE500415,415,MEDIUM,MONITORING,7,LOW,2026-05-29 07:12:07,2026-05-29 19:57:07
416,CASE500416,416,LOW,UNDER_INVESTIGATION,167,LOW,2026-08-25 11:23:07,2026-08-25 13:30:07
417,CASE500417,417,HIGH,OPEN,243,MEDIUM,2026-06-18 12:14:07,2026-06-19 02:48:07
418,CASE500418,418,MEDIUM,UNDER_INVESTIGATION,438,LOW,2026-04-12 11:48:07,2026-04-12 18:48:07
419,CASE500419,419,HIGH,UNDER_INVESTIGATION,240,MEDIUM,2026-04-30 12:21:07,2026-04-30 14:51:07
420,CASE500420,420,MEDIUM,UNDER_INVESTIGATION,326,LOW,2026-04-19 07:12:07,2026-04-20 06:09:07
421,CASE500421,421,CRITICAL,RESOLVED,474,HIGH,2026-08-07 22:57:07,2026-08-08 19:35:07
422,CASE500422,422,HIGH,MONITORING,391,MEDIUM,2026-09-03 17:53:07,2026-09-04 13:47:07
423,CASE500423,423,LOW,MONITORING,209,LOW,2026-08-13 00:45:07,2026-08-13 21:56:07
424,CASE500424,424,MEDIUM,RESOLVED,118,MEDIUM,2026-05-07 06:30:07,2026-05-07 17:53:07
425,CASE500425,425,MEDIUM,OPEN,29,LOW,2026-04-07 12:18:07,2026-04-08 03:58:07
426,CASE500426,426,HIGH,RESOLVED,3,MEDIUM,2026-07-19 03:08:07,2026-07-19 10:47:07
427,CASE500427,427,LOW,UNDER_INVESTIGATION,162,LOW,2026-05-27 07:57:07,2026-05-28 07:46:07
428,CASE500428,428,MEDIUM,RESOLVED,150,LOW,2026-05-22 04:00:07,2026-05-23 01:27:07
429,CASE500429,429,MEDIUM,UNDER_INVESTIGATION,233,MEDIUM,2026-06-20 12:33:07,2026-06-21 05:07:07
430,CASE500430,430,LOW,RESOLVED,277,LOW,2026-05-22 18:09:07,2026-05-23 01:19:07
431,CASE500431,431,LOW,UNDER_INVESTIGATION,254,LOW,2026-08-26 00:24:07,2026-08-26 00:47:07
432,CASE500432,432,LOW,OPEN,251,LOW,2026-08-22 16:28:07,2026-08-22 19:09:07
433,CASE500433,433,LOW,OPEN,87,LOW,2026-07-14 00:56:07,2026-07-14 20:02:07
434,CASE500434,434,MEDIUM,UNDER_INVESTIGATION,301,MEDIUM,2026-04-29 19:49:07,2026-04-30 05:54:07
435,CASE500435,435,HIGH,UNDER_INVESTIGATION,405,MEDIUM,2026-07-21 23:20:07,2026-07-22 21:02:07
436,CASE500436,436,MEDIUM,MONITORING,21,LOW,2026-09-19 19:04:07,2026-09-19 20:43:07
437,CASE500437,437,HIGH,UNDER_INVESTIGATION,198,MEDIUM,2026-09-18 11:10:07,2026-09-18 18:05:07
438,CASE500438,438,LOW,UNDER_INVESTIGATION,186,LOW,2026-09-01 09:54:07,2026-09-01 17:32:07
439,CASE500439,439,LOW,UNDER_INVESTIGATION,382,LOW,2026-08-12 12:12:07,2026-08-12 23:57:07
440,CASE500440,440,LOW,UNDER_INVESTIGATION,141,LOW,2026-06-05 09:35:07,2026-06-05 15:50:07
441,CASE500441,441,MEDIUM,OPEN,186,LOW,2026-07-21 03:54:07,2026-07-21 10:04:07
442,CASE500442,442,LOW,OPEN,465,LOW,2026-05-08 16:38:07,2026-05-08 17:30:07
443,CASE500443,443,LOW,UNDER_INVESTIGATION,451,LOW,2026-07-26 19:57:07,2026-07-27 09:03:07
444,CASE500444,444,LOW,OPEN,148,LOW,2026-08-22 19:12:07,2026-08-23 06:55:07
445,CASE500445,445,LOW,MONITORING,170,LOW,2026-06-13 14:21:07,2026-06-14 06:05:07
446,CASE500446,446,MEDIUM,MONITORING,455,LOW,2026-07-21 14:10:07,2026-07-22 03:02:07
447,CASE500447,447,MEDIUM,UNDER_INVESTIGATION,427,LOW,2026-04-06 19:07:07,2026-04-07 13:16:07
448,CASE500448,448,LOW,RESOLVED,89,LOW,2026-05-03 19:59:07,2026-05-03 22:22:07
449,CASE500449,449,LOW,UNDER_INVESTIGATION,136,LOW,2026-06-16 12:31:07,2026-06-16 17:08:07
450,CASE500450,450,LOW,UNDER_INVESTIGATION,263,LOW,2026-06-22 06:38:07,2026-06-23 00:58:07
451,CASE500451,451,LOW,MONITORING,412,LOW,2026-07-19 19:36:07,2026-07-20 06:37:07
452,CASE500452,452,MEDIUM,RESOLVED,175,MEDIUM,2026-04-01 11:05:07,2026-04-02 08:57:07
453,CASE500453,453,LOW,OPEN,406,LOW,2026-09-13 19:56:07,2026-09-14 17:07:07
454,CASE500454,454,MEDIUM,UNDER_INVESTIGATION,203,LOW,2026-07-20 01:36:07,2026-07-20 20:02:07
455,CASE500455,455,LOW,UNDER_INVESTIGATION,176,LOW,2026-08-25 03:36:07,2026-08-25 14:57:07
456,CASE500456,456,LOW,OPEN,196,LOW,2026-03-28 22:11:07,2026-03-29 19:50:07
457,CASE500457,457,LOW,UNDER_INVESTIGATION,405,LOW,2026-07-02 18:06:07,2026-07-03 11:36:07
458,CASE500458,458,LOW,RESOLVED,497,LOW,2026-05-23 09:21:07,2026-05-23 16:39:07
459,CASE500459,459,LOW,OPEN,457,LOW,2026-09-20 04:46:07,2026-09-20 20:59:07
460,CASE500460,460,LOW,OPEN,350,LOW,2026-08-18 22:26:07,2026-08-19 04:18:07
461,CASE500461,461,CRITICAL,RESOLVED,350,HIGH,2026-05-08 02:34:07,2026-05-09 00:45:07
462,CASE500462,462,MEDIUM,MONITORING,357,LOW,2026-07-13 05:29:07,2026-07-13 22:40:07
463,CASE500463,463,LOW,RESOLVED,227,LOW,2026-04-21 04:19:07,2026-04-21 10:35:07
464,CASE500464,464,MEDIUM,MONITORING,475,LOW,2026-08-11 02:53:07,2026-08-11 20:59:07
465,CASE500465,465,LOW,RESOLVED,325,LOW,2026-04-22 14:40:07,2026-04-23 07:43:07
466,CASE500466,466,LOW,MONITORING,278,LOW,2026-04-15 12:23:07,2026-04-16 08:23:07
467,CASE500467,467,MEDIUM,OPEN,155,LOW,2026-05-11 06:50:07,2026-05-11 14:04:07
468,CASE500468,468,MEDIUM,UNDER_INVESTIGATION,165,MEDIUM,2026-04-29 10:58:07,2026-04-30 02:33:07
469,CASE500469,469,LOW,RESOLVED,215,LOW,2026-04-05 06:03:07,2026-04-05 13:40:07
470,CASE500470,470,LOW,RESOLVED,395,LOW,2026-04-28 03:44:07,2026-04-28 16:46:07
471,CASE500471,471,LOW,UNDER_INVESTIGATION,181,LOW,2026-06-25 14:25:07,2026-06-26 03:21:07
472,CASE500472,472,LOW,OPEN,63,LOW,2026-05-15 17:41:07,2026-05-15 22:26:07
473,CASE500473,473,LOW,MONITORING,357,LOW,2026-07-18 05:37:07,2026-07-18 20:57:07
474,CASE500474,474,HIGH,MONITORING,404,MEDIUM,2026-04-27 22:38:07,2026-04-28 06:39:07
475,CASE500475,475,HIGH,OPEN,352,MEDIUM,2026-06-18 23:38:07,2026-06-19 15:40:07
476,CASE500476,476,LOW,MONITORING,310,LOW,2026-06-09 21:43:07,2026-06-10 12:25:07
477,CASE500477,477,MEDIUM,RESOLVED,282,LOW,2026-08-08 06:14:07,2026-08-08 21:09:07
478,CASE500478,478,MEDIUM,MONITORING,225,LOW,2026-06-28 14:52:07,2026-06-29 08:00:07
479,CASE500479,479,CRITICAL,MONITORING,18,HIGH,2026-09-07 20:53:07,2026-09-08 10:06:07
480,CASE500480,480,HIGH,UNDER_INVESTIGATION,164,MEDIUM,2026-05-31 00:02:07,2026-05-31 15:16:07
481,CASE500481,481,LOW,MONITORING,56,LOW,2026-07-03 04:14:07,2026-07-04 02:25:07
482,CASE500482,482,LOW,MONITORING,203,LOW,2026-05-17 18:13:07,2026-05-17 21:11:07
483,CASE500483,483,LOW,OPEN,159,LOW,2026-07-15 11:55:07,2026-07-15 21:31:07
484,CASE500484,484,MEDIUM,OPEN,52,LOW,2026-09-23 14:02:07,2026-09-23 18:14:07
485,CASE500485,485,LOW,MONITORING,376,LOW,2026-07-27 02:25:07,2026-07-27 03:53:07
486,CASE500486,486,LOW,UNDER_INVESTIGATION,141,LOW,2026-06-07 18:34:07,2026-06-08 06:07:07
487,CASE500487,487,LOW,MONITORING,213,LOW,2026-04-20 21:53:07,2026-04-21 06:35:07
488,CASE500488,488,LOW,MONITORING,482,LOW,2026-09-19 11:26:07,2026-09-19 18:06:07
489,CASE500489,489,HIGH,UNDER_INVESTIGATION,184,MEDIUM,2026-08-20 01:28:07,2026-08-20 20:10:07
490,CASE500490,490,MEDIUM,OPEN,197,MEDIUM,2026-06-18 02:37:07,2026-06-18 13:00:07
491,CASE500491,491,LOW,MONITORING,280,LOW,2026-08-31 17:54:07,2026-09-01 07:51:07
492,CASE500492,492,HIGH,OPEN,450,MEDIUM,2026-06-12 02:56:07,2026-06-12 19:12:07
493,CASE500493,493,MEDIUM,UNDER_INVESTIGATION,159,LOW,2026-07-14 14:53:07,2026-07-15 04:37:07
494,CASE500494,494,LOW,UNDER_INVESTIGATION,325,LOW,2026-07-07 17:10:07,2026-07-08 00:29:07
495,CASE500495,495,HIGH,UNDER_INVESTIGATION,406,MEDIUM,2026-05-21 06:23:07,2026-05-22 00:09:07
496,CASE500496,496,MEDIUM,RESOLVED,240,LOW,2026-07-23 12:46:07,2026-07-24 04:40:07
497,CASE500497,497,LOW,OPEN,135,LOW,2026-06-09 04:41:07,2026-06-09 15:32:07
498,CASE500498,498,LOW,RESOLVED,287,LOW,2026-06-14 23:02:07,2026-06-15 23:01:07
499,CASE500499,499,LOW,UNDER_INVESTIGATION,310,LOW,2026-06-01 17:13:07,2026-06-02 08:21:07
500,CASE500500,500,LOW,OPEN,102,LOW,2026-06-16 03:50:07,2026-06-16 16:47:07
