id,complaint_number,complainant_name,phone_number,bank_name,account_number,transaction_id,fraud_amount,transaction_type,fraud_date,fraud_time,location,description,source,created_at
1,CMP100001,Meera Patil,9583156434,Axis Bank,XXXX9476,TXN469919929,82165.64,IMPS,2026-08-21,10:39:07,Ahmedabad,Online shopping fraud,Cybercrime Portal,2026-08-21 10:39:07
2,CMP100002,Aditya Patil,9656307931,HDFC Bank,XXXX5982,TXN276799196,43543.42,IMPS,2026-04-29,22:03:07,Bangalore,Phishing transaction,Police Station,2026-04-29 22:03:07
3,CMP100003,Amit Kulkarni,9310777576,Kotak Mahindra Bank,XXXX5496,TXN234400576,95555.91,NEFT,2026-08-06,18:25:07,Kolkata,Fake KYC update,1930,2026-08-06 18:25:07
4,CMP100004,Sneha Gupta,9265564833,HDFC Bank,XXXX6531,TXN705180256,229304.97,UPI,2026-08-03,04:41:07,Pune,Fake customer care fraud,1930,2026-08-03 04:41:07
5,CMP100005,Isha Gupta,9547306651,Bank of Maharashtra,XXXX1496,TXN634764290,39562.02,Net Banking,2026-09-08,02:47:07,Delhi,Investment fraud,Bank Referral,2026-09-08 02:47:07
6,CMP100006,Kiran Shah,9178354184,Kotak Mahindra Bank,XXXX1981,TXN269737590,39562.67,Debit Card,2026-05-29,05:56:07,Hyderabad,Unauthorized bank transfer,Bank Referral,2026-05-29 05:56:07
7,CMP100007,Anjali Deshmukh,9871336275,ICICI Bank,XXXX6658,TXN528118701,242556.78,IMPS,2026-05-18,19:09:07,Bangalore,Fake KYC update,1930,2026-05-18 19:09:07
8,CMP100008,Ananya Kulkarni,9582750043,HDFC Bank,XXXX3308,TXN203950725,107711.65,UPI,2026-06-16,16:00:07,Delhi,Remote access application fraud,Bank Referral,2026-06-16 16:00:07
9,CMP100009,Meera Gupta,9874305759,ICICI Bank,XXXX4110,TXN919395339,31266.54,IMPS,2026-05-29,14:23:07,Chennai,Fake KYC update,Bank Referral,2026-05-29 14:23:07
10,CMP100010,Aarav Patil,9522240582,Bank of Maharashtra,XXXX8491,TXN358480413,86020.28,IMPS,2026-08-01,18:02:07,Kolkata,OTP sharing fraud,1930,2026-08-01 18:02:07
11,CMP100011,Vikram Shah,9406819991,Bank of Maharashtra,XXXX1133,TXN215424112,31456.49,Debit Card,2026-04-08,18:02:07,Nashik,Investment fraud,Police Station,2026-04-08 18:02:07
12,CMP100012,Nikhil Sharma,9712335251,Bank of Maharashtra,XXXX4189,TXN489256938,31383.84,Net Banking,2026-07-08,19:33:07,Delhi,Fake customer care fraud,Bank Referral,2026-07-08 19:33:07
13,CMP100013,Rohan Kulkarni,9986171278,Bank of Maharashtra,XXXX2946,TXN238151258,63687.31,UPI,2026-08-03,23:19:07,Hyderabad,OTP sharing fraud,Police Station,2026-08-03 23:19:07
14,CMP100014,Anjali Joshi,9746889670,Bank of Maharashtra,XXXX7576,TXN636954564,7379.77,UPI,2026-08-16,20:19:07,Pune,Unauthorized UPI transaction,Cybercrime Portal,2026-08-16 20:19:07
15,CMP100015,Priya Pawar,9750967273,Bank of Maharashtra,XXXX3290,TXN452150647,8909.38,Net Banking,2026-06-21,00:04:07,Bangalore,Digital arrest scam,Bank Referral,2026-06-21 00:04:07
16,CMP100016,Kiran Gupta,9461178244,Bank of Maharashtra,XXXX9351,TXN671595541,28495.19,Debit Card,2026-09-01,08:24:07,Kolkata,Investment fraud,Bank Referral,2026-09-01 08:24:07
17,CMP100017,Ananya More,9726745401,ICICI Bank,XXXX1436,TXN740926818,18159.46,Debit Card,2026-03-31,19:52:07,Delhi,Online shopping fraud,Cybercrime Portal,2026-03-31 19:52:07
18,CMP100018,Arjun Singh,9775410705,Kotak Mahindra Bank,XXXX7229,TXN258672959,68461.42,IMPS,2026-04-10,03:01:07,Pune,Online shopping fraud,1930,2026-04-10 03:01:07
19,CMP100019,Meera More,9262598077,Axis Bank,XXXX4340,TXN540639384,20166.02,Net Banking,2026-05-14,08:59:07,Kolkata,Unauthorized bank transfer,1930,2026-05-14 08:59:07
20,CMP100020,Isha Singh,9449019278,Kotak Mahindra Bank,XXXX8837,TXN664226794,12179.07,Debit Card,2026-09-23,13:04:07,Bangalore,Digital arrest scam,Bank Referral,2026-09-23 13:04:07
21,CMP100021,Neha Kulkarni,9755064741,Axis Bank,XXXX4150,TXN364697908,216517.59,NEFT,2026-08-10,19:05:07,Ahmedabad,Investment fraud,Cybercrime Portal,2026-08-10 19:05:07
22,CMP100022,Isha Shah,9440419907,Axis Bank,XXXX6714,TXN701818966,39894.83,NEFT,2026-06-11,18:16:07,Delhi,Fake customer care fraud,Bank Referral,2026-06-11 18:16:07
23,CMP100023,Anjali Kulkarni,9145168545,ICICI Bank,XXXX2294,TXN471904990,53493.02,Debit Card,2026-07-06,20:20:07,Delhi,Unauthorized bank transfer,Cybercrime Portal,2026-07-06 20:20:07
24,CMP100024,Rohan Kulkarni,9247395716,SBI,XXXX4920,TXN360337343,12028.45,UPI,2026-05-18,01:48:07,Ahmedabad,Phishing transaction,Cybercrime Portal,2026-05-18 01:48:07
25,CMP100025,Meera Shah,9207959268,Kotak Mahindra Bank,XXXX3252,TXN105563528,29009.99,Net Banking,2026-04-09,11:57:07,Nashik,Remote access application fraud,Bank Referral,2026-04-09 11:57:07
26,CMP100026,Kiran Deshmukh,9406462391,Kotak Mahindra Bank,XXXX1969,TXN925412179,55865.42,UPI,2026-07-28,04:43:07,Kolkata,Phishing transaction,1930,2026-07-28 04:43:07
27,CMP100027,Arjun Sharma,9997866344,Axis Bank,XXXX9116,TXN300050585,15816.12,NEFT,2026-05-10,22:27:07,Pune,Unauthorized UPI transaction,Police Station,2026-05-10 22:27:07
28,CMP100028,Meera Kulkarni,9587853601,Kotak Mahindra Bank,XXXX9901,TXN662982736,72800.37,Debit Card,2026-08-20,03:37:07,Nashik,Fake KYC update,Bank Referral,2026-08-20 03:37:07
29,CMP100029,Ananya Deshmukh,9274476883,Kotak Mahindra Bank,XXXX8518,TXN796091085,27423.06,NEFT,2026-06-04,15:22:07,Nashik,Unauthorized UPI transaction,Police Station,2026-06-04 15:22:07
30,CMP100030,Isha Pawar,9756007396,Punjab National Bank,XXXX7643,TXN987973565,37349.86,Debit Card,2026-06-11,03:14:07,Ahmedabad,OTP sharing fraud,1930,2026-06-11 03:14:07
31,CMP100031,Arjun Pawar,9612662437,ICICI Bank,XXXX5064,TXN107333788,27393.79,NEFT,2026-07-08,05:37:07,Hyderabad,Phishing transaction,Bank Referral,2026-07-08 05:37:07
32,CMP100032,Sneha Gupta,9112279027,ICICI Bank,XXXX6890,TXN843854609,318716.24,IMPS,2026-06-03,18:50:07,Pune,Fake customer care fraud,Bank Referral,2026-06-03 18:50:07
33,CMP100033,Riya Kulkarni,9841193655,SBI,XXXX5833,TXN494647257,49329.67,Net Banking,2026-06-13,13:56:07,Nagpur,Phishing transaction,Cybercrime Portal,2026-06-13 13:56:07
34,CMP100034,Vikram Deshmukh,9546510829,Kotak Mahindra Bank,XXXX9998,TXN605547798,17362.49,Net Banking,2026-07-27,13:00:07,Nagpur,Phishing transaction,1930,2026-07-27 13:00:07
35,CMP100035,Neha Patil,9705771555,SBI,XXXX2011,TXN989889367,113814.27,Net Banking,2026-08-08,23:04:07,Ahmedabad,Phishing transaction,Cybercrime Portal,2026-08-08 23:04:07
36,CMP100036,Riya Shah,9224811770,Kotak Mahindra Bank,XXXX4365,TXN869784803,14749.06,Net Banking,2026-05-08,19:25:07,Chennai,Fake customer care fraud,Bank Referral,2026-05-08 19:25:07
37,CMP100037,Riya More,9590483627,Bank of Maharashtra,XXXX1945,TXN700003920,61613.84,Debit Card,2026-04-10,22:39:07,Delhi,Unauthorized UPI transaction,Bank Referral,2026-04-10 22:39:07
38,CMP100038,Isha Gupta,9178414859,SBI,XXXX7941,TXN469935052,7045.24,UPI,2026-05-31,09:18:07,Ahmedabad,Unauthorized UPI transaction,1930,2026-05-31 09:18:07
39,CMP100039,Pooja Pawar,9925677464,HDFC Bank,XXXX7887,TXN502074351,13247.87,Debit Card,2026-07-25,09:49:07,Chennai,Remote access application fraud,Bank Referral,2026-07-25 09:49:07
40,CMP100040,Rohan Pawar,9801726890,Punjab National Bank,XXXX6697,TXN227381397,60878.75,IMPS,2026-04-17,06:13:07,Ahmedabad,Remote access application fraud,Cybercrime Portal,2026-04-17 06:13:07
41,CMP100041,Aarav Kulkarni,9597146648,Kotak Mahindra Bank,XXXX9920,TXN555404004,104636.2,Net Banking,2026-05-23,09:19:07,Hyderabad,Phishing transaction,Cybercrime Portal,2026-05-23 09:19:07
42,CMP100042,Kavya Joshi,9878488534,Punjab National Bank,XXXX2848,TXN134593072,59346.39,Debit Card,2026-07-22,19:40:07,Kolkata,Unauthorized UPI transaction,Cybercrime Portal,2026-07-22 19:40:07
43,CMP100043,Vikram Sharma,9579362443,Bank of Maharashtra,XXXX1797,TXN362781292,44539.42,UPI,2026-05-18,10:37:07,Hyderabad,Unauthorized bank transfer,Cybercrime Portal,2026-05-18 10:37:07
44,CMP100044,Aditya Pawar,9641054044,ICICI Bank,XXXX4836,TXN975943821,37000.05,Net Banking,2026-08-12,15:19:07,Bangalore,Online shopping fraud,Police Station,2026-08-12 15:19:07
45,CMP100045,Anjali Singh,9337342839,Axis Bank,XXXX5923,TXN395444277,11398.72,UPI,2026-05-26,18:27:07,Ahmedabad,Online shopping fraud,Cybercrime Portal,2026-05-26 18:27:07
46,CMP100046,Rohan Shah,9150341410,ICICI Bank,XXXX7244,TXN943751263,24341.4,Net Banking,2026-09-04,05:58:07,Bangalore,Remote access application fraud,Bank Referral,2026-09-04 05:58:07
47,CMP100047,Arjun Singh,9608436962,HDFC Bank,XXXX4692,TXN422913264,31544.03,IMPS,2026-05-04,17:55:07,Chennai,Unauthorized UPI transaction,Bank Referral,2026-05-04 17:55:07
48,CMP100048,Anjali More,9360767346,ICICI Bank,XXXX4331,TXN454617185,143903.83,UPI,2026-07-12,02:04:07,Chennai,OTP sharing fraud,1930,2026-07-12 02:04:07
49,CMP100049,Isha Sharma,9388258432,Axis Bank,XXXX1647,TXN178151583,70502.02,IMPS,2026-08-12,08:24:07,Kolkata,Fake KYC update,Cybercrime Portal,2026-08-12 08:24:07
50,CMP100050,Meera Kulkarni,9116464447,HDFC Bank,XXXX4113,TXN896152940,8576.13,UPI,2026-07-27,15:26:07,Chennai,Phishing transaction,Cybercrime Portal,2026-07-27 15:26:07
51,CMP100051,Meera Kulkarni,9508732434,Axis Bank,XXXX9743,TXN796559239,69138.17,NEFT,2026-07-06,16:06:07,Delhi,Investment fraud,Police Station,2026-07-06 16:06:07
52,CMP100052,Ananya Shah,9917792874,Punjab National Bank,XXXX6246,TXN318106480,34019.73,NEFT,2026-08-06,00:00:07,Bangalore,Remote access application fraud,1930,2026-08-06 00:00:07
53,CMP100053,Anjali Sharma,9380004069,Bank of Maharashtra,XXXX7841,TXN416960306,25408.94,IMPS,2026-08-18,16:18:07,Nagpur,OTP sharing fraud,Cybercrime Portal,2026-08-18 16:18:07
54,CMP100054,Karan Shah,9691247918,Kotak Mahindra Bank,XXXX6530,TXN376302498,92175.95,Debit Card,2026-07-03,03:24:07,Chennai,Unauthorized bank transfer,Cybercrime Portal,2026-07-03 03:24:07
55,CMP100055,Rohan Shah,9297619784,Bank of Maharashtra,XXXX1962,TXN662581035,140193.35,UPI,2026-06-25,13:39:07,Mumbai,Unauthorized UPI transaction,1930,2026-06-25 13:39:07
56,CMP100056,Karan Patil,9859317542,HDFC Bank,XXXX1149,TXN334848459,126887.79,Net Banking,2026-07-10,13:24:07,Chennai,OTP sharing fraud,1930,2026-07-10 13:24:07
57,CMP100057,Vikram Shah,9807901168,Axis Bank,XXXX1257,TXN107099962,21602.42,Net Banking,2026-09-02,05:13:07,Ahmedabad,Remote access application fraud,1930,2026-09-02 05:13:07
58,CMP100058,Kavya Singh,9407829477,SBI,XXXX9228,TXN973120912,36701.24,Debit Card,2026-04-01,01:17:07,Nashik,Fake customer care fraud,1930,2026-04-01 01:17:07
59,CMP100059,Isha Gupta,9665277813,ICICI Bank,XXXX6807,TXN387037751,69636.33,Debit Card,2026-08-08,12:46:07,Mumbai,OTP sharing fraud,Bank Referral,2026-08-08 12:46:07
60,CMP100060,Karan Kulkarni,9834484102,Punjab National Bank,XXXX2320,TXN801943382,132630.64,UPI,2026-07-23,02:46:07,Mumbai,Remote access application fraud,Bank Referral,2026-07-23 02:46:07
61,CMP100061,Aditya Sharma,9854674236,HDFC Bank,XXXX2354,TXN636718857,30964.73,Debit Card,2026-07-02,02:01:07,Bangalore,Online shopping fraud,1930,2026-07-02 02:01:07
62,CMP100062,Isha Gupta,9610564546,ICICI Bank,XXXX1762,TXN179830621,41527.84,NEFT,2026-08-09,09:45:07,Ahmedabad,Online shopping fraud,1930,2026-08-09 09:45:07
63,CMP100063,Isha Gupta,9254824511,Punjab National Bank,XXXX7525,TXN182611003,16538.45,NEFT,2026-05-11,18:32:07,Nashik,Online shopping fraud,Cybercrime Portal,2026-05-11 18:32:07
64,CMP100064,Rohan Deshmukh,9512151733,Punjab National Bank,XXXX3292,TXN948790854,15116.95,UPI,2026-08-19,21:14:07,Ahmedabad,OTP sharing fraud,1930,2026-08-19 21:14:07
65,CMP100065,Amit Deshmukh,9749794986,Punjab National Bank,XXXX7499,TXN930598266,112679.65,NEFT,2026-04-21,21:45:07,Pune,Investment fraud,Bank Referral,2026-04-21 21:45:07
66,CMP100066,Rohan More,9563693201,HDFC Bank,XXXX7227,TXN192013357,194078.56,Net Banking,2026-07-30,15:53:07,Delhi,Phishing transaction,1930,2026-07-30 15:53:07
67,CMP100067,Nikhil Pawar,9894198823,Axis Bank,XXXX6188,TXN487298927,46526.07,UPI,2026-04-17,16:40:07,Mumbai,Unauthorized UPI transaction,Police Station,2026-04-17 16:40:07
68,CMP100068,Kavya Patil,9242278314,SBI,XXXX4070,TXN562760731,136395.11,Debit Card,2026-07-18,20:19:07,Ahmedabad,Fake KYC update,Bank Referral,2026-07-18 20:19:07
69,CMP100069,Neha Singh,9199926988,Bank of Maharashtra,XXXX6315,TXN513646070,71783.81,UPI,2026-04-22,08:36:07,Delhi,Remote access application fraud,Bank Referral,2026-04-22 08:36:07
70,CMP100070,Rohan Joshi,9714137833,Bank of Maharashtra,XXXX3778,TXN835852444,26229.99,Debit Card,2026-04-18,08:28:07,Nashik,Digital arrest scam,Police Station,2026-04-18 08:28:07
71,CMP100071,Anjali Patil,9279537578,Axis Bank,XXXX5521,TXN552155193,71766.56,NEFT,2026-06-12,17:02:07,Chennai,Fake customer care fraud,Police Station,2026-06-12 17:02:07
72,CMP100072,Rahul Gupta,9762143074,HDFC Bank,XXXX8501,TXN214860711,232772.03,IMPS,2026-05-30,16:17:07,Delhi,Unauthorized UPI transaction,Bank Referral,2026-05-30 16:17:07
73,CMP100073,Meera Shah,9459420281,Axis Bank,XXXX3230,TXN422589929,48240.41,NEFT,2026-06-21,03:55:07,Kolkata,Phishing transaction,Bank Referral,2026-06-21 03:55:07
74,CMP100074,Meera Kulkarni,9889065340,Kotak Mahindra Bank,XXXX9044,TXN718345671,239048.55,IMPS,2026-06-15,13:56:07,Bangalore,Remote access application fraud,Police Station,2026-06-15 13:56:07
75,CMP100075,Sneha Joshi,9735898931,Bank of Maharashtra,XXXX3947,TXN831983367,5000.0,Net Banking,2026-07-05,19:38:07,Pune,Unauthorized bank transfer,Cybercrime Portal,2026-07-05 19:38:07
76,CMP100076,Amit More,9822604249,Axis Bank,XXXX3280,TXN780039397,113741.18,NEFT,2026-07-17,18:24:07,Nagpur,Investment fraud,Cybercrime Portal,2026-07-17 18:24:07
77,CMP100077,Priya Gupta,9614574336,Bank of Maharashtra,XXXX7566,TXN673772626,54547.4,Net Banking,2026-07-13,20:35:07,Hyderabad,Fake KYC update,1930,2026-07-13 20:35:07
78,CMP100078,Rohan Gupta,9785240944,SBI,XXXX2791,TXN925658123,37077.7,IMPS,2026-06-28,07:28:07,Bangalore,Digital arrest scam,1930,2026-06-28 07:28:07
79,CMP100079,Nikhil Deshmukh,9954946593,Axis Bank,XXXX2735,TXN111325589,54805.13,UPI,2026-08-19,05:14:07,Delhi,Phishing transaction,Cybercrime Portal,2026-08-19 05:14:07
80,CMP100080,Priya Gupta,9841351411,Bank of Maharashtra,XXXX3469,TXN470405910,6851.41,UPI,2026-07-19,19:56:07,Chennai,Fake customer care fraud,Police Station,2026-07-19 19:56:07
81,CMP100081,Anjali Deshmukh,9434889710,ICICI Bank,XXXX8460,TXN942103498,40139.11,IMPS,2026-07-11,10:38:07,Ahmedabad,Unauthorized bank transfer,Police Station,2026-07-11 10:38:07
82,CMP100082,Priya Deshmukh,9172127903,ICICI Bank,XXXX1732,TXN969930526,71459.84,UPI,2026-07-26,11:59:07,Pune,OTP sharing fraud,1930,2026-07-26 11:59:07
83,CMP100083,Karan Singh,9287317728,Bank of Maharashtra,XXXX3623,TXN455397438,219185.2,Net Banking,2026-09-16,14:30:07,Hyderabad,Unauthorized bank transfer,Cybercrime Portal,2026-09-16 14:30:07
84,CMP100084,Arjun More,9524753348,SBI,XXXX4232,TXN582727494,29777.49,Net Banking,2026-07-09,04:42:07,Hyderabad,Remote access application fraud,1930,2026-07-09 04:42:07
85,CMP100085,Kavya Patil,9719922596,SBI,XXXX9796,TXN300746596,22276.44,NEFT,2026-09-23,14:44:07,Bangalore,Phishing transaction,Bank Referral,2026-09-23 14:44:07
86,CMP100086,Rahul Singh,9786237617,ICICI Bank,XXXX7367,TXN756387421,30273.29,Debit Card,2026-04-25,17:13:07,Kolkata,Fake customer care fraud,Police Station,2026-04-25 17:13:07
87,CMP100087,Arjun Kulkarni,9759797724,Bank of Maharashtra,XXXX2388,TXN821672704,124888.97,IMPS,2026-06-25,23:10:07,Bangalore,Fake customer care fraud,Cybercrime Portal,2026-06-25 23:10:07
88,CMP100088,Neha Pawar,9648494024,Axis Bank,XXXX7852,TXN740407346,69461.6,IMPS,2026-06-13,11:42:07,Kolkata,Remote access application fraud,Bank Referral,2026-06-13 11:42:07
89,CMP100089,Rohan Pawar,9695832844,HDFC Bank,XXXX9022,TXN410133983,29437.31,IMPS,2026-05-14,00:11:07,Nashik,OTP sharing fraud,Bank Referral,2026-05-14 00:11:07
90,CMP100090,Neha Sharma,9620344871,HDFC Bank,XXXX4196,TXN975331448,83537.07,Debit Card,2026-09-01,10:26:07,Ahmedabad,Fake KYC update,Bank Referral,2026-09-01 10:26:07
91,CMP100091,Pooja Shah,9624737111,HDFC Bank,XXXX2354,TXN707091264,55097.29,UPI,2026-07-10,06:02:07,Nagpur,Investment fraud,1930,2026-07-10 06:02:07
92,CMP100092,Kiran Pawar,9938313402,Axis Bank,XXXX9115,TXN690263993,131718.62,Net Banking,2026-06-05,16:05:07,Mumbai,Online shopping fraud,1930,2026-06-05 16:05:07
93,CMP100093,Neha Singh,9983271755,Punjab National Bank,XXXX1681,TXN916048218,24778.34,Debit Card,2026-06-04,02:23:07,Ahmedabad,Phishing transaction,Bank Referral,2026-06-04 02:23:07
94,CMP100094,Karan Kulkarni,9134607126,Axis Bank,XXXX5305,TXN474281674,36030.32,UPI,2026-04-23,08:24:07,Chennai,Fake customer care fraud,Cybercrime Portal,2026-04-23 08:24:07
95,CMP100095,Neha Gupta,9779432289,Axis Bank,XXXX3719,TXN761587312,33781.55,IMPS,2026-05-20,08:08:07,Nagpur,Phishing transaction,1930,2026-05-20 08:08:07
96,CMP100096,Kavya Gupta,9678498324,HDFC Bank,XXXX6302,TXN855971970,11571.07,NEFT,2026-08-19,20:05:07,Delhi,Online shopping fraud,Police Station,2026-08-19 20:05:07
97,CMP100097,Ananya Pawar,9905407446,Punjab National Bank,XXXX7743,TXN163657733,67231.59,NEFT,2026-08-06,06:23:07,Nashik,Digital arrest scam,Cybercrime Portal,2026-08-06 06:23:07
98,CMP100098,Karan More,9625552311,HDFC Bank,XXXX5402,TXN774108885,64914.97,Debit Card,2026-05-04,06:51:07,Hyderabad,Unauthorized bank transfer,1930,2026-05-04 06:51:07
99,CMP100099,Riya Kulkarni,9845932321,ICICI Bank,XXXX8449,TXN624033772,50256.33,NEFT,2026-09-05,10:56:07,Kolkata,Unauthorized UPI transaction,1930,2026-09-05 10:56:07
100,CMP100100,Neha Patil,9954352670,Bank of Maharashtra,XXXX7516,TXN333893106,39544.87,Debit Card,2026-07-23,05:13:07,Nagpur,Unauthorized bank transfer,Police Station,2026-07-23 05:13:07
101,CMP100101,Rohan Gupta,9240224505,Bank of Maharashtra,XXXX8951,TXN946434607,12141.78,NEFT,2026-06-17,17:52:07,Pune,Unauthorized UPI transaction,1930,2026-06-17 17:52:07
102,CMP100102,Ananya Pawar,9573827182,Axis Bank,XXXX1011,TXN559346003,32831.15,IMPS,2026-09-03,22:32:07,Nashik,Investment fraud,Cybercrime Portal,2026-09-03 22:32:07
103,CMP100103,Neha Kulkarni,9188498371,ICICI Bank,XXXX3711,TXN155606161,35492.04,Debit Card,2026-06-05,11:12:07,Delhi,Phishing transaction,Bank Referral,2026-06-05 11:12:07
104,CMP100104,Ananya Sharma,9329159242,Axis Bank,XXXX2276,TXN242485313,22415.34,Net Banking,2026-09-10,11:16:07,Nagpur,Fake KYC update,Bank Referral,2026-09-10 11:16:07
105,CMP100105,Meera Patil,9553456129,Kotak Mahindra Bank,XXXX3165,TXN612926731,42552.44,UPI,2026-03-29,09:15:07,Nagpur,Remote access application fraud,1930,2026-03-29 09:15:07
106,CMP100106,Neha Kulkarni,9247241457,Axis Bank,XXXX3181,TXN788887139,74894.01,IMPS,2026-04-22,11:51:07,Mumbai,Fake KYC update,1930,2026-04-22 11:51:07
107,CMP100107,Priya Deshmukh,9875705487,HDFC Bank,XXXX3480,TXN542070132,329708.49,Net Banking,2026-08-31,04:41:07,Chennai,Phishing transaction,1930,2026-08-31 04:41:07
108,CMP100108,Ananya Gupta,9883841357,Axis Bank,XXXX6759,TXN561052655,59537.17,NEFT,2026-04-21,13:19:07,Nashik,Phishing transaction,Police Station,2026-04-21 13:19:07
109,CMP100109,Rohan Gupta,9744253537,Kotak Mahindra Bank,XXXX5668,TXN936412291,64687.85,UPI,2026-09-08,10:46:07,Delhi,Phishing transaction,Cybercrime Portal,2026-09-08 10:46:07
110,CMP100110,Aditya Joshi,9631381642,Axis Bank,XXXX2847,TXN358859561,46412.88,Debit Card,2026-07-05,18:12:07,Kolkata,Fake customer care fraud,1930,2026-07-05 18:12:07
111,CMP100111,Nikhil Gupta,9551898779,ICICI Bank,XXXX9951,TXN833303441,7339.36,IMPS,2026-06-27,18:39:07,Chennai,Fake customer care fraud,1930,2026-06-27 18:39:07
112,CMP100112,Kavya Joshi,9142763764,SBI,XXXX7520,TXN643968992,48691.73,NEFT,2026-08-24,10:31:07,Ahmedabad,Remote access application fraud,Bank Referral,2026-08-24 10:31:07
113,CMP100113,Rohan Singh,9761475488,HDFC Bank,XXXX5546,TXN189761677,53104.05,NEFT,2026-09-22,20:36:07,Mumbai,Fake KYC update,Cybercrime Portal,2026-09-22 20:36:07
114,CMP100114,Nikhil Gupta,9781068259,Punjab National Bank,XXXX2083,TXN433041955,587141.07,Debit Card,2026-05-06,01:51:07,Nagpur,Unauthorized UPI transaction,Cybercrime Portal,2026-05-06 01:51:07
115,CMP100115,Priya Gupta,9753728820,SBI,XXXX6067,TXN815197502,41250.45,IMPS,2026-04-18,21:38:07,Mumbai,Unauthorized UPI transaction,Cybercrime Portal,2026-04-18 21:38:07
116,CMP100116,Rahul Deshmukh,9661572729,Bank of Maharashtra,XXXX5247,TXN279275105,67597.46,NEFT,2026-09-22,08:41:07,Nashik,Investment fraud,1930,2026-09-22 08:41:07
117,CMP100117,Pooja Kulkarni,9662484182,SBI,XXXX5308,TXN864851260,48294.19,Net Banking,2026-04-03,19:22:07,Mumbai,Unauthorized bank transfer,Bank Referral,2026-04-03 19:22:07
118,CMP100118,Rahul Gupta,9279187532,ICICI Bank,XXXX3577,TXN373928805,15538.88,UPI,2026-08-04,19:34:07,Kolkata,Fake customer care fraud,Cybercrime Portal,2026-08-04 19:34:07
119,CMP100119,Aarav Joshi,9149372289,Axis Bank,XXXX6963,TXN511221078,156780.36,IMPS,2026-08-04,08:33:07,Nashik,Unauthorized UPI transaction,Bank Referral,2026-08-04 08:33:07
120,CMP100120,Pooja Deshmukh,9391261014,Punjab National Bank,XXXX2276,TXN713682070,106054.81,NEFT,2026-05-23,18:46:07,Mumbai,Fake KYC update,1930,2026-05-23 18:46:07
121,CMP100121,Riya Sharma,9530489781,SBI,XXXX8620,TXN403124688,110283.57,NEFT,2026-05-11,16:22:07,Bangalore,Fake customer care fraud,Bank Referral,2026-05-11 16:22:07
122,CMP100122,Kiran Gupta,9942358213,ICICI Bank,XXXX4974,TXN598137488,20138.54,NEFT,2026-03-29,19:43:07,Kolkata,Unauthorized bank transfer,Cybercrime Portal,2026-03-29 19:43:07
123,CMP100123,Aarav More,9125673445,HDFC Bank,XXXX9872,TXN471969615,203327.37,UPI,2026-08-13,15:40:07,Bangalore,Unauthorized UPI transaction,Bank Referral,2026-08-13 15:40:07
124,CMP100124,Riya Joshi,9550773824,Axis Bank,XXXX1981,TXN252872361,12307.05,NEFT,2026-06-13,11:44:07,Mumbai,Unauthorized UPI transaction,Cybercrime Portal,2026-06-13 11:44:07
125,CMP100125,Neha Shah,9903050869,SBI,XXXX2565,TXN642698931,89916.38,IMPS,2026-08-07,22:15:07,Hyderabad,Fake customer care fraud,1930,2026-08-07 22:15:07
126,CMP100126,Karan Kulkarni,9380236885,Punjab National Bank,XXXX6161,TXN959870518,446964.26,Debit Card,2026-07-17,05:39:07,Bangalore,OTP sharing fraud,Bank Referral,2026-07-17 05:39:07
127,CMP100127,Isha Pawar,9937450959,Punjab National Bank,XXXX2785,TXN266870811,18568.87,UPI,2026-06-04,15:35:07,Nashik,Unauthorized bank transfer,Bank Referral,2026-06-04 15:35:07
128,CMP100128,Rohan Deshmukh,9927142786,HDFC Bank,XXXX8404,TXN431042889,28381.15,Debit Card,2026-06-15,21:38:07,Delhi,Fake customer care fraud,1930,2026-06-15 21:38:07
129,CMP100129,Vikram Sharma,9330876810,Punjab National Bank,XXXX6370,TXN259261469,55239.28,UPI,2026-05-07,05:50:07,Nagpur,OTP sharing fraud,Bank Referral,2026-05-07 05:50:07
130,CMP100130,Kiran Kulkarni,9980564513,HDFC Bank,XXXX1509,TXN534212844,30221.31,Debit Card,2026-08-05,10:14:07,Ahmedabad,Fake KYC update,Cybercrime Portal,2026-08-05 10:14:07
131,CMP100131,Anjali Patil,9112838650,SBI,XXXX4641,TXN240354421,10605.36,IMPS,2026-04-20,22:37:07,Hyderabad,OTP sharing fraud,1930,2026-04-20 22:37:07
132,CMP100132,Amit Sharma,9169226321,HDFC Bank,XXXX8265,TXN968977829,53548.4,IMPS,2026-08-24,02:47:07,Mumbai,OTP sharing fraud,1930,2026-08-24 02:47:07
133,CMP100133,Arjun Gupta,9565098113,Punjab National Bank,XXXX7471,TXN632711663,17282.93,UPI,2026-04-06,22:34:07,Hyderabad,Remote access application fraud,Cybercrime Portal,2026-04-06 22:34:07
134,CMP100134,Arjun Kulkarni,9400491536,Axis Bank,XXXX3435,TXN137204552,80287.62,Net Banking,2026-06-25,15:29:07,Kolkata,Online shopping fraud,Cybercrime Portal,2026-06-25 15:29:07
135,CMP100135,Pooja Singh,9614355545,SBI,XXXX2437,TXN400407178,19937.43,Debit Card,2026-09-08,18:02:07,Nashik,Remote access application fraud,Cybercrime Portal,2026-09-08 18:02:07
136,CMP100136,Rohan Sharma,9510704185,Punjab National Bank,XXXX6883,TXN615057244,235558.06,Net Banking,2026-09-08,00:46:07,Chennai,OTP sharing fraud,Police Station,2026-09-08 00:46:07
137,CMP100137,Aarav Deshmukh,9741148802,HDFC Bank,XXXX1480,TXN970471079,22845.86,NEFT,2026-07-04,16:42:07,Pune,Unauthorized bank transfer,Police Station,2026-07-04 16:42:07
138,CMP100138,Ananya Joshi,9805302800,HDFC Bank,XXXX5366,TXN673044801,36232.68,UPI,2026-08-23,15:41:07,Nagpur,Online shopping fraud,Bank Referral,2026-08-23 15:41:07
139,CMP100139,Karan Gupta,9441454588,Punjab National Bank,XXXX6878,TXN735185398,112791.41,UPI,2026-06-25,13:42:07,Bangalore,Online shopping fraud,Cybercrime Portal,2026-06-25 13:42:07
140,CMP100140,Rahul Singh,9431843213,HDFC Bank,XXXX9035,TXN140763261,14602.0,UPI,2026-08-18,15:24:07,Pune,Phishing transaction,Cybercrime Portal,2026-08-18 15:24:07
141,CMP100141,Aarav Deshmukh,9759422189,HDFC Bank,XXXX3137,TXN465887237,62770.36,IMPS,2026-04-02,01:01:07,Bangalore,Unauthorized UPI transaction,1930,2026-04-02 01:01:07
142,CMP100142,Anjali Patil,9665104817,Punjab National Bank,XXXX6978,TXN177880216,184779.97,NEFT,2026-05-04,03:16:07,Hyderabad,Online shopping fraud,1930,2026-05-04 03:16:07
143,CMP100143,Anjali Pawar,9886356993,Axis Bank,XXXX8982,TXN797052007,10019.57,NEFT,2026-06-21,17:51:07,Nashik,Fake KYC update,Police Station,2026-06-21 17:51:07
144,CMP100144,Arjun More,9429448930,Kotak Mahindra Bank,XXXX5825,TXN236739271,60138.9,IMPS,2026-05-24,06:08:07,Pune,Online shopping fraud,Bank Referral,2026-05-24 06:08:07
145,CMP100145,Vikram Deshmukh,9968449816,Bank of Maharashtra,XXXX4619,TXN786815488,64838.9,Net Banking,2026-08-19,09:42:07,Mumbai,Unauthorized bank transfer,Cybercrime Portal,2026-08-19 09:42:07
146,CMP100146,Karan Deshmukh,9443080569,HDFC Bank,XXXX2453,TXN982252644,109272.62,NEFT,2026-06-20,07:35:07,Chennai,Unauthorized UPI transaction,Police Station,2026-06-20 07:35:07
147,CMP100147,Amit Deshmukh,9375584366,Punjab National Bank,XXXX2770,TXN873538202,14513.4,UPI,2026-05-19,16:15:07,Pune,Remote access application fraud,Bank Referral,2026-05-19 16:15:07
148,CMP100148,Pooja Shah,9506639535,ICICI Bank,XXXX9946,TXN503026384,13350.67,UPI,2026-07-12,14:27:07,Chennai,Online shopping fraud,Cybercrime Portal,2026-07-12 14:27:07
149,CMP100149,Aditya Kulkarni,9121558591,ICICI Bank,XXXX5278,TXN212447665,84264.83,UPI,2026-05-07,22:35:07,Bangalore,Digital arrest scam,Bank Referral,2026-05-07 22:35:07
150,CMP100150,Rohan Patil,9462871672,Bank of Maharashtra,XXXX8909,TXN856456108,67289.73,UPI,2026-05-08,07:35:07,Hyderabad,Digital arrest scam,Bank Referral,2026-05-08 07:35:07
151,CMP100151,Meera Joshi,9303994042,Axis Bank,XXXX9849,TXN384825874,64232.92,NEFT,2026-05-06,09:37:07,Delhi,Phishing transaction,1930,2026-05-06 09:37:07
152,CMP100152,Rohan Shah,9264915937,SBI,XXXX6911,TXN104096941,70701.81,Debit Card,2026-04-08,21:07:07,Mumbai,Investment fraud,Bank Referral,2026-04-08 21:07:07
153,CMP100153,Isha Pawar,9785252000,ICICI Bank,XXXX2342,TXN608492614,25330.22,UPI,2026-05-17,11:32:07,Delhi,Remote access application fraud,Bank Referral,2026-05-17 11:32:07
154,CMP100154,Amit Singh,9516104074,HDFC Bank,XXXX7078,TXN509573649,63071.99,NEFT,2026-07-31,05:47:07,Nashik,Unauthorized bank transfer,1930,2026-07-31 05:47:07
155,CMP100155,Kavya Joshi,9998806471,ICICI Bank,XXXX2009,TXN262275325,67027.0,UPI,2026-06-02,23:00:07,Mumbai,OTP sharing fraud,Bank Referral,2026-06-02 23:00:07
156,CMP100156,Aditya More,9978755907,Bank of Maharashtra,XXXX7858,TXN675004218,24475.47,Debit Card,2026-08-24,16:06:07,Kolkata,Phishing transaction,Bank Referral,2026-08-24 16:06:07
157,CMP100157,Aditya Singh,9713342728,Bank of Maharashtra,XXXX3415,TXN229151674,323046.9,Debit Card,2026-06-11,10:56:07,Nashik,Digital arrest scam,Cybercrime Portal,2026-06-11 10:56:07
158,CMP100158,Pooja Patil,9833500385,Axis Bank,XXXX4308,TXN983221403,80306.93,IMPS,2026-05-15,12:33:07,Kolkata,Investment fraud,Police Station,2026-05-15 12:33:07
159,CMP100159,Rohan More,9692763677,ICICI Bank,XXXX5525,TXN658010933,15191.25,Debit Card,2026-04-13,10:55:07,Pune,Online shopping fraud,Bank Referral,2026-04-13 10:55:07
160,CMP100160,Anjali Gupta,9731289471,Bank of Maharashtra,XXXX2641,TXN213424523,96406.79,Net Banking,2026-04-24,21:40:07,Mumbai,Investment fraud,Police Station,2026-04-24 21:40:07
161,CMP100161,Rahul Gupta,9753868135,Axis Bank,XXXX1613,TXN284898049,18865.62,NEFT,2026-07-10,16:55:07,Hyderabad,Digital arrest scam,Bank Referral,2026-07-10 16:55:07
162,CMP100162,Meera Joshi,9152925780,Kotak Mahindra Bank,XXXX8785,TXN388390253,109849.1,NEFT,2026-04-05,21:27:07,Pune,OTP sharing fraud,Police Station,2026-04-05 21:27:07
163,CMP100163,Rahul Patil,9344767409,HDFC Bank,XXXX5923,TXN898567178,159272.82,Debit Card,2026-06-14,17:24:07,Bangalore,Investment fraud,Bank Referral,2026-06-14 17:24:07
164,CMP100164,Isha Shah,9326978821,Punjab National Bank,XXXX7671,TXN895583423,22006.56,Debit Card,2026-08-29,04:36:07,Ahmedabad,OTP sharing fraud,1930,2026-08-29 04:36:07
165,CMP100165,Kiran Singh,9533131502,HDFC Bank,XXXX9589,TXN710607239,131026.44,UPI,2026-08-05,13:35:07,Nashik,Phishing transaction,Cybercrime Portal,2026-08-05 13:35:07
166,CMP100166,Priya Sharma,9486949792,Kotak Mahindra Bank,XXXX4262,TXN394181098,75550.7,NEFT,2026-04-10,15:33:07,Chennai,Fake KYC update,Bank Referral,2026-04-10 15:33:07
167,CMP100167,Aarav Joshi,9499933139,Axis Bank,XXXX8308,TXN290679038,113759.11,Debit Card,2026-09-05,12:14:07,Kolkata,Fake KYC update,Police Station,2026-09-05 12:14:07
168,CMP100168,Kavya Patil,9406090918,SBI,XXXX7333,TXN153312407,333224.35,IMPS,2026-06-23,14:24:07,Kolkata,Phishing transaction,Cybercrime Portal,2026-06-23 14:24:07
169,CMP100169,Isha Kulkarni,9799636574,Axis Bank,XXXX9409,TXN121531054,39120.04,UPI,2026-09-08,16:14:07,Chennai,Digital arrest scam,Cybercrime Portal,2026-09-08 16:14:07
170,CMP100170,Kavya Gupta,9964454042,ICICI Bank,XXXX5511,TXN555059083,23530.25,Debit Card,2026-08-27,08:45:07,Bangalore,Unauthorized bank transfer,Police Station,2026-08-27 08:45:07
171,CMP100171,Riya Gupta,9526439295,Bank of Maharashtra,XXXX2676,TXN107889398,20542.76,Net Banking,2026-05-21,22:50:07,Bangalore,Fake KYC update,Police Station,2026-05-21 22:50:07
172,CMP100172,Rahul Patil,9461081823,ICICI Bank,XXXX6327,TXN397302928,22114.04,NEFT,2026-06-12,05:37:07,Delhi,Phishing transaction,Cybercrime Portal,2026-06-12 05:37:07
173,CMP100173,Aditya Gupta,9533897383,Kotak Mahindra Bank,XXXX6236,TXN830955923,46289.78,IMPS,2026-08-06,16:28:07,Pune,Unauthorized bank transfer,Police Station,2026-08-06 16:28:07
174,CMP100174,Nikhil Sharma,9726016935,Kotak Mahindra Bank,XXXX4111,TXN468472812,70328.35,IMPS,2026-06-01,21:56:07,Ahmedabad,Unauthorized bank transfer,Police Station,2026-06-01 21:56:07
175,CMP100175,Arjun Singh,9294493146,ICICI Bank,XXXX2599,TXN605497119,65937.93,IMPS,2026-08-03,18:25:07,Delhi,Fake KYC update,Cybercrime Portal,2026-08-03 18:25:07
176,CMP100176,Amit Joshi,9481482646,HDFC Bank,XXXX6031,TXN551478978,114343.41,NEFT,2026-09-17,19:12:07,Bangalore,Investment fraud,Police Station,2026-09-17 19:12:07
177,CMP100177,Aditya Gupta,9723106450,Bank of Maharashtra,XXXX2166,TXN607042021,50654.34,IMPS,2026-07-23,12:01:07,Ahmedabad,Fake customer care fraud,Bank Referral,2026-07-23 12:01:07
178,CMP100178,Aditya Pawar,9247494816,HDFC Bank,XXXX6614,TXN539366395,213910.37,Net Banking,2026-08-09,17:57:07,Chennai,Digital arrest scam,Police Station,2026-08-09 17:57:07
179,CMP100179,Meera Pawar,9436525794,Kotak Mahindra Bank,XXXX1950,TXN105061082,38373.46,Debit Card,2026-05-12,11:02:07,Delhi,Phishing transaction,Cybercrime Portal,2026-05-12 11:02:07
180,CMP100180,Amit Pawar,9759792599,Axis Bank,XXXX8035,TXN533140455,759144.52,Debit Card,2026-08-21,14:02:07,Chennai,Remote access application fraud,1930,2026-08-21 14:02:07
181,CMP100181,Neha Sharma,9445973716,Punjab National Bank,XXXX9700,TXN304630191,93474.66,UPI,2026-04-06,01:43:07,Pune,Phishing transaction,Cybercrime Portal,2026-04-06 01:43:07
182,CMP100182,Anjali Patil,9511834185,Bank of Maharashtra,XXXX6015,TXN279336562,21218.33,UPI,2026-09-20,19:50:07,Pune,Investment fraud,Police Station,2026-09-20 19:50:07
183,CMP100183,Vikram Singh,9462747729,Axis Bank,XXXX3192,TXN468006578,17135.13,Debit Card,2026-07-22,08:04:07,Bangalore,Phishing transaction,Cybercrime Portal,2026-07-22 08:04:07
184,CMP100184,Karan Pawar,9326763783,Kotak Mahindra Bank,XXXX1359,TXN733177858,81003.75,Net Banking,2026-07-08,08:45:07,Nashik,Fake customer care fraud,Police Station,2026-07-08 08:45:07
185,CMP100185,Kavya Singh,9769085879,SBI,XXXX1785,TXN810784787,39987.23,UPI,2026-09-09,09:55:07,Pune,Unauthorized UPI transaction,1930,2026-09-09 09:55:07
186,CMP100186,Ananya Singh,9371375678,Axis Bank,XXXX3508,TXN320648482,102107.23,UPI,2026-07-11,22:55:07,Delhi,Remote access application fraud,1930,2026-07-11 22:55:07
187,CMP100187,Vikram Gupta,9852399189,HDFC Bank,XXXX7862,TXN991906567,80259.14,UPI,2026-09-13,00:48:07,Ahmedabad,Online shopping fraud,1930,2026-09-13 00:48:07
188,CMP100188,Ananya Shah,9313295228,Bank of Maharashtra,XXXX4272,TXN935327024,46487.99,NEFT,2026-06-07,12:21:07,Ahmedabad,Phishing transaction,Police Station,2026-06-07 12:21:07
189,CMP100189,Arjun Sharma,9688559516,Axis Bank,XXXX4402,TXN838953322,21439.38,Debit Card,2026-09-23,21:49:07,Bangalore,Phishing transaction,1930,2026-09-23 21:49:07
190,CMP100190,Ananya Gupta,9818356830,Axis Bank,XXXX3443,TXN196725534,10992.09,Net Banking,2026-03-31,05:36:07,Mumbai,Fake customer care fraud,Police Station,2026-03-31 05:36:07
191,CMP100191,Kiran Kulkarni,9598514021,SBI,XXXX2635,TXN973143678,31992.71,IMPS,2026-09-07,16:00:07,Pune,Investment fraud,Police Station,2026-09-07 16:00:07
192,CMP100192,Ananya Patil,9914115345,SBI,XXXX1158,TXN248599901,117733.29,IMPS,2026-09-16,18:58:07,Bangalore,OTP sharing fraud,Bank Referral,2026-09-16 18:58:07
193,CMP100193,Amit Deshmukh,9975061242,ICICI Bank,XXXX3996,TXN222226183,61936.94,Debit Card,2026-09-02,17:27:07,Hyderabad,Unauthorized bank transfer,Police Station,2026-09-02 17:27:07
194,CMP100194,Rahul More,9796693603,Punjab National Bank,XXXX3732,TXN221393557,14386.41,IMPS,2026-07-04,07:25:07,Pune,Digital arrest scam,1930,2026-07-04 07:25:07
195,CMP100195,Sneha Shah,9294627041,Bank of Maharashtra,XXXX7221,TXN936621291,59454.06,NEFT,2026-07-12,03:01:07,Kolkata,Unauthorized UPI transaction,Cybercrime Portal,2026-07-12 03:01:07
196,CMP100196,Pooja Shah,9149362414,SBI,XXXX5286,TXN803272515,73504.04,NEFT,2026-07-28,23:38:07,Pune,Fake KYC update,Cybercrime Portal,2026-07-28 23:38:07
197,CMP100197,Riya Gupta,9202265468,Axis Bank,XXXX5072,TXN617468048,20659.3,NEFT,2026-09-14,19:04:07,Hyderabad,Digital arrest scam,1930,2026-09-14 19:04:07
198,CMP100198,Arjun Singh,9603895158,Punjab National Bank,XXXX9123,TXN277601056,58308.51,UPI,2026-03-30,05:30:07,Chennai,OTP sharing fraud,Cybercrime Portal,2026-03-30 05:30:07
199,CMP100199,Riya Joshi,9691090113,Kotak Mahindra Bank,XXXX7203,TXN533015368,52996.81,IMPS,2026-06-19,16:34:07,Mumbai,Unauthorized bank transfer,Bank Referral,2026-06-19 16:34:07
200,CMP100200,Rahul Shah,9439368482,SBI,XXXX9148,TXN900194244,15943.52,UPI,2026-08-20,22:36:07,Mumbai,Remote access application fraud,Bank Referral,2026-08-20 22:36:07
201,CMP100201,Aarav Patil,9950170825,Bank of Maharashtra,XXXX5990,TXN645823493,71508.07,Net Banking,2026-04-06,02:06:07,Nagpur,Unauthorized bank transfer,Police Station,2026-04-06 02:06:07
202,CMP100202,Karan Shah,9456452891,Bank of Maharashtra,XXXX8751,TXN869505738,87602.32,NEFT,2026-06-28,10:23:07,Chennai,Fake customer care fraud,1930,2026-06-28 10:23:07
203,CMP100203,Meera Deshmukh,9991081037,Kotak Mahindra Bank,XXXX5783,TXN688078280,147683.91,Net Banking,2026-09-11,15:31:07,Bangalore,Fake customer care fraud,1930,2026-09-11 15:31:07
204,CMP100204,Pooja Patil,9373041065,Bank of Maharashtra,XXXX4209,TXN301373196,143426.84,UPI,2026-05-08,23:39:07,Hyderabad,Phishing transaction,Bank Referral,2026-05-08 23:39:07
205,CMP100205,Ananya More,9149929379,Kotak Mahindra Bank,XXXX3018,TXN929084565,12608.28,Debit Card,2026-05-15,06:52:07,Chennai,Online shopping fraud,Cybercrime Portal,2026-05-15 06:52:07
206,CMP100206,Aditya Singh,9564726604,Punjab National Bank,XXXX8912,TXN645818292,19573.92,IMPS,2026-08-01,09:04:07,Kolkata,Digital arrest scam,Cybercrime Portal,2026-08-01 09:04:07
207,CMP100207,Vikram Gupta,9445577110,Bank of Maharashtra,XXXX7302,TXN549537843,83684.88,Net Banking,2026-04-22,21:13:07,Nagpur,Investment fraud,Bank Referral,2026-04-22 21:13:07
208,CMP100208,Anjali Pawar,9543182078,Bank of Maharashtra,XXXX9393,TXN420955532,83580.39,Net Banking,2026-06-22,17:59:07,Bangalore,Fake KYC update,Cybercrime Portal,2026-06-22 17:59:07
209,CMP100209,Kiran Deshmukh,9821955780,HDFC Bank,XXXX3913,TXN641051458,83685.92,Net Banking,2026-05-17,15:10:07,Bangalore,Fake customer care fraud,Police Station,2026-05-17 15:10:07
210,CMP100210,Sneha More,9823963430,Kotak Mahindra Bank,XXXX9747,TXN407012827,1000000.0,Debit Card,2026-08-18,00:08:07,Pune,Fake KYC update,1930,2026-08-18 00:08:07
211,CMP100211,Aditya Sharma,9314643586,ICICI Bank,XXXX3636,TXN407751103,88492.12,NEFT,2026-04-02,20:40:07,Nashik,Unauthorized UPI transaction,Police Station,2026-04-02 20:40:07
212,CMP100212,Neha Shah,9210037068,Bank of Maharashtra,XXXX4675,TXN897159606,155646.69,Net Banking,2026-05-19,01:33:07,Hyderabad,Phishing transaction,Police Station,2026-05-19 01:33:07
213,CMP100213,Nikhil More,9547284589,Punjab National Bank,XXXX6122,TXN692839277,129803.89,UPI,2026-09-21,05:34:07,Pune,Investment fraud,Cybercrime Portal,2026-09-21 05:34:07
214,CMP100214,Karan Deshmukh,9910790724,Bank of Maharashtra,XXXX9955,TXN892904680,95910.38,Net Banking,2026-09-01,23:24:07,Nagpur,Phishing transaction,Police Station,2026-09-01 23:24:07
215,CMP100215,Amit Pawar,9286611097,Kotak Mahindra Bank,XXXX9418,TXN228155179,36479.62,Debit Card,2026-07-19,14:14:07,Pune,Remote access application fraud,Police Station,2026-07-19 14:14:07
216,CMP100216,Arjun Gupta,9373821508,SBI,XXXX6415,TXN600719456,106803.66,IMPS,2026-08-16,16:39:07,Pune,Digital arrest scam,Police Station,2026-08-16 16:39:07
217,CMP100217,Vikram Kulkarni,9626725060,Punjab National Bank,XXXX6866,TXN178255153,23085.34,NEFT,2026-08-26,10:20:07,Ahmedabad,Phishing transaction,Cybercrime Portal,2026-08-26 10:20:07
218,CMP100218,Riya Pawar,9546602768,Bank of Maharashtra,XXXX9798,TXN533165776,39456.72,UPI,2026-08-07,11:21:07,Bangalore,Phishing transaction,Cybercrime Portal,2026-08-07 11:21:07
219,CMP100219,Neha Kulkarni,9334553833,Punjab National Bank,XXXX9691,TXN609874021,30773.67,Net Banking,2026-09-12,18:52:07,Pune,Fake customer care fraud,Police Station,2026-09-12 18:52:07
220,CMP100220,Vikram Gupta,9361807423,SBI,XXXX6258,TXN509495719,54265.96,UPI,2026-07-19,16:28:07,Hyderabad,Investment fraud,Police Station,2026-07-19 16:28:07
221,CMP100221,Neha Singh,9962017907,Bank of Maharashtra,XXXX8300,TXN622702576,506073.33,UPI,2026-04-03,01:23:07,Delhi,Phishing transaction,Police Station,2026-04-03 01:23:07
222,CMP100222,Arjun Singh,9672525395,SBI,XXXX2072,TXN326324885,7727.29,IMPS,2026-08-05,10:37:07,Hyderabad,Fake customer care fraud,Cybercrime Portal,2026-08-05 10:37:07
223,CMP100223,Pooja Patil,9901967913,Kotak Mahindra Bank,XXXX3519,TXN125504528,99313.67,Debit Card,2026-08-12,07:27:07,Bangalore,Unauthorized UPI transaction,1930,2026-08-12 07:27:07
224,CMP100224,Kavya Singh,9175636616,Bank of Maharashtra,XXXX4729,TXN377721135,9967.27,Debit Card,2026-04-14,09:42:07,Hyderabad,Unauthorized bank transfer,Bank Referral,2026-04-14 09:42:07
225,CMP100225,Nikhil Patil,9674274037,SBI,XXXX2036,TXN911706504,31189.8,Net Banking,2026-07-15,18:32:07,Pune,Fake customer care fraud,Police Station,2026-07-15 18:32:07
226,CMP100226,Kiran Gupta,9192884274,ICICI Bank,XXXX8170,TXN509539711,148557.72,Debit Card,2026-08-02,11:49:07,Pune,Unauthorized bank transfer,Cybercrime Portal,2026-08-02 11:49:07
227,CMP100227,Nikhil Singh,9416730716,Kotak Mahindra Bank,XXXX3360,TXN420035728,53319.55,NEFT,2026-08-10,15:39:07,Pune,Fake KYC update,Cybercrime Portal,2026-08-10 15:39:07
228,CMP100228,Sneha Gupta,9523142000,Bank of Maharashtra,XXXX9970,TXN191404267,17018.11,NEFT,2026-04-27,09:31:07,Nagpur,OTP sharing fraud,Cybercrime Portal,2026-04-27 09:31:07
229,CMP100229,Riya Pawar,9272823429,HDFC Bank,XXXX4617,TXN762375136,24452.18,NEFT,2026-07-11,05:25:07,Nagpur,Fake customer care fraud,Cybercrime Portal,2026-07-11 05:25:07
230,CMP100230,Aditya Singh,9595279737,Kotak Mahindra Bank,XXXX2198,TXN412085927,98654.19,UPI,2026-09-15,03:25:07,Delhi,Fake customer care fraud,Cybercrime Portal,2026-09-15 03:25:07
231,CMP100231,Neha Pawar,9820798124,Kotak Mahindra Bank,XXXX4842,TXN207422565,24086.62,NEFT,2026-08-22,23:52:07,Kolkata,Fake customer care fraud,Cybercrime Portal,2026-08-22 23:52:07
232,CMP100232,Meera Gupta,9808049250,ICICI Bank,XXXX3496,TXN707256840,62083.58,Net Banking,2026-06-16,23:59:07,Bangalore,OTP sharing fraud,Bank Referral,2026-06-16 23:59:07
233,CMP100233,Karan Joshi,9864717990,Kotak Mahindra Bank,XXXX8145,TXN397082704,52331.31,NEFT,2026-05-09,08:51:07,Nashik,OTP sharing fraud,Bank Referral,2026-05-09 08:51:07
234,CMP100234,Kiran Shah,9692353117,SBI,XXXX3879,TXN793155758,26060.55,Net Banking,2026-07-23,22:53:07,Mumbai,Investment fraud,Cybercrime Portal,2026-07-23 22:53:07
235,CMP100235,Amit Patil,9120004122,Punjab National Bank,XXXX9309,TXN778203785,426651.32,UPI,2026-08-11,14:47:07,Kolkata,Online shopping fraud,Bank Referral,2026-08-11 14:47:07
236,CMP100236,Aditya Singh,9379834642,Bank of Maharashtra,XXXX9842,TXN606917752,94249.17,IMPS,2026-08-25,15:29:07,Bangalore,Remote access application fraud,Cybercrime Portal,2026-08-25 15:29:07
237,CMP100237,Kiran Pawar,9598969054,Bank of Maharashtra,XXXX9362,TXN197231642,6598.75,Debit Card,2026-08-25,08:25:07,Bangalore,Fake KYC update,1930,2026-08-25 08:25:07
238,CMP100238,Vikram Pawar,9913043828,Bank of Maharashtra,XXXX3299,TXN579125557,60248.48,IMPS,2026-09-12,16:25:07,Nashik,Online shopping fraud,Cybercrime Portal,2026-09-12 16:25:07
239,CMP100239,Karan Shah,9348839570,SBI,XXXX5331,TXN496678008,25796.44,IMPS,2026-07-28,19:33:07,Pune,Phishing transaction,Police Station,2026-07-28 19:33:07
240,CMP100240,Priya Sharma,9142847338,Kotak Mahindra Bank,XXXX6309,TXN210837014,117267.35,Net Banking,2026-07-05,00:29:07,Delhi,Investment fraud,Cybercrime Portal,2026-07-05 00:29:07
241,CMP100241,Neha Gupta,9801514770,Punjab National Bank,XXXX2275,TXN654762561,22635.11,NEFT,2026-07-02,04:55:07,Hyderabad,Phishing transaction,Bank Referral,2026-07-02 04:55:07
242,CMP100242,Rahul Gupta,9107084208,Bank of Maharashtra,XXXX3276,TXN572337634,44580.06,IMPS,2026-06-25,20:02:07,Nagpur,Fake customer care fraud,Police Station,2026-06-25 20:02:07
243,CMP100243,Arjun Deshmukh,9746414349,Kotak Mahindra Bank,XXXX2938,TXN809861078,82848.22,IMPS,2026-05-20,12:42:07,Hyderabad,OTP sharing fraud,1930,2026-05-20 12:42:07
244,CMP100244,Rahul Joshi,9734356903,HDFC Bank,XXXX7732,TXN124101254,118840.02,IMPS,2026-07-29,06:01:07,Pune,Digital arrest scam,Cybercrime Portal,2026-07-29 06:01:07
245,CMP100245,Aditya Gupta,9257695200,SBI,XXXX3725,TXN377304178,15055.25,IMPS,2026-05-01,05:03:07,Ahmedabad,Remote access application fraud,1930,2026-05-01 05:03:07
246,CMP100246,Isha Shah,9751252216,Axis Bank,XXXX8891,TXN283144690,35784.75,IMPS,2026-09-12,17:36:07,Hyderabad,Online shopping fraud,Cybercrime Portal,2026-09-12 17:36:07
247,CMP100247,Riya Kulkarni,9280089806,Kotak Mahindra Bank,XXXX6614,TXN586909856,31095.95,Net Banking,2026-08-23,14:10:07,Kolkata,Fake customer care fraud,Cybercrime Portal,2026-08-23 14:10:07
248,CMP100248,Ananya Sharma,9317270101,Bank of Maharashtra,XXXX9263,TXN834834366,26015.53,Debit Card,2026-07-01,20:39:07,Nashik,Online shopping fraud,1930,2026-07-01 20:39:07
249,CMP100249,Vikram Gupta,9141915191,Punjab National Bank,XXXX9706,TXN640445621,292211.32,UPI,2026-05-12,00:28:07,Mumbai,Unauthorized bank transfer,Cybercrime Portal,2026-05-12 00:28:07
250,CMP100250,Aarav More,9660540722,Axis Bank,XXXX7068,TXN146641502,74963.75,Net Banking,2026-08-29,02:23:07,Hyderabad,Phishing transaction,Bank Referral,2026-08-29 02:23:07
251,CMP100251,Sneha Patil,9556865760,HDFC Bank,XXXX5170,TXN612326496,14170.17,IMPS,2026-07-02,20:08:07,Mumbai,Investment fraud,Bank Referral,2026-07-02 20:08:07
252,CMP100252,Aarav Gupta,9661073732,SBI,XXXX9515,TXN107724556,125196.56,Debit Card,2026-05-31,14:31:07,Nagpur,OTP sharing fraud,Bank Referral,2026-05-31 14:31:07
253,CMP100253,Pooja Gupta,9372336071,ICICI Bank,XXXX9783,TXN554795749,417456.02,Net Banking,2026-06-27,11:40:07,Bangalore,Online shopping fraud,Police Station,2026-06-27 11:40:07
254,CMP100254,Isha More,9692818173,Punjab National Bank,XXXX8904,TXN291898710,140398.99,NEFT,2026-09-17,21:19:07,Ahmedabad,Fake KYC update,Bank Referral,2026-09-17 21:19:07
255,CMP100255,Neha More,9890040374,HDFC Bank,XXXX2951,TXN902959376,10942.49,IMPS,2026-05-30,18:07:07,Chennai,Digital arrest scam,1930,2026-05-30 18:07:07
256,CMP100256,Meera Singh,9759304715,Kotak Mahindra Bank,XXXX1852,TXN272591127,30808.45,Debit Card,2026-05-21,00:56:07,Pune,Fake customer care fraud,Cybercrime Portal,2026-05-21 00:56:07
257,CMP100257,Amit Patil,9382492880,HDFC Bank,XXXX7075,TXN185942015,177493.53,Net Banking,2026-07-26,03:58:07,Pune,Remote access application fraud,Bank Referral,2026-07-26 03:58:07
258,CMP100258,Kiran Gupta,9161700457,Punjab National Bank,XXXX3871,TXN787507560,24639.57,Debit Card,2026-09-01,05:04:07,Chennai,Unauthorized UPI transaction,Cybercrime Portal,2026-09-01 05:04:07
259,CMP100259,Isha Sharma,9941770040,Bank of Maharashtra,XXXX9364,TXN653850668,77932.45,IMPS,2026-09-12,00:49:07,Kolkata,Digital arrest scam,1930,2026-09-12 00:49:07
260,CMP100260,Aarav Pawar,9193246752,ICICI Bank,XXXX7544,TXN479167941,108489.9,Debit Card,2026-06-27,16:12:07,Hyderabad,Online shopping fraud,Cybercrime Portal,2026-06-27 16:12:07
261,CMP100261,Amit Patil,9690120616,ICICI Bank,XXXX6703,TXN473098534,19788.33,NEFT,2026-08-06,09:18:07,Nagpur,Online shopping fraud,Cybercrime Portal,2026-08-06 09:18:07
262,CMP100262,Aarav Kulkarni,9287942172,Axis Bank,XXXX9294,TXN214315878,47110.58,Net Banking,2026-07-21,21:07:07,Mumbai,Fake KYC update,Police Station,2026-07-21 21:07:07
263,CMP100263,Riya Kulkarni,9677569362,Punjab National Bank,XXXX5098,TXN845382835,5000.0,Debit Card,2026-06-22,12:22:07,Hyderabad,Online shopping fraud,Bank Referral,2026-06-22 12:22:07
264,CMP100264,Priya Shah,9730100172,Punjab National Bank,XXXX1448,TXN617511527,17950.81,UPI,2026-05-28,19:20:07,Delhi,Fake customer care fraud,Bank Referral,2026-05-28 19:20:07
265,CMP100265,Karan Deshmukh,9542839009,ICICI Bank,XXXX9462,TXN675151857,38840.16,UPI,2026-09-05,16:14:07,Delhi,Phishing transaction,Police Station,2026-09-05 16:14:07
266,CMP100266,Meera Patil,9695445137,HDFC Bank,XXXX8807,TXN437018334,14357.03,NEFT,2026-04-19,21:14:07,Nagpur,Online shopping fraud,Police Station,2026-04-19 21:14:07
267,CMP100267,Isha Shah,9891468251,HDFC Bank,XXXX4847,TXN889660946,255809.83,IMPS,2026-05-13,08:14:07,Delhi,Phishing transaction,Cybercrime Portal,2026-05-13 08:14:07
268,CMP100268,Vikram Deshmukh,9267498965,Punjab National Bank,XXXX2747,TXN228718546,11963.75,UPI,2026-05-17,16:24:07,Chennai,Online shopping fraud,1930,2026-05-17 16:24:07
269,CMP100269,Rahul Deshmukh,9766436631,ICICI Bank,XXXX9066,TXN716885481,32200.39,NEFT,2026-08-12,10:25:07,Chennai,Digital arrest scam,Police Station,2026-08-12 10:25:07
270,CMP100270,Sneha Pawar,9158141154,Bank of Maharashtra,XXXX7933,TXN613592269,56983.6,Net Banking,2026-07-06,16:19:07,Pune,Fake KYC update,Police Station,2026-07-06 16:19:07
271,CMP100271,Arjun Shah,9229244346,Kotak Mahindra Bank,XXXX9490,TXN593997037,211303.67,NEFT,2026-07-06,06:20:07,Pune,Unauthorized UPI transaction,Cybercrime Portal,2026-07-06 06:20:07
272,CMP100272,Meera Deshmukh,9757965465,Punjab National Bank,XXXX5254,TXN300953401,11895.51,Net Banking,2026-07-03,02:37:07,Delhi,Phishing transaction,Police Station,2026-07-03 02:37:07
273,CMP100273,Neha Pawar,9635550230,Axis Bank,XXXX4449,TXN549997617,160002.07,NEFT,2026-07-26,03:52:07,Bangalore,Remote access application fraud,Police Station,2026-07-26 03:52:07
274,CMP100274,Anjali Gupta,9836599683,HDFC Bank,XXXX2636,TXN873969707,50514.28,NEFT,2026-07-20,14:07:07,Nagpur,Fake KYC update,Bank Referral,2026-07-20 14:07:07
275,CMP100275,Anjali Shah,9965079822,SBI,XXXX3893,TXN552604373,18737.27,Debit Card,2026-07-02,14:40:07,Nashik,Fake KYC update,Police Station,2026-07-02 14:40:07
276,CMP100276,Rohan Gupta,9151227475,Axis Bank,XXXX2621,TXN841465088,79370.48,IMPS,2026-07-29,17:47:07,Pune,Phishing transaction,Police Station,2026-07-29 17:47:07
277,CMP100277,Priya Deshmukh,9378924968,ICICI Bank,XXXX6903,TXN701671267,61012.74,Net Banking,2026-07-27,04:37:07,Delhi,OTP sharing fraud,1930,2026-07-27 04:37:07
278,CMP100278,Vikram Joshi,9719392003,Bank of Maharashtra,XXXX9821,TXN287409640,27434.63,NEFT,2026-07-10,11:53:07,Bangalore,OTP sharing fraud,Bank Referral,2026-07-10 11:53:07
279,CMP100279,Vikram Kulkarni,9597950004,Kotak Mahindra Bank,XXXX3373,TXN279932861,53614.8,NEFT,2026-07-19,10:55:07,Hyderabad,Online shopping fraud,Bank Referral,2026-07-19 10:55:07
280,CMP100280,Meera Joshi,9436598800,ICICI Bank,XXXX5773,TXN862822145,34011.86,NEFT,2026-04-14,10:41:07,Kolkata,Remote access application fraud,Police Station,2026-04-14 10:41:07
281,CMP100281,Sneha Singh,9583493761,Axis Bank,XXXX3741,TXN297446299,56010.57,UPI,2026-07-18,20:18:07,Nashik,Phishing transaction,Police Station,2026-07-18 20:18:07
282,CMP100282,Isha Pawar,9526324454,SBI,XXXX2565,TXN168496565,96945.96,Debit Card,2026-09-23,07:36:07,Ahmedabad,Unauthorized UPI transaction,1930,2026-09-23 07:36:07
283,CMP100283,Amit Patil,9381805975,Bank of Maharashtra,XXXX3544,TXN190528528,244212.76,Debit Card,2026-07-07,01:19:07,Delhi,Phishing transaction,Cybercrime Portal,2026-07-07 01:19:07
284,CMP100284,Anjali Pawar,9665585273,Punjab National Bank,XXXX3795,TXN130678197,14500.85,UPI,2026-06-07,23:11:07,Bangalore,OTP sharing fraud,Bank Referral,2026-06-07 23:11:07
285,CMP100285,Kavya Singh,9577648615,HDFC Bank,XXXX9835,TXN290091645,422021.55,Net Banking,2026-07-25,02:30:07,Kolkata,Unauthorized bank transfer,Bank Referral,2026-07-25 02:30:07
286,CMP100286,Rohan Kulkarni,9472769123,Axis Bank,XXXX9841,TXN343877311,7098.87,UPI,2026-08-09,05:11:07,Chennai,Investment fraud,Police Station,2026-08-09 05:11:07
287,CMP100287,Kiran Sharma,9100099158,Bank of Maharashtra,XXXX3233,TXN469243620,42958.65,NEFT,2026-07-10,16:40:07,Chennai,Fake KYC update,1930,2026-07-10 16:40:07
288,CMP100288,Rahul Kulkarni,9109806050,Punjab National Bank,XXXX8052,TXN956808156,90047.76,NEFT,2026-09-20,00:19:07,Kolkata,Phishing transaction,1930,2026-09-20 00:19:07
289,CMP100289,Pooja Singh,9569339388,Axis Bank,XXXX5094,TXN275309282,66222.14,Debit Card,2026-08-14,19:43:07,Hyderabad,Phishing transaction,Police Station,2026-08-14 19:43:07
290,CMP100290,Karan Singh,9920916739,Punjab National Bank,XXXX5454,TXN405669440,26824.71,Net Banking,2026-04-16,22:11:07,Delhi,Remote access application fraud,Cybercrime Portal,2026-04-16 22:11:07
291,CMP100291,Kiran Patil,9783858343,Axis Bank,XXXX8418,TXN392201792,40605.39,Net Banking,2026-04-13,13:39:07,Chennai,Phishing transaction,Police Station,2026-04-13 13:39:07
292,CMP100292,Rohan Sharma,9299648970,SBI,XXXX5622,TXN389046078,30539.53,IMPS,2026-03-31,12:34:07,Chennai,Unauthorized UPI transaction,Cybercrime Portal,2026-03-31 12:34:07
293,CMP100293,Rahul Joshi,9467126134,Axis Bank,XXXX6104,TXN943666157,27733.98,Debit Card,2026-04-19,12:31:07,Bangalore,Unauthorized bank transfer,1930,2026-04-19 12:31:07
294,CMP100294,Anjali Sharma,9386156035,Punjab National Bank,XXXX7429,TXN176648733,116935.8,Net Banking,2026-06-19,11:24:07,Chennai,Digital arrest scam,Cybercrime Portal,2026-06-19 11:24:07
295,CMP100295,Aarav Patil,9924790131,Kotak Mahindra Bank,XXXX5078,TXN513173592,71452.9,Debit Card,2026-05-30,21:24:07,Nagpur,Unauthorized UPI transaction,Cybercrime Portal,2026-05-30 21:24:07
296,CMP100296,Ananya Singh,9815120513,HDFC Bank,XXXX8746,TXN517817593,25005.94,NEFT,2026-07-23,08:20:07,Bangalore,Digital arrest scam,1930,2026-07-23 08:20:07
297,CMP100297,Kavya Shah,9785605643,ICICI Bank,XXXX4255,TXN487005172,122930.96,UPI,2026-08-15,00:38:07,Nagpur,Fake customer care fraud,Cybercrime Portal,2026-08-15 00:38:07
298,CMP100298,Aarav Pawar,9952970198,ICICI Bank,XXXX2960,TXN524995927,67987.41,IMPS,2026-09-05,21:51:07,Pune,Unauthorized UPI transaction,Bank Referral,2026-09-05 21:51:07
299,CMP100299,Neha Patil,9367063493,HDFC Bank,XXXX9190,TXN198141669,112717.55,Net Banking,2026-09-20,03:40:07,Bangalore,Unauthorized UPI transaction,1930,2026-09-20 03:40:07
300,CMP100300,Rohan Patil,9235106204,Axis Bank,XXXX4812,TXN440096507,93845.69,Net Banking,2026-06-27,04:40:07,Bangalore,Unauthorized bank transfer,Cybercrime Portal,2026-06-27 04:40:07
301,CMP100301,Neha Pawar,9369183038,SBI,XXXX8951,TXN858733870,21824.39,Debit Card,2026-04-02,06:55:07,Ahmedabad,Investment fraud,Bank Referral,2026-04-02 06:55:07
302,CMP100302,Rohan Deshmukh,9447549695,Kotak Mahindra Bank,XXXX8674,TXN395627385,28555.28,Net Banking,2026-05-15,02:42:07,Ahmedabad,Digital arrest scam,1930,2026-05-15 02:42:07
303,CMP100303,Kiran Kulkarni,9681544961,ICICI Bank,XXXX8439,TXN100772905,105563.92,Net Banking,2026-08-09,12:59:07,Hyderabad,Digital arrest scam,1930,2026-08-09 12:59:07
304,CMP100304,Vikram Joshi,9444342661,Kotak Mahindra Bank,XXXX2037,TXN806832877,92055.65,Net Banking,2026-09-01,20:20:07,Hyderabad,Phishing transaction,Bank Referral,2026-09-01 20:20:07
305,CMP100305,Kiran Deshmukh,9540024260,Kotak Mahindra Bank,XXXX6276,TXN218609961,48965.77,UPI,2026-08-15,13:10:07,Ahmedabad,Fake customer care fraud,1930,2026-08-15 13:10:07
306,CMP100306,Aditya Joshi,9214949614,Axis Bank,XXXX4139,TXN206035856,56224.38,UPI,2026-04-29,14:26:07,Kolkata,Remote access application fraud,Bank Referral,2026-04-29 14:26:07
307,CMP100307,Sneha Kulkarni,9152705290,ICICI Bank,XXXX4616,TXN750637748,179412.55,UPI,2026-08-09,04:15:07,Pune,Phishing transaction,Bank Referral,2026-08-09 04:15:07
308,CMP100308,Aditya Deshmukh,9699169292,Kotak Mahindra Bank,XXXX7814,TXN982644252,27672.85,NEFT,2026-04-16,23:22:07,Pune,Online shopping fraud,Police Station,2026-04-16 23:22:07
309,CMP100309,Amit Kulkarni,9183682466,HDFC Bank,XXXX9511,TXN204281005,86411.47,UPI,2026-08-09,10:17:07,Nagpur,Fake KYC update,Bank Referral,2026-08-09 10:17:07
310,CMP100310,Karan Gupta,9771437657,HDFC Bank,XXXX7802,TXN901127771,40846.88,UPI,2026-05-14,15:04:07,Kolkata,OTP sharing fraud,Bank Referral,2026-05-14 15:04:07
311,CMP100311,Ananya Pawar,9950899166,HDFC Bank,XXXX7579,TXN641909751,40219.09,NEFT,2026-09-23,05:58:07,Nashik,Fake KYC update,Bank Referral,2026-09-23 05:58:07
312,CMP100312,Meera Deshmukh,9542750235,Punjab National Bank,XXXX8054,TXN987077148,150024.69,NEFT,2026-06-25,19:06:07,Kolkata,Phishing transaction,Cybercrime Portal,2026-06-25 19:06:07
313,CMP100313,Kavya Deshmukh,9585764529,Axis Bank,XXXX7505,TXN100210054,114141.55,UPI,2026-07-02,02:30:07,Delhi,Online shopping fraud,1930,2026-07-02 02:30:07
314,CMP100314,Kiran Sharma,9422481128,HDFC Bank,XXXX4519,TXN438126323,112790.56,UPI,2026-08-06,13:27:07,Delhi,Fake KYC update,Cybercrime Portal,2026-08-06 13:27:07
315,CMP100315,Neha Pawar,9248614668,ICICI Bank,XXXX7014,TXN725084928,184472.76,IMPS,2026-04-20,10:00:07,Nagpur,Investment fraud,Police Station,2026-04-20 10:00:07
316,CMP100316,Sneha Joshi,9888412068,SBI,XXXX6319,TXN951374399,51061.3,Debit Card,2026-04-20,02:56:07,Nashik,Unauthorized bank transfer,1930,2026-04-20 02:56:07
317,CMP100317,Aditya Gupta,9509682018,SBI,XXXX1916,TXN927749187,98886.82,NEFT,2026-08-27,04:50:07,Bangalore,Remote access application fraud,Bank Referral,2026-08-27 04:50:07
318,CMP100318,Vikram Sharma,9780631093,Punjab National Bank,XXXX7266,TXN158119446,36662.57,NEFT,2026-04-26,16:18:07,Ahmedabad,Unauthorized UPI transaction,Police Station,2026-04-26 16:18:07
319,CMP100319,Meera Singh,9849223390,HDFC Bank,XXXX3509,TXN154245232,69143.87,Debit Card,2026-08-13,02:40:07,Chennai,Online shopping fraud,1930,2026-08-13 02:40:07
320,CMP100320,Nikhil Pawar,9241936908,ICICI Bank,XXXX2352,TXN610945043,43898.49,Net Banking,2026-05-22,21:49:07,Pune,Fake KYC update,Bank Referral,2026-05-22 21:49:07
321,CMP100321,Riya More,9930888412,Kotak Mahindra Bank,XXXX3136,TXN918226618,55092.8,IMPS,2026-06-02,10:56:07,Chennai,Fake KYC update,Cybercrime Portal,2026-06-02 10:56:07
322,CMP100322,Sneha Joshi,9702549133,Bank of Maharashtra,XXXX9589,TXN364404457,90665.78,IMPS,2026-07-29,21:12:07,Mumbai,Investment fraud,Bank Referral,2026-07-29 21:12:07
323,CMP100323,Sneha Patil,9220828027,Kotak Mahindra Bank,XXXX7776,TXN554773258,22060.8,NEFT,2026-06-18,06:30:07,Bangalore,Phishing transaction,Police Station,2026-06-18 06:30:07
324,CMP100324,Aarav Kulkarni,9281736451,ICICI Bank,XXXX8245,TXN769136744,405211.96,IMPS,2026-06-24,04:12:07,Chennai,Unauthorized UPI transaction,Cybercrime Portal,2026-06-24 04:12:07
325,CMP100325,Anjali Patil,9220658235,Kotak Mahindra Bank,XXXX1893,TXN360971128,18283.62,Net Banking,2026-05-18,05:54:07,Nashik,Investment fraud,1930,2026-05-18 05:54:07
326,CMP100326,Ananya Kulkarni,9583249931,Axis Bank,XXXX1372,TXN456349916,14847.54,IMPS,2026-06-23,07:22:07,Ahmedabad,Phishing transaction,Cybercrime Portal,2026-06-23 07:22:07
327,CMP100327,Kavya Singh,9618645569,Bank of Maharashtra,XXXX3315,TXN846326954,159195.64,UPI,2026-08-14,01:19:07,Hyderabad,Online shopping fraud,1930,2026-08-14 01:19:07
328,CMP100328,Kiran Joshi,9947384695,Kotak Mahindra Bank,XXXX5444,TXN156999852,110353.15,Debit Card,2026-05-31,13:34:07,Pune,Fake customer care fraud,Bank Referral,2026-05-31 13:34:07
329,CMP100329,Neha Patil,9120485196,ICICI Bank,XXXX7332,TXN348215410,93330.11,Debit Card,2026-09-12,17:13:07,Ahmedabad,Fake customer care fraud,Police Station,2026-09-12 17:13:07
330,CMP100330,Amit Pawar,9313540619,Bank of Maharashtra,XXXX8503,TXN702033662,93725.33,UPI,2026-07-30,04:05:07,Pune,Phishing transaction,Police Station,2026-07-30 04:05:07
331,CMP100331,Arjun Sharma,9472352086,Kotak Mahindra Bank,XXXX6765,TXN481584364,49391.4,NEFT,2026-06-20,23:56:07,Nagpur,Fake KYC update,Police Station,2026-06-20 23:56:07
332,CMP100332,Nikhil Sharma,9695861587,ICICI Bank,XXXX4695,TXN262895422,20384.37,NEFT,2026-04-12,04:47:07,Hyderabad,Digital arrest scam,1930,2026-04-12 04:47:07
333,CMP100333,Vikram Joshi,9548108259,HDFC Bank,XXXX3502,TXN557913296,53937.59,NEFT,2026-07-03,01:14:07,Kolkata,OTP sharing fraud,Bank Referral,2026-07-03 01:14:07
334,CMP100334,Anjali Gupta,9681274244,Kotak Mahindra Bank,XXXX4314,TXN248294102,25402.85,NEFT,2026-08-12,12:44:07,Ahmedabad,Digital arrest scam,Bank Referral,2026-08-12 12:44:07
335,CMP100335,Sneha Pawar,9440908961,SBI,XXXX9732,TXN872493367,132574.23,UPI,2026-05-04,05:30:07,Nashik,OTP sharing fraud,Cybercrime Portal,2026-05-04 05:30:07
336,CMP100336,Pooja More,9425717549,Axis Bank,XXXX5485,TXN263162642,43162.22,IMPS,2026-04-03,19:27:07,Mumbai,Digital arrest scam,Cybercrime Portal,2026-04-03 19:27:07
337,CMP100337,Kavya Gupta,9708857885,Bank of Maharashtra,XXXX4783,TXN740337419,21900.86,IMPS,2026-04-03,04:10:07,Nagpur,Unauthorized UPI transaction,Police Station,2026-04-03 04:10:07
338,CMP100338,Rahul Pawar,9639366915,Punjab National Bank,XXXX8680,TXN864524716,36257.17,NEFT,2026-04-17,07:20:07,Nashik,Remote access application fraud,Bank Referral,2026-04-17 07:20:07
339,CMP100339,Isha Joshi,9134606221,Axis Bank,XXXX1245,TXN389758574,75562.07,Debit Card,2026-07-26,12:41:07,Nagpur,Phishing transaction,Cybercrime Portal,2026-07-26 12:41:07
340,CMP100340,Priya Gupta,9626072176,Kotak Mahindra Bank,XXXX6323,TXN591285126,28454.28,IMPS,2026-04-12,14:30:07,Hyderabad,Remote access application fraud,1930,2026-04-12 14:30:07
341,CMP100341,Nikhil Deshmukh,9523216102,Bank of Maharashtra,XXXX9784,TXN663961987,21972.74,UPI,2026-08-30,08:23:07,Ahmedabad,Fake customer care fraud,Bank Referral,2026-08-30 08:23:07
342,CMP100342,Karan Singh,9677532596,Axis Bank,XXXX1643,TXN698826833,63797.26,Debit Card,2026-07-21,10:27:07,Ahmedabad,Unauthorized UPI transaction,Cybercrime Portal,2026-07-21 10:27:07
343,CMP100343,Kiran Kulkarni,9595367749,HDFC Bank,XXXX7921,TXN416130770,63878.93,Net Banking,2026-06-09,22:56:07,Pune,Fake KYC update,Cybercrime Portal,2026-06-09 22:56:07
344,CMP100344,Amit Singh,9221517071,HDFC Bank,XXXX9952,TXN245284437,30116.7,Debit Card,2026-07-24,04:59:07,Hyderabad,OTP sharing fraud,Bank Referral,2026-07-24 04:59:07
345,CMP100345,Sneha Joshi,9588212379,SBI,XXXX5097,TXN447972640,31217.68,IMPS,2026-04-02,14:00:07,Mumbai,Fake customer care fraud,1930,2026-04-02 14:00:07
346,CMP100346,Neha Patil,9662444547,Kotak Mahindra Bank,XXXX7292,TXN880474837,63059.14,Net Banking,2026-09-23,23:11:07,Kolkata,Digital arrest scam,Bank Referral,2026-09-23 23:11:07
347,CMP100347,Arjun Deshmukh,9707191953,Punjab National Bank,XXXX3459,TXN274079423,11751.0,IMPS,2026-08-14,20:33:07,Nashik,Unauthorized UPI transaction,Bank Referral,2026-08-14 20:33:07
348,CMP100348,Priya Kulkarni,9772648626,HDFC Bank,XXXX2926,TXN241273318,12238.16,IMPS,2026-06-13,18:17:07,Pune,Online shopping fraud,Police Station,2026-06-13 18:17:07
349,CMP100349,Rahul Singh,9966997739,SBI,XXXX9084,TXN355419939,24375.51,IMPS,2026-03-30,23:02:07,Kolkata,Unauthorized bank transfer,Bank Referral,2026-03-30 23:02:07
350,CMP100350,Vikram Gupta,9107057729,HDFC Bank,XXXX9967,TXN398621490,40389.74,Net Banking,2026-07-09,22:36:07,Ahmedabad,Phishing transaction,1930,2026-07-09 22:36:07
351,CMP100351,Neha Sharma,9256094585,Punjab National Bank,XXXX1531,TXN816182084,68233.15,Net Banking,2026-05-13,12:34:07,Kolkata,Investment fraud,Police Station,2026-05-13 12:34:07
352,CMP100352,Pooja Pawar,9273232379,Kotak Mahindra Bank,XXXX5659,TXN756152630,218629.65,Net Banking,2026-04-18,09:37:07,Kolkata,Fake KYC update,Cybercrime Portal,2026-04-18 09:37:07
353,CMP100353,Neha Sharma,9199993584,Punjab National Bank,XXXX5903,TXN446627326,117881.82,NEFT,2026-07-22,08:08:07,Hyderabad,Fake customer care fraud,Bank Referral,2026-07-22 08:08:07
354,CMP100354,Rahul Pawar,9231021447,Kotak Mahindra Bank,XXXX5496,TXN453484964,42609.81,Net Banking,2026-08-14,10:49:07,Hyderabad,Fake KYC update,Cybercrime Portal,2026-08-14 10:49:07
355,CMP100355,Aditya Patil,9713500721,Kotak Mahindra Bank,XXXX9666,TXN194134670,49058.17,Debit Card,2026-09-21,15:10:07,Kolkata,Investment fraud,Bank Referral,2026-09-21 15:10:07
356,CMP100356,Riya Gupta,9769203305,ICICI Bank,XXXX3125,TXN759588843,18347.51,Net Banking,2026-08-29,18:47:07,Chennai,Fake KYC update,Bank Referral,2026-08-29 18:47:07
357,CMP100357,Vikram Joshi,9860839571,ICICI Bank,XXXX4171,TXN101697496,49082.86,UPI,2026-07-31,14:27:07,Pune,Unauthorized bank transfer,1930,2026-07-31 14:27:07
358,CMP100358,Pooja Sharma,9458406707,ICICI Bank,XXXX4478,TXN112130346,37463.4,IMPS,2026-05-20,03:57:07,Delhi,Investment fraud,1930,2026-05-20 03:57:07
359,CMP100359,Rohan Deshmukh,9923594990,SBI,XXXX2865,TXN836410568,69043.83,NEFT,2026-06-13,18:03:07,Bangalore,Remote access application fraud,1930,2026-06-13 18:03:07
360,CMP100360,Meera Shah,9609490977,Punjab National Bank,XXXX1582,TXN793263796,21862.92,IMPS,2026-05-10,14:52:07,Chennai,Digital arrest scam,Bank Referral,2026-05-10 14:52:07
361,CMP100361,Pooja Sharma,9996687959,Bank of Maharashtra,XXXX5904,TXN706602538,84046.44,NEFT,2026-08-11,19:00:07,Ahmedabad,Fake KYC update,1930,2026-08-11 19:00:07
362,CMP100362,Meera Deshmukh,9171095709,HDFC Bank,XXXX5595,TXN133471933,231542.15,NEFT,2026-05-20,03:14:07,Hyderabad,Fake KYC update,Cybercrime Portal,2026-05-20 03:14:07
363,CMP100363,Arjun Gupta,9225460968,Punjab National Bank,XXXX6050,TXN857273798,44847.28,NEFT,2026-08-21,03:55:07,Pune,Investment fraud,Bank Referral,2026-08-21 03:55:07
364,CMP100364,Karan Deshmukh,9585230723,Punjab National Bank,XXXX5958,TXN332078427,74719.02,Net Banking,2026-04-19,00:27:07,Delhi,Digital arrest scam,1930,2026-04-19 00:27:07
365,CMP100365,Isha Patil,9576498805,Bank of Maharashtra,XXXX1408,TXN957946858,99700.13,Debit Card,2026-06-30,10:20:07,Ahmedabad,Digital arrest scam,Cybercrime Portal,2026-06-30 10:20:07
366,CMP100366,Riya Kulkarni,9932722445,ICICI Bank,XXXX3347,TXN926224353,33475.12,UPI,2026-06-23,00:17:07,Ahmedabad,Digital arrest scam,Cybercrime Portal,2026-06-23 00:17:07
367,CMP100367,Riya Patil,9104412943,ICICI Bank,XXXX1721,TXN837716816,62559.34,Net Banking,2026-04-05,22:55:07,Mumbai,OTP sharing fraud,Bank Referral,2026-04-05 22:55:07
368,CMP100368,Kiran Sharma,9720150147,Punjab National Bank,XXXX6114,TXN785960873,50633.6,IMPS,2026-04-07,12:04:07,Bangalore,Phishing transaction,Cybercrime Portal,2026-04-07 12:04:07
369,CMP100369,Meera Shah,9820613955,SBI,XXXX5467,TXN260331909,55130.28,IMPS,2026-06-08,17:05:07,Delhi,Fake customer care fraud,1930,2026-06-08 17:05:07
370,CMP100370,Ananya Joshi,9682535775,ICICI Bank,XXXX6218,TXN391039983,23081.08,IMPS,2026-09-03,02:03:07,Delhi,Online shopping fraud,Cybercrime Portal,2026-09-03 02:03:07
371,CMP100371,Vikram Deshmukh,9680440242,Axis Bank,XXXX1831,TXN239665900,51240.65,UPI,2026-05-09,10:50:07,Chennai,Unauthorized UPI transaction,1930,2026-05-09 10:50:07
372,CMP100372,Pooja More,9292181526,Kotak Mahindra Bank,XXXX8304,TXN761763552,82271.22,NEFT,2026-07-03,09:36:07,Delhi,OTP sharing fraud,Cybercrime Portal,2026-07-03 09:36:07
373,CMP100373,Priya Gupta,9241514106,SBI,XXXX8672,TXN204435349,213399.63,Debit Card,2026-09-15,01:36:07,Delhi,Unauthorized bank transfer,Bank Referral,2026-09-15 01:36:07
374,CMP100374,Vikram Kulkarni,9490250763,Axis Bank,XXXX4004,TXN851205475,130489.64,NEFT,2026-05-25,15:40:07,Bangalore,Unauthorized bank transfer,Bank Referral,2026-05-25 15:40:07
375,CMP100375,Ananya Deshmukh,9613948760,Axis Bank,XXXX3798,TXN403071541,430611.14,NEFT,2026-04-03,11:01:07,Kolkata,Online shopping fraud,Cybercrime Portal,2026-04-03 11:01:07
376,CMP100376,Ananya Deshmukh,9697161367,Kotak Mahindra Bank,XXXX2162,TXN950866243,23212.14,NEFT,2026-08-04,11:56:07,Ahmedabad,Unauthorized bank transfer,Bank Referral,2026-08-04 11:56:07
377,CMP100377,Vikram Joshi,9688355778,HDFC Bank,XXXX8903,TXN512119784,119622.82,UPI,2026-08-25,21:46:07,Bangalore,Phishing transaction,Bank Referral,2026-08-25 21:46:07
378,CMP100378,Meera Singh,9845319806,HDFC Bank,XXXX3835,TXN811474491,60061.26,UPI,2026-07-17,03:21:07,Kolkata,Unauthorized bank transfer,1930,2026-07-17 03:21:07
379,CMP100379,Meera Singh,9204855083,Punjab National Bank,XXXX8294,TXN289165396,446672.62,NEFT,2026-08-26,04:00:07,Hyderabad,Fake customer care fraud,1930,2026-08-26 04:00:07
380,CMP100380,Nikhil Deshmukh,9630745374,Kotak Mahindra Bank,XXXX2007,TXN197209076,22280.79,IMPS,2026-09-19,04:20:07,Nashik,Online shopping fraud,1930,2026-09-19 04:20:07
381,CMP100381,Priya Singh,9412999235,Axis Bank,XXXX8326,TXN310095433,21591.53,IMPS,2026-05-04,05:40:07,Bangalore,Investment fraud,Police Station,2026-05-04 05:40:07
382,CMP100382,Neha Patil,9725698331,SBI,XXXX9362,TXN534003670,27457.25,IMPS,2026-07-17,07:29:07,Delhi,Unauthorized UPI transaction,Police Station,2026-07-17 07:29:07
383,CMP100383,Rohan Deshmukh,9217787669,Punjab National Bank,XXXX5623,TXN133484360,5978.25,IMPS,2026-08-14,09:31:07,Hyderabad,Online shopping fraud,Bank Referral,2026-08-14 09:31:07
384,CMP100384,Nikhil More,9509702344,Axis Bank,XXXX9931,TXN326791535,29555.44,IMPS,2026-09-03,19:16:07,Chennai,Digital arrest scam,Cybercrime Portal,2026-09-03 19:16:07
385,CMP100385,Neha More,9265643247,ICICI Bank,XXXX3056,TXN244179313,23403.61,UPI,2026-08-16,21:24:07,Mumbai,Unauthorized UPI transaction,Cybercrime Portal,2026-08-16 21:24:07
386,CMP100386,Anjali Patil,9247339141,Kotak Mahindra Bank,XXXX7813,TXN589657032,58114.59,Net Banking,2026-07-30,05:58:07,Hyderabad,Online shopping fraud,Cybercrime Portal,2026-07-30 05:58:07
387,CMP100387,Rohan Shah,9513084285,ICICI Bank,XXXX4698,TXN299491606,70370.84,Debit Card,2026-07-22,00:58:07,Kolkata,Unauthorized UPI transaction,Bank Referral,2026-07-22 00:58:07
388,CMP100388,Kavya More,9686441554,Bank of Maharashtra,XXXX7012,TXN135929409,326422.92,UPI,2026-05-27,07:03:07,Kolkata,Unauthorized bank transfer,Police Station,2026-05-27 07:03:07
389,CMP100389,Amit Pawar,9884030674,Kotak Mahindra Bank,XXXX9624,TXN905931508,129340.29,NEFT,2026-04-25,03:01:07,Chennai,Fake KYC update,1930,2026-04-25 03:01:07
390,CMP100390,Karan Shah,9777169078,Kotak Mahindra Bank,XXXX2279,TXN834518883,28081.73,Net Banking,2026-08-08,03:36:07,Kolkata,Investment fraud,1930,2026-08-08 03:36:07
391,CMP100391,Aarav Shah,9587516124,Bank of Maharashtra,XXXX8687,TXN716290544,20360.74,NEFT,2026-06-23,02:20:07,Hyderabad,OTP sharing fraud,Police Station,2026-06-23 02:20:07
392,CMP100392,Vikram Kulkarni,9880579928,Punjab National Bank,XXXX5267,TXN165946817,81772.6,Debit Card,2026-06-09,13:33:07,Kolkata,Digital arrest scam,1930,2026-06-09 13:33:07
393,CMP100393,Vikram Sharma,9407965966,Axis Bank,XXXX2351,TXN236173369,13353.65,Net Banking,2026-09-11,18:22:07,Mumbai,Investment fraud,Police Station,2026-09-11 18:22:07
394,CMP100394,Kavya Kulkarni,9115250362,Kotak Mahindra Bank,XXXX2827,TXN748348443,312149.35,IMPS,2026-04-30,03:48:07,Kolkata,Digital arrest scam,Bank Referral,2026-04-30 03:48:07
395,CMP100395,Karan Shah,9294142387,Punjab National Bank,XXXX9640,TXN135530684,162627.63,NEFT,2026-06-29,13:47:07,Mumbai,Digital arrest scam,Cybercrime Portal,2026-06-29 13:47:07
396,CMP100396,Nikhil Joshi,9809386103,Axis Bank,XXXX3740,TXN326405706,31275.89,Net Banking,2026-07-31,22:20:07,Bangalore,Unauthorized UPI transaction,Police Station,2026-07-31 22:20:07
397,CMP100397,Priya More,9611350152,ICICI Bank,XXXX8803,TXN901173040,9014.99,Net Banking,2026-04-25,09:41:07,Nagpur,Remote access application fraud,Bank Referral,2026-04-25 09:41:07
398,CMP100398,Riya More,9112737840,ICICI Bank,XXXX8353,TXN510173769,193619.59,NEFT,2026-07-26,16:40:07,Ahmedabad,Unauthorized UPI transaction,1930,2026-07-26 16:40:07
399,CMP100399,Pooja Gupta,9800150455,Punjab National Bank,XXXX5466,TXN459668515,44588.82,NEFT,2026-08-11,04:53:07,Delhi,Fake customer care fraud,Police Station,2026-08-11 04:53:07
400,CMP100400,Priya Joshi,9888463067,Kotak Mahindra Bank,XXXX4193,TXN658294552,172403.79,NEFT,2026-09-11,02:56:07,Nashik,OTP sharing fraud,1930,2026-09-11 02:56:07
401,CMP100401,Amit Sharma,9541575005,SBI,XXXX9605,TXN211569592,10151.23,Debit Card,2026-09-15,09:24:07,Bangalore,Phishing transaction,Police Station,2026-09-15 09:24:07
402,CMP100402,Aarav Gupta,9198721207,SBI,XXXX4552,TXN743584714,27457.74,UPI,2026-05-30,14:33:07,Mumbai,Fake customer care fraud,Cybercrime Portal,2026-05-30 14:33:07
403,CMP100403,Sneha Pawar,9219019007,Kotak Mahindra Bank,XXXX4018,TXN372017183,50262.87,NEFT,2026-07-02,06:19:07,Chennai,Fake customer care fraud,Bank Referral,2026-07-02 06:19:07
404,CMP100404,Meera Kulkarni,9273909699,Punjab National Bank,XXXX2212,TXN397735164,52405.08,UPI,2026-06-05,22:15:07,Hyderabad,Remote access application fraud,Police Station,2026-06-05 22:15:07
405,CMP100405,Kavya Pawar,9573063629,SBI,XXXX9056,TXN315466821,31879.32,Net Banking,2026-04-11,17:23:07,Hyderabad,Digital arrest scam,Bank Referral,2026-04-11 17:23:07
406,CMP100406,Pooja Joshi,9759241286,Kotak Mahindra Bank,XXXX2740,TXN574144746,93211.67,NEFT,2026-04-23,13:05:07,Mumbai,Unauthorized UPI transaction,1930,2026-04-23 13:05:07
407,CMP100407,Kavya Shah,9120148538,Axis Bank,XXXX3438,TXN801008808,17191.29,UPI,2026-04-15,03:17:07,Pune,Remote access application fraud,Police Station,2026-04-15 03:17:07
408,CMP100408,Nikhil Gupta,9103976873,Bank of Maharashtra,XXXX9039,TXN613398300,43364.6,Debit Card,2026-05-05,06:52:07,Hyderabad,Fake customer care fraud,Cybercrime Portal,2026-05-05 06:52:07
409,CMP100409,Rahul Patil,9709073484,Bank of Maharashtra,XXXX6880,TXN458028166,56391.51,NEFT,2026-03-27,21:15:07,Hyderabad,Unauthorized UPI transaction,1930,2026-03-27 21:15:07
410,CMP100410,Meera Patil,9593533996,Punjab National Bank,XXXX5750,TXN795561982,83634.98,IMPS,2026-06-29,02:25:07,Nashik,Fake KYC update,1930,2026-06-29 02:25:07
411,CMP100411,Kiran More,9214641286,Kotak Mahindra Bank,XXXX6886,TXN622379207,101863.93,UPI,2026-07-04,05:43:07,Chennai,Phishing transaction,Cybercrime Portal,2026-07-04 05:43:07
412,CMP100412,Sneha Joshi,9625309452,Axis Bank,XXXX2032,TXN951197200,16238.43,Net Banking,2026-04-05,14:32:07,Delhi,Unauthorized bank transfer,Bank Referral,2026-04-05 14:32:07
413,CMP100413,Aditya Deshmukh,9945870756,Kotak Mahindra Bank,XXXX1701,TXN535410744,10782.33,UPI,2026-03-31,09:52:07,Nagpur,Fake KYC update,Bank Referral,2026-03-31 09:52:07
414,CMP100414,Sneha Joshi,9177345357,SBI,XXXX3319,TXN624946696,179414.69,UPI,2026-09-17,01:40:07,Chennai,Online shopping fraud,1930,2026-09-17 01:40:07
415,CMP100415,Anjali Sharma,9284950962,Kotak Mahindra Bank,XXXX1818,TXN430000948,69709.53,UPI,2026-05-29,07:12:07,Chennai,Online shopping fraud,Cybercrime Portal,2026-05-29 07:12:07
416,CMP100416,Ananya Patil,9633803762,Bank of Maharashtra,XXXX4613,TXN167763965,23654.1,IMPS,2026-08-25,11:23:07,Hyderabad,OTP sharing fraud,Bank Referral,2026-08-25 11:23:07
417,CMP100417,Sneha Singh,9247456327,ICICI Bank,XXXX4493,TXN920583443,235845.04,UPI,2026-06-18,12:14:07,Kolkata,Digital arrest scam,Police Station,2026-06-18 12:14:07
418,CMP100418,Anjali More,9280443225,Kotak Mahindra Bank,XXXX7060,TXN694217027,56131.53,IMPS,2026-04-12,11:48:07,Chennai,Phishing transaction,1930,2026-04-12 11:48:07
419,CMP100419,Vikram More,9935007826,HDFC Bank,XXXX1256,TXN622877347,162604.39,UPI,2026-04-30,12:21:07,Pune,Unauthorized UPI transaction,Cybercrime Portal,2026-04-30 12:21:07
420,CMP100420,Sneha Kulkarni,9546915228,Kotak Mahindra Bank,XXXX8798,TXN843414103,53492.5,IMPS,2026-04-19,07:12:07,Nagpur,Digital arrest scam,Police Station,2026-04-19 07:12:07
421,CMP100421,Karan Pawar,9755560172,Kotak Mahindra Bank,XXXX1616,TXN740242156,392592.01,IMPS,2026-08-07,22:57:07,Chennai,Online shopping fraud,1930,2026-08-07 22:57:07
422,CMP100422,Pooja Sharma,9698836985,HDFC Bank,XXXX4144,TXN226173057,289270.97,Net Banking,2026-09-03,17:53:07,Mumbai,Online shopping fraud,Police Station,2026-09-03 17:53:07
423,CMP100423,Priya Joshi,9396810789,SBI,XXXX4173,TXN220988280,38980.4,IMPS,2026-08-13,00:45:07,Chennai,Unauthorized bank transfer,Cybercrime Portal,2026-08-13 00:45:07
424,CMP100424,Aditya Sharma,9792414048,ICICI Bank,XXXX5670,TXN325045286,132104.59,Debit Card,2026-05-07,06:30:07,Delhi,OTP sharing fraud,Bank Referral,2026-05-07 06:30:07
425,CMP100425,Aditya Singh,9288857880,HDFC Bank,XXXX1476,TXN620830707,95335.19,Net Banking,2026-04-07,12:18:07,Mumbai,Fake customer care fraud,Cybercrime Portal,2026-04-07 12:18:07
426,CMP100426,Meera More,9313407685,Kotak Mahindra Bank,XXXX6336,TXN347028515,196498.45,UPI,2026-07-19,03:08:07,Bangalore,Phishing transaction,1930,2026-07-19 03:08:07
427,CMP100427,Isha More,9336934839,SBI,XXXX8716,TXN728238027,19050.62,Debit Card,2026-05-27,07:57:07,Pune,Remote access application fraud,Cybercrime Portal,2026-05-27 07:57:07
428,CMP100428,Arjun More,9501026552,HDFC Bank,XXXX8499,TXN872902148,99292.94,IMPS,2026-05-22,04:00:07,Bangalore,Investment fraud,Cybercrime Portal,2026-05-22 04:00:07
429,CMP100429,Sneha Sharma,9401296420,HDFC Bank,XXXX2820,TXN599863643,144091.35,Debit Card,2026-06-20,12:33:07,Hyderabad,Digital arrest scam,Police Station,2026-06-20 12:33:07
430,CMP100430,Arjun Gupta,9282466834,Bank of Maharashtra,XXXX4763,TXN192851105,8613.09,Debit Card,2026-05-22,18:09:07,Ahmedabad,Unauthorized bank transfer,Cybercrime Portal,2026-05-22 18:09:07
431,CMP100431,Priya Kulkarni,9115573397,Kotak Mahindra Bank,XXXX8014,TXN890466024,15313.95,IMPS,2026-08-26,00:24:07,Nagpur,OTP sharing fraud,Bank Referral,2026-08-26 00:24:07
432,CMP100432,Sneha Pawar,9716006526,SBI,XXXX7844,TXN147485372,6506.43,UPI,2026-08-22,16:28:07,Chennai,Fake KYC update,1930,2026-08-22 16:28:07
433,CMP100433,Rahul Patil,9585805219,Axis Bank,XXXX4940,TXN189218841,38191.62,Net Banking,2026-07-14,00:56:07,Pune,Remote access application fraud,Cybercrime Portal,2026-07-14 00:56:07
434,CMP100434,Karan Patil,9117104881,Axis Bank,XXXX5994,TXN273734464,102469.51,Debit Card,2026-04-29,19:49:07,Kolkata,Online shopping fraud,1930,2026-04-29 19:49:07
435,CMP100435,Anjali More,9298583968,Punjab National Bank,XXXX7068,TXN773033141,224613.26,Debit Card,2026-07-21,23:20:07,Pune,Fake customer care fraud,Bank Referral,2026-07-21 23:20:07
436,CMP100436,Aditya Kulkarni,9557309058,Punjab National Bank,XXXX5420,TXN849530830,53845.44,Net Banking,2026-09-19,19:04:07,Ahmedabad,Online shopping fraud,Cybercrime Portal,2026-09-19 19:04:07
437,CMP100437,Meera Sharma,9652694084,Kotak Mahindra Bank,XXXX6963,TXN155364901,254840.68,UPI,2026-09-18,11:10:07,Hyderabad,OTP sharing fraud,Bank Referral,2026-09-18 11:10:07
438,CMP100438,Neha Pawar,9795970088,Bank of Maharashtra,XXXX2097,TXN702109541,12577.65,IMPS,2026-09-01,09:54:07,Nashik,OTP sharing fraud,Cybercrime Portal,2026-09-01 09:54:07
439,CMP100439,Rahul Gupta,9854672588,HDFC Bank,XXXX4693,TXN444095402,9103.33,NEFT,2026-08-12,12:12:07,Delhi,Fake KYC update,Bank Referral,2026-08-12 12:12:07
440,CMP100440,Neha Deshmukh,9585772239,Axis Bank,XXXX9215,TXN665521130,47298.35,UPI,2026-06-05,09:35:07,Chennai,Fake KYC update,Police Station,2026-06-05 09:35:07
441,CMP100441,Amit Joshi,9591638597,SBI,XXXX2313,TXN519492143,73412.08,IMPS,2026-07-21,03:54:07,Delhi,Fake customer care fraud,1930,2026-07-21 03:54:07
442,CMP100442,Anjali Shah,9261596070,Punjab National Bank,XXXX4346,TXN659084094,48391.7,UPI,2026-05-08,16:38:07,Delhi,Remote access application fraud,Cybercrime Portal,2026-05-08 16:38:07
443,CMP100443,Priya Sharma,9413013776,HDFC Bank,XXXX2031,TXN123661636,6325.45,IMPS,2026-07-26,19:57:07,Ahmedabad,OTP sharing fraud,Bank Referral,2026-07-26 19:57:07
444,CMP100444,Meera Shah,9737112501,Kotak Mahindra Bank,XXXX9686,TXN688913795,45736.79,Debit Card,2026-08-22,19:12:07,Chennai,Investment fraud,Cybercrime Portal,2026-08-22 19:12:07
445,CMP100445,Kavya Joshi,9619952085,ICICI Bank,XXXX5720,TXN926512485,13565.82,UPI,2026-06-13,14:21:07,Nashik,OTP sharing fraud,Police Station,2026-06-13 14:21:07
446,CMP100446,Arjun Singh,9406281188,HDFC Bank,XXXX3873,TXN860328560,97679.88,IMPS,2026-07-21,14:10:07,Nashik,Phishing transaction,1930,2026-07-21 14:10:07
447,CMP100447,Anjali Shah,9379610097,ICICI Bank,XXXX4022,TXN320283891,72140.91,Net Banking,2026-04-06,19:07:07,Pune,OTP sharing fraud,Police Station,2026-04-06 19:07:07
448,CMP100448,Rohan Pawar,9672994767,ICICI Bank,XXXX2990,TXN126763237,19533.74,Debit Card,2026-05-03,19:59:07,Chennai,Digital arrest scam,Bank Referral,2026-05-03 19:59:07
449,CMP100449,Rohan Singh,9455709881,Kotak Mahindra Bank,XXXX5842,TXN608857707,29908.9,NEFT,2026-06-16,12:31:07,Kolkata,Digital arrest scam,Bank Referral,2026-06-16 12:31:07
450,CMP100450,Rahul Sharma,9249704623,Kotak Mahindra Bank,XXXX2914,TXN430800749,17336.42,UPI,2026-06-22,06:38:07,Hyderabad,Online shopping fraud,Cybercrime Portal,2026-06-22 06:38:07
451,CMP100451,Meera Sharma,9752997384,Kotak Mahindra Bank,XXXX4197,TXN726454737,46962.24,Net Banking,2026-07-19,19:36:07,Nagpur,Investment fraud,Cybercrime Portal,2026-07-19 19:36:07
452,CMP100452,Priya Patil,9649527664,Axis Bank,XXXX4185,TXN626633172,129952.02,NEFT,2026-04-01,11:05:07,Kolkata,Online shopping fraud,1930,2026-04-01 11:05:07
453,CMP100453,Anjali More,9496887155,Axis Bank,XXXX7108,TXN113089765,18658.41,NEFT,2026-09-13,19:56:07,Bangalore,OTP sharing fraud,Police Station,2026-09-13 19:56:07
454,CMP100454,Isha Shah,9896209276,Axis Bank,XXXX8249,TXN409918418,82770.32,IMPS,2026-07-20,01:36:07,Hyderabad,Remote access application fraud,Cybercrime Portal,2026-07-20 01:36:07
455,CMP100455,Anjali Joshi,9425591954,Axis Bank,XXXX9606,TXN460150990,29422.67,UPI,2026-08-25,03:36:07,Kolkata,Remote access application fraud,1930,2026-08-25 03:36:07
456,CMP100456,Kavya More,9287789943,Bank of Maharashtra,XXXX8571,TXN862621919,22627.14,Net Banking,2026-03-28,22:11:07,Nashik,Phishing transaction,Cybercrime Portal,2026-03-28 22:11:07
457,CMP100457,Rahul Sharma,9983473934,Punjab National Bank,XXXX5947,TXN996129032,44924.92,Net Banking,2026-07-02,18:06:07,Delhi,Unauthorized bank transfer,Bank Referral,2026-07-02 18:06:07
458,CMP100458,Aarav Pawar,9382047307,ICICI Bank,XXXX8742,TXN233333957,17757.02,NEFT,2026-05-23,09:21:07,Hyderabad,Digital arrest scam,Bank Referral,2026-05-23 09:21:07
459,CMP100459,Aarav Patil,9921110081,ICICI Bank,XXXX9078,TXN171645238,28742.41,Net Banking,2026-09-20,04:46:07,Bangalore,Online shopping fraud,Bank Referral,2026-09-20 04:46:07
460,CMP100460,Kavya Shah,9845439994,Punjab National Bank,XXXX2959,TXN500722831,15091.7,Net Banking,2026-08-18,22:26:07,Kolkata,Unauthorized UPI transaction,Police Station,2026-08-18 22:26:07
461,CMP100461,Anjali Deshmukh,9595042189,Kotak Mahindra Bank,XXXX3219,TXN483739723,356647.59,IMPS,2026-05-08,02:34:07,Pune,Investment fraud,Police Station,2026-05-08 02:34:07
462,CMP100462,Neha Sharma,9411230727,ICICI Bank,XXXX9677,TXN786063606,51794.63,UPI,2026-07-13,05:29:07,Ahmedabad,Phishing transaction,Cybercrime Portal,2026-07-13 05:29:07
463,CMP100463,Arjun Singh,9446396476,Punjab National Bank,XXXX6180,TXN987793353,24836.08,NEFT,2026-04-21,04:19:07,Delhi,OTP sharing fraud,1930,2026-04-21 04:19:07
464,CMP100464,Anjali Sharma,9247048346,Bank of Maharashtra,XXXX5610,TXN500520940,61929.89,Debit Card,2026-08-11,02:53:07,Hyderabad,OTP sharing fraud,Cybercrime Portal,2026-08-11 02:53:07
465,CMP100465,Riya Joshi,9992895309,HDFC Bank,XXXX9612,TXN671333359,44687.55,Net Banking,2026-04-22,14:40:07,Mumbai,Remote access application fraud,Bank Referral,2026-04-22 14:40:07
466,CMP100466,Anjali Sharma,9614878782,ICICI Bank,XXXX6104,TXN842010046,40087.05,NEFT,2026-04-15,12:23:07,Nashik,Unauthorized bank transfer,Police Station,2026-04-15 12:23:07
467,CMP100467,Aarav Patil,9338754922,HDFC Bank,XXXX3332,TXN838785008,92405.8,IMPS,2026-05-11,06:50:07,Delhi,Digital arrest scam,Cybercrime Portal,2026-05-11 06:50:07
468,CMP100468,Ananya Patil,9120193226,Punjab National Bank,XXXX8934,TXN913181224,106647.68,Debit Card,2026-04-29,10:58:07,Pune,Phishing transaction,1930,2026-04-29 10:58:07
469,CMP100469,Sneha Sharma,9603673335,SBI,XXXX5145,TXN146473159,29415.5,UPI,2026-04-05,06:03:07,Delhi,Unauthorized UPI transaction,1930,2026-04-05 06:03:07
470,CMP100470,Sneha Joshi,9298407974,Kotak Mahindra Bank,XXXX6759,TXN131416738,28112.23,UPI,2026-04-28,03:44:07,Nashik,Investment fraud,Police Station,2026-04-28 03:44:07
471,CMP100471,Riya Gupta,9359654955,Bank of Maharashtra,XXXX2119,TXN206413916,37976.64,Net Banking,2026-06-25,14:25:07,Pune,Fake KYC update,Cybercrime Portal,2026-06-25 14:25:07
472,CMP100472,Rohan Sharma,9878837937,SBI,XXXX4506,TXN641375551,5003.32,Debit Card,2026-05-15,17:41:07,Bangalore,Online shopping fraud,Cybercrime Portal,2026-05-15 17:41:07
473,CMP100473,Arjun Deshmukh,9507608561,Axis Bank,XXXX4510,TXN652172808,10988.31,IMPS,2026-07-18,05:37:07,Hyderabad,Fake customer care fraud,Police Station,2026-07-18 05:37:07
474,CMP100474,Riya Pawar,9632378393,Punjab National Bank,XXXX6918,TXN856699057,196153.45,NEFT,2026-04-27,22:38:07,Ahmedabad,Unauthorized UPI transaction,1930,2026-04-27 22:38:07
475,CMP100475,Nikhil Kulkarni,9590641779,Bank of Maharashtra,XXXX6111,TXN837710623,259042.13,Debit Card,2026-06-18,23:38:07,Nagpur,Fake KYC update,Bank Referral,2026-06-18 23:38:07
476,CMP100476,Amit Shah,9829211472,ICICI Bank,XXXX3937,TXN113728694,38977.59,Debit Card,2026-06-09,21:43:07,Mumbai,Remote access application fraud,Bank Referral,2026-06-09 21:43:07
477,CMP100477,Amit Patil,9253939747,Axis Bank,XXXX7563,TXN846290420,88994.98,Net Banking,2026-08-08,06:14:07,Mumbai,Digital arrest scam,1930,2026-08-08 06:14:07
478,CMP100478,Isha Gupta,9534102044,SBI,XXXX4815,TXN999912828,68256.53,Debit Card,2026-06-28,14:52:07,Chennai,Investment fraud,Police Station,2026-06-28 14:52:07
479,CMP100479,Rahul Gupta,9534268004,Axis Bank,XXXX9379,TXN399456538,1000000.0,IMPS,2026-09-07,20:53:07,Chennai,Fake customer care fraud,1930,2026-09-07 20:53:07
480,CMP100480,Karan Pawar,9131915385,SBI,XXXX1865,TXN991541224,153177.58,UPI,2026-05-31,00:02:07,Chennai,Unauthorized UPI transaction,Cybercrime Portal,2026-05-31 00:02:07
481,CMP100481,Meera Pawar,9425078141,Bank of Maharashtra,XXXX2578,TXN916227875,43996.29,UPI,2026-07-03,04:14:07,Ahmedabad,Unauthorized bank transfer,Bank Referral,2026-07-03 04:14:07
482,CMP100482,Rahul Shah,9642019241,ICICI Bank,XXXX9887,TXN468954488,19230.21,Net Banking,2026-05-17,18:13:07,Ahmedabad,Unauthorized UPI transaction,1930,2026-05-17 18:13:07
483,CMP100483,Priya Deshmukh,9504088307,Axis Bank,XXXX8531,TXN138634432,10029.96,UPI,2026-07-15,11:55:07,Nashik,Fake KYC update,Police Station,2026-07-15 11:55:07
484,CMP100484,Pooja Pawar,9435501022,Kotak Mahindra Bank,XXXX7374,TXN623400737,61282.03,UPI,2026-09-23,14:02:07,Kolkata,Unauthorized bank transfer,Bank Referral,2026-09-23 14:02:07
485,CMP100485,Arjun Singh,9159847287,Axis Bank,XXXX5315,TXN631170553,23468.81,Net Banking,2026-07-27,02:25:07,Hyderabad,Online shopping fraud,Police Station,2026-07-27 02:25:07
486,CMP100486,Aarav Gupta,9148445575,HDFC Bank,XXXX7003,TXN474603593,12058.49,Net Banking,2026-06-07,18:34:07,Pune,OTP sharing fraud,Bank Referral,2026-06-07 18:34:07
487,CMP100487,Neha More,9477172497,SBI,XXXX5001,TXN365873433,26191.9,IMPS,2026-04-20,21:53:07,Delhi,Online shopping fraud,1930,2026-04-20 21:53:07
488,CMP100488,Kiran Patil,9462489075,HDFC Bank,XXXX1322,TXN678120648,16953.51,NEFT,2026-09-19,11:26:07,Pune,Unauthorized bank transfer,Bank Referral,2026-09-19 11:26:07
489,CMP100489,Pooja Kulkarni,9121906773,Kotak Mahindra Bank,XXXX8695,TXN731348637,270200.6,UPI,2026-08-20,01:28:07,Bangalore,Remote access application fraud,Bank Referral,2026-08-20 01:28:07
490,CMP100490,Rahul Patil,9841809534,Kotak Mahindra Bank,XXXX4373,TXN460742313,120742.81,Debit Card,2026-06-18,02:37:07,Ahmedabad,OTP sharing fraud,Cybercrime Portal,2026-06-18 02:37:07
491,CMP100491,Pooja Joshi,9633597839,Kotak Mahindra Bank,XXXX2234,TXN675347404,49602.95,IMPS,2026-08-31,17:54:07,Delhi,Investment fraud,1930,2026-08-31 17:54:07
492,CMP100492,Karan Gupta,9897669938,SBI,XXXX2552,TXN735509839,219635.01,NEFT,2026-06-12,02:56:07,Delhi,Fake customer care fraud,Bank Referral,2026-06-12 02:56:07
493,CMP100493,Amit Kulkarni,9641852570,Punjab National Bank,XXXX5913,TXN564834095,54022.0,Net Banking,2026-07-14,14:53:07,Bangalore,Phishing transaction,Bank Referral,2026-07-14 14:53:07
494,CMP100494,Riya Shah,9821082322,Punjab National Bank,XXXX9971,TXN293918682,21130.95,UPI,2026-07-07,17:10:07,Ahmedabad,Digital arrest scam,Bank Referral,2026-07-07 17:10:07
495,CMP100495,Priya Kulkarni,9784968212,Bank of Maharashtra,XXXX8106,TXN707862900,229326.58,UPI,2026-05-21,06:23:07,Ahmedabad,Phishing transaction,Police Station,2026-05-21 06:23:07
496,CMP100496,Anjali Kulkarni,9567495148,Axis Bank,XXXX6220,TXN991435903,85706.88,UPI,2026-07-23,12:46:07,Nagpur,Remote access application fraud,Police Station,2026-07-23 12:46:07
497,CMP100497,Kavya Gupta,9353542478,Axis Bank,XXXX4907,TXN221932595,17721.47,IMPS,2026-06-09,04:41:07,Nagpur,Unauthorized UPI transaction,Cybercrime Portal,2026-06-09 04:41:07
498,CMP100498,Rohan More,9553139585,Kotak Mahindra Bank,XXXX1606,TXN316885657,41333.96,IMPS,2026-06-14,23:02:07,Delhi,Digital arrest scam,1930,2026-06-14 23:02:07
499,CMP100499,Rohan Pawar,9791805218,Punjab National Bank,XXXX1691,TXN875750551,20830.22,Debit Card,2026-06-01,17:13:07,Pune,Unauthorized UPI transaction,1930,2026-06-01 17:13:07
500,CMP100500,Amit More,9490234548,Kotak Mahindra Bank,XXXX2479,TXN526162812,12543.76,IMPS,2026-06-16,03:50:07,Nagpur,Fake customer care fraud,1930,2026-06-16 03:50:07
