id,name,email,password_hash,role,created_at
1,Ananya Sharma,user1@sentincash.com,hashed_password_1,analyst,2024-08-24 08:31:07
2,Karan Joshi,user2@sentincash.com,hashed_password_2,admin,2026-05-03 08:31:07
3,Rohan Patil,user3@sentincash.com,hashed_password_3,bank_officer,2025-01-26 08:31:07
4,Aditya Sharma,user4@sentincash.com,hashed_password_4,police_officer,2026-06-19 08:31:07
5,Karan Singh,user5@sentincash.com,hashed_password_5,admin,2025-01-14 08:31:07
6,Rohan Joshi,user6@sentincash.com,hashed_password_6,bank_officer,2024-09-19 08:31:07
7,Karan Shah,user7@sentincash.com,hashed_password_7,analyst,2025-01-27 08:31:07
8,Aarav Pawar,user8@sentincash.com,hashed_password_8,bank_officer,2024-10-08 08:31:07
9,Meera Kulkarni,user9@sentincash.com,hashed_password_9,police_officer,2026-04-16 08:31:07
10,Meera Patil,user10@sentincash.com,hashed_password_10,bank_officer,2026-06-20 08:31:07
11,Ananya Deshmukh,user11@sentincash.com,hashed_password_11,analyst,2024-05-08 08:31:07
12,Vikram Kulkarni,user12@sentincash.com,hashed_password_12,admin,2024-06-18 08:31:07
13,Priya Singh,user13@sentincash.com,hashed_password_13,bank_officer,2026-05-18 08:31:07
14,Amit Singh,user14@sentincash.com,hashed_password_14,analyst,2025-11-26 08:31:07
15,Sneha Joshi,user15@sentincash.com,hashed_password_15,admin,2024-10-01 08:31:07
16,Aditya Joshi,user16@sentincash.com,hashed_password_16,analyst,2024-07-23 08:31:07
17,Amit Joshi,user17@sentincash.com,hashed_password_17,admin,2024-04-18 08:31:07
18,Nikhil Kulkarni,user18@sentincash.com,hashed_password_18,analyst,2025-06-15 08:31:07
19,Arjun Deshmukh,user19@sentincash.com,hashed_password_19,police_officer,2025-09-24 08:31:07
20,Kavya Patil,user20@sentincash.com,hashed_password_20,police_officer,2025-01-07 08:31:07
21,Rohan Joshi,user21@sentincash.com,hashed_password_21,bank_officer,2026-04-08 08:31:07
22,Nikhil Kulkarni,user22@sentincash.com,hashed_password_22,police_officer,2024-02-18 08:31:07
23,Meera Sharma,user23@sentincash.com,hashed_password_23,admin,2026-01-31 08:31:07
24,Meera More,user24@sentincash.com,hashed_password_24,admin,2025-12-22 08:31:07
25,Isha Gupta,user25@sentincash.com,hashed_password_25,analyst,2024-04-08 08:31:07
26,Isha Shah,user26@sentincash.com,hashed_password_26,bank_officer,2025-08-13 08:31:07
27,Anjali Kulkarni,user27@sentincash.com,hashed_password_27,police_officer,2026-05-03 08:31:07
28,Rohan Singh,user28@sentincash.com,hashed_password_28,bank_officer,2025-12-27 08:31:07
29,Sneha More,user29@sentincash.com,hashed_password_29,police_officer,2025-09-17 08:31:07
30,Anjali Singh,user30@sentincash.com,hashed_password_30,admin,2025-05-05 08:31:07
31,Aditya Patil,user31@sentincash.com,hashed_password_31,police_officer,2026-04-19 08:31:07
32,Pooja Gupta,user32@sentincash.com,hashed_password_32,bank_officer,2026-07-19 08:31:07
33,Nikhil Gupta,user33@sentincash.com,hashed_password_33,analyst,2025-05-31 08:31:07
34,Rohan Sharma,user34@sentincash.com,hashed_password_34,admin,2024-10-26 08:31:07
35,Rohan Kulkarni,user35@sentincash.com,hashed_password_35,analyst,2024-07-27 08:31:07
36,Ananya Kulkarni,user36@sentincash.com,hashed_password_36,police_officer,2025-07-04 08:31:07
37,Priya Sharma,user37@sentincash.com,hashed_password_37,analyst,2024-01-20 08:31:07
38,Riya Pawar,user38@sentincash.com,hashed_password_38,admin,2025-04-21 08:31:07
39,Kiran Singh,user39@sentincash.com,hashed_password_39,police_officer,2025-01-07 08:31:07
40,Anjali Deshmukh,user40@sentincash.com,hashed_password_40,police_officer,2024-08-03 08:31:07
41,Rohan Singh,user41@sentincash.com,hashed_password_41,admin,2024-02-25 08:31:07
42,Vikram Deshmukh,user42@sentincash.com,hashed_password_42,admin,2025-05-10 08:31:07
43,Ananya Deshmukh,user43@sentincash.com,hashed_password_43,analyst,2024-04-06 08:31:07
44,Karan Sharma,user44@sentincash.com,hashed_password_44,admin,2026-01-19 08:31:07
45,Amit Shah,user45@sentincash.com,hashed_password_45,admin,2024-06-09 08:31:07
46,Rohan Pawar,user46@sentincash.com,hashed_password_46,bank_officer,2026-05-14 08:31:07
47,Rohan Pawar,user47@sentincash.com,hashed_password_47,bank_officer,2025-12-25 08:31:07
48,Isha Singh,user48@sentincash.com,hashed_password_48,police_officer,2024-08-10 08:31:07
49,Kiran More,user49@sentincash.com,hashed_password_49,analyst,2024-11-04 08:31:07
50,Priya Singh,user50@sentincash.com,hashed_password_50,admin,2025-06-17 08:31:07
51,Karan Joshi,user51@sentincash.com,hashed_password_51,analyst,2026-07-19 08:31:07
52,Aarav Gupta,user52@sentincash.com,hashed_password_52,police_officer,2025-03-04 08:31:07
53,Sneha Joshi,user53@sentincash.com,hashed_password_53,admin,2026-09-15 08:31:07
54,Aditya Joshi,user54@sentincash.com,hashed_password_54,admin,2026-07-15 08:31:07
55,Meera Patil,user55@sentincash.com,hashed_password_55,police_officer,2025-04-14 08:31:07
56,Kavya Shah,user56@sentincash.com,hashed_password_56,police_officer,2026-02-15 08:31:07
57,Sneha Gupta,user57@sentincash.com,hashed_password_57,police_officer,2025-05-26 08:31:07
58,Rahul More,user58@sentincash.com,hashed_password_58,admin,2026-03-12 08:31:07
59,Ananya More,user59@sentincash.com,hashed_password_59,bank_officer,2025-09-25 08:31:07
60,Pooja Shah,user60@sentincash.com,hashed_password_60,admin,2024-04-21 08:31:07
61,Ananya Sharma,user61@sentincash.com,hashed_password_61,analyst,2025-08-06 08:31:07
62,Ananya Joshi,user62@sentincash.com,hashed_password_62,police_officer,2026-03-10 08:31:07
63,Rohan Shah,user63@sentincash.com,hashed_password_63,bank_officer,2026-05-02 08:31:07
64,Arjun Kulkarni,user64@sentincash.com,hashed_password_64,police_officer,2025-06-06 08:31:07
65,Amit Shah,user65@sentincash.com,hashed_password_65,admin,2024-06-17 08:31:07
66,Aditya Singh,user66@sentincash.com,hashed_password_66,admin,2024-05-19 08:31:07
67,Amit Joshi,user67@sentincash.com,hashed_password_67,bank_officer,2026-04-05 08:31:07
68,Rahul Shah,user68@sentincash.com,hashed_password_68,bank_officer,2026-02-16 08:31:07
69,Aditya Pawar,user69@sentincash.com,hashed_password_69,admin,2025-08-30 08:31:07
70,Nikhil Kulkarni,user70@sentincash.com,hashed_password_70,bank_officer,2024-02-17 08:31:07
71,Kiran More,user71@sentincash.com,hashed_password_71,bank_officer,2024-10-09 08:31:07
72,Anjali Joshi,user72@sentincash.com,hashed_password_72,police_officer,2025-11-23 08:31:07
73,Aditya Gupta,user73@sentincash.com,hashed_password_73,admin,2024-08-30 08:31:07
74,Meera Sharma,user74@sentincash.com,hashed_password_74,bank_officer,2026-08-02 08:31:07
75,Riya Singh,user75@sentincash.com,hashed_password_75,admin,2026-04-14 08:31:07
76,Riya Patil,user76@sentincash.com,hashed_password_76,police_officer,2024-05-04 08:31:07
77,Amit Gupta,user77@sentincash.com,hashed_password_77,police_officer,2026-07-15 08:31:07
78,Nikhil Patil,user78@sentincash.com,hashed_password_78,police_officer,2024-02-01 08:31:07
79,Sneha Gupta,user79@sentincash.com,hashed_password_79,admin,2026-08-13 08:31:07
80,Pooja Gupta,user80@sentincash.com,hashed_password_80,analyst,2025-02-21 08:31:07
81,Kavya Joshi,user81@sentincash.com,hashed_password_81,analyst,2024-11-06 08:31:07
82,Karan Kulkarni,user82@sentincash.com,hashed_password_82,police_officer,2025-08-13 08:31:07
83,Kiran Shah,user83@sentincash.com,hashed_password_83,admin,2025-11-03 08:31:07
84,Aarav Shah,user84@sentincash.com,hashed_password_84,admin,2024-12-25 08:31:07
85,Amit Singh,user85@sentincash.com,hashed_password_85,analyst,2026-02-16 08:31:07
86,Anjali Deshmukh,user86@sentincash.com,hashed_password_86,admin,2024-04-03 08:31:07
87,Karan Deshmukh,user87@sentincash.com,hashed_password_87,police_officer,2025-12-05 08:31:07
88,Priya Singh,user88@sentincash.com,hashed_password_88,analyst,2024-10-02 08:31:07
89,Vikram Singh,user89@sentincash.com,hashed_password_89,analyst,2026-09-14 08:31:07
90,Ananya Pawar,user90@sentincash.com,hashed_password_90,admin,2025-12-26 08:31:07
91,Ananya Singh,user91@sentincash.com,hashed_password_91,analyst,2026-04-16 08:31:07
92,Kiran Gupta,user92@sentincash.com,hashed_password_92,analyst,2026-02-19 08:31:07
93,Isha Kulkarni,user93@sentincash.com,hashed_password_93,bank_officer,2025-04-23 08:31:07
94,Kavya Sharma,user94@sentincash.com,hashed_password_94,bank_officer,2026-06-20 08:31:07
95,Kavya Sharma,user95@sentincash.com,hashed_password_95,analyst,2026-09-19 08:31:07
96,Anjali Kulkarni,user96@sentincash.com,hashed_password_96,bank_officer,2026-04-10 08:31:07
97,Rohan More,user97@sentincash.com,hashed_password_97,admin,2025-02-25 08:31:07
98,Ananya Patil,user98@sentincash.com,hashed_password_98,police_officer,2024-01-29 08:31:07
99,Rohan Sharma,user99@sentincash.com,hashed_password_99,analyst,2024-05-21 08:31:07
100,Sneha Singh,user100@sentincash.com,hashed_password_100,bank_officer,2026-04-24 08:31:07
101,Anjali Sharma,user101@sentincash.com,hashed_password_101,analyst,2025-11-11 08:31:07
102,Aditya Deshmukh,user102@sentincash.com,hashed_password_102,police_officer,2026-02-19 08:31:07
103,Ananya Deshmukh,user103@sentincash.com,hashed_password_103,bank_officer,2024-07-16 08:31:07
104,Vikram Pawar,user104@sentincash.com,hashed_password_104,police_officer,2024-02-18 08:31:07
105,Arjun Pawar,user105@sentincash.com,hashed_password_105,bank_officer,2024-04-03 08:31:07
106,Aarav Pawar,user106@sentincash.com,hashed_password_106,analyst,2024-08-29 08:31:07
107,Pooja Joshi,user107@sentincash.com,hashed_password_107,police_officer,2025-12-23 08:31:07
108,Ananya More,user108@sentincash.com,hashed_password_108,admin,2024-04-12 08:31:07
109,Rahul Joshi,user109@sentincash.com,hashed_password_109,bank_officer,2026-03-02 08:31:07
110,Neha Kulkarni,user110@sentincash.com,hashed_password_110,police_officer,2024-06-04 08:31:07
111,Karan Sharma,user111@sentincash.com,hashed_password_111,police_officer,2024-11-16 08:31:07
112,Nikhil Deshmukh,user112@sentincash.com,hashed_password_112,admin,2025-12-11 08:31:07
113,Kavya Deshmukh,user113@sentincash.com,hashed_password_113,bank_officer,2024-12-05 08:31:07
114,Rohan Deshmukh,user114@sentincash.com,hashed_password_114,admin,2024-02-04 08:31:07
115,Ananya Kulkarni,user115@sentincash.com,hashed_password_115,analyst,2026-03-24 08:31:07
116,Aditya Patil,user116@sentincash.com,hashed_password_116,bank_officer,2025-01-20 08:31:07
117,Neha Deshmukh,user117@sentincash.com,hashed_password_117,admin,2025-07-03 08:31:07
118,Nikhil Gupta,user118@sentincash.com,hashed_password_118,analyst,2026-03-12 08:31:07
119,Aditya More,user119@sentincash.com,hashed_password_119,police_officer,2026-09-21 08:31:07
120,Neha More,user120@sentincash.com,hashed_password_120,analyst,2026-07-13 08:31:07
121,Vikram Deshmukh,user121@sentincash.com,hashed_password_121,admin,2024-11-12 08:31:07
122,Kiran Singh,user122@sentincash.com,hashed_password_122,bank_officer,2025-11-10 08:31:07
123,Meera More,user123@sentincash.com,hashed_password_123,analyst,2024-10-09 08:31:07
124,Rohan Pawar,user124@sentincash.com,hashed_password_124,bank_officer,2026-03-10 08:31:07
125,Nikhil Pawar,user125@sentincash.com,hashed_password_125,analyst,2024-12-31 08:31:07
126,Nikhil Singh,user126@sentincash.com,hashed_password_126,admin,2024-05-22 08:31:07
127,Kiran Kulkarni,user127@sentincash.com,hashed_password_127,bank_officer,2026-02-19 08:31:07
128,Sneha Gupta,user128@sentincash.com,hashed_password_128,analyst,2024-11-21 08:31:07
129,Priya Shah,user129@sentincash.com,hashed_password_129,police_officer,2025-06-27 08:31:07
130,Riya Shah,user130@sentincash.com,hashed_password_130,police_officer,2024-07-02 08:31:07
131,Amit Kulkarni,user131@sentincash.com,hashed_password_131,analyst,2025-04-13 08:31:07
132,Amit Joshi,user132@sentincash.com,hashed_password_132,analyst,2024-11-03 08:31:07
133,Karan Joshi,user133@sentincash.com,hashed_password_133,admin,2026-04-25 08:31:07
134,Aditya Joshi,user134@sentincash.com,hashed_password_134,admin,2025-05-24 08:31:07
135,Priya More,user135@sentincash.com,hashed_password_135,police_officer,2024-03-29 08:31:07
136,Nikhil Shah,user136@sentincash.com,hashed_password_136,police_officer,2025-08-09 08:31:07
137,Anjali Sharma,user137@sentincash.com,hashed_password_137,admin,2024-03-22 08:31:07
138,Pooja Joshi,user138@sentincash.com,hashed_password_138,bank_officer,2026-03-26 08:31:07
139,Aditya Singh,user139@sentincash.com,hashed_password_139,admin,2026-01-10 08:31:07
140,Priya Pawar,user140@sentincash.com,hashed_password_140,bank_officer,2024-06-24 08:31:07
141,Riya Singh,user141@sentincash.com,hashed_password_141,analyst,2025-01-21 08:31:07
142,Priya Gupta,user142@sentincash.com,hashed_password_142,bank_officer,2024-06-10 08:31:07
143,Rohan Shah,user143@sentincash.com,hashed_password_143,police_officer,2024-03-18 08:31:07
144,Rahul Shah,user144@sentincash.com,hashed_password_144,police_officer,2025-12-31 08:31:07
145,Kavya Singh,user145@sentincash.com,hashed_password_145,police_officer,2025-05-14 08:31:07
146,Kavya Shah,user146@sentincash.com,hashed_password_146,analyst,2026-07-05 08:31:07
147,Karan Kulkarni,user147@sentincash.com,hashed_password_147,analyst,2025-10-14 08:31:07
148,Rohan Patil,user148@sentincash.com,hashed_password_148,police_officer,2026-05-04 08:31:07
149,Karan More,user149@sentincash.com,hashed_password_149,police_officer,2024-10-12 08:31:07
150,Isha Patil,user150@sentincash.com,hashed_password_150,bank_officer,2025-07-25 08:31:07
151,Meera Singh,user151@sentincash.com,hashed_password_151,bank_officer,2025-06-02 08:31:07
152,Aditya Joshi,user152@sentincash.com,hashed_password_152,bank_officer,2024-05-23 08:31:07
153,Nikhil Gupta,user153@sentincash.com,hashed_password_153,admin,2024-01-28 08:31:07
154,Sneha More,user154@sentincash.com,hashed_password_154,admin,2025-05-22 08:31:07
155,Neha Kulkarni,user155@sentincash.com,hashed_password_155,bank_officer,2024-08-12 08:31:07
156,Pooja Singh,user156@sentincash.com,hashed_password_156,police_officer,2024-08-18 08:31:07
157,Rahul Joshi,user157@sentincash.com,hashed_password_157,bank_officer,2025-12-17 08:31:07
158,Rahul Sharma,user158@sentincash.com,hashed_password_158,analyst,2025-08-20 08:31:07
159,Nikhil Pawar,user159@sentincash.com,hashed_password_159,bank_officer,2024-05-15 08:31:07
160,Anjali Gupta,user160@sentincash.com,hashed_password_160,admin,2025-03-25 08:31:07
161,Nikhil Gupta,user161@sentincash.com,hashed_password_161,admin,2025-02-22 08:31:07
162,Amit More,user162@sentincash.com,hashed_password_162,bank_officer,2026-05-07 08:31:07
163,Arjun Sharma,user163@sentincash.com,hashed_password_163,bank_officer,2025-12-30 08:31:07
164,Meera Joshi,user164@sentincash.com,hashed_password_164,analyst,2025-06-14 08:31:07
165,Meera More,user165@sentincash.com,hashed_password_165,bank_officer,2025-12-12 08:31:07
166,Kavya Patil,user166@sentincash.com,hashed_password_166,admin,2025-05-29 08:31:07
167,Rohan Sharma,user167@sentincash.com,hashed_password_167,analyst,2024-01-22 08:31:07
168,Karan Patil,user168@sentincash.com,hashed_password_168,admin,2024-07-15 08:31:07
169,Aarav Joshi,user169@sentincash.com,hashed_password_169,admin,2026-03-02 08:31:07
170,Vikram Pawar,user170@sentincash.com,hashed_password_170,police_officer,2026-01-21 08:31:07
171,Rahul Patil,user171@sentincash.com,hashed_password_171,police_officer,2025-02-22 08:31:07
172,Priya Kulkarni,user172@sentincash.com,hashed_password_172,analyst,2024-07-29 08:31:07
173,Arjun Gupta,user173@sentincash.com,hashed_password_173,admin,2025-01-09 08:31:07
174,Arjun Kulkarni,user174@sentincash.com,hashed_password_174,admin,2026-06-04 08:31:07
175,Kiran Gupta,user175@sentincash.com,hashed_password_175,bank_officer,2024-10-29 08:31:07
176,Nikhil Joshi,user176@sentincash.com,hashed_password_176,police_officer,2026-07-07 08:31:07
177,Ananya Kulkarni,user177@sentincash.com,hashed_password_177,admin,2024-05-05 08:31:07
178,Sneha Sharma,user178@sentincash.com,hashed_password_178,bank_officer,2025-10-02 08:31:07
179,Neha Patil,user179@sentincash.com,hashed_password_179,analyst,2025-04-22 08:31:07
180,Aarav More,user180@sentincash.com,hashed_password_180,bank_officer,2024-06-02 08:31:07
181,Ananya More,user181@sentincash.com,hashed_password_181,analyst,2024-01-13 08:31:07
182,Priya Pawar,user182@sentincash.com,hashed_password_182,police_officer,2025-07-04 08:31:07
183,Riya Kulkarni,user183@sentincash.com,hashed_password_183,bank_officer,2024-12-31 08:31:07
184,Priya More,user184@sentincash.com,hashed_password_184,analyst,2024-05-30 08:31:07
185,Meera Joshi,user185@sentincash.com,hashed_password_185,admin,2024-05-25 08:31:07
186,Kavya Shah,user186@sentincash.com,hashed_password_186,bank_officer,2026-01-16 08:31:07
187,Sneha Gupta,user187@sentincash.com,hashed_password_187,bank_officer,2024-11-07 08:31:07
188,Meera Sharma,user188@sentincash.com,hashed_password_188,analyst,2025-05-04 08:31:07
189,Arjun Shah,user189@sentincash.com,hashed_password_189,analyst,2026-02-17 08:31:07
190,Kavya Deshmukh,user190@sentincash.com,hashed_password_190,analyst,2025-12-10 08:31:07
191,Rohan Sharma,user191@sentincash.com,hashed_password_191,police_officer,2025-04-11 08:31:07
192,Amit Joshi,user192@sentincash.com,hashed_password_192,bank_officer,2024-09-15 08:31:07
193,Rahul Singh,user193@sentincash.com,hashed_password_193,police_officer,2024-08-07 08:31:07
194,Rahul Shah,user194@sentincash.com,hashed_password_194,admin,2025-06-21 08:31:07
195,Amit Kulkarni,user195@sentincash.com,hashed_password_195,bank_officer,2026-02-08 08:31:07
196,Karan Kulkarni,user196@sentincash.com,hashed_password_196,analyst,2024-11-12 08:31:07
197,Rahul Singh,user197@sentincash.com,hashed_password_197,analyst,2025-03-28 08:31:07
198,Pooja Singh,user198@sentincash.com,hashed_password_198,analyst,2025-10-19 08:31:07
199,Priya Kulkarni,user199@sentincash.com,hashed_password_199,analyst,2025-11-13 08:31:07
200,Karan Patil,user200@sentincash.com,hashed_password_200,police_officer,2024-09-14 08:31:07
201,Meera Patil,user201@sentincash.com,hashed_password_201,police_officer,2024-08-23 08:31:07
202,Isha Joshi,user202@sentincash.com,hashed_password_202,bank_officer,2024-08-27 08:31:07
203,Kavya Gupta,user203@sentincash.com,hashed_password_203,analyst,2024-08-05 08:31:07
204,Ananya Joshi,user204@sentincash.com,hashed_password_204,police_officer,2025-11-23 08:31:07
205,Neha Pawar,user205@sentincash.com,hashed_password_205,admin,2025-11-17 08:31:07
206,Rohan Pawar,user206@sentincash.com,hashed_password_206,admin,2025-12-16 08:31:07
207,Aditya Singh,user207@sentincash.com,hashed_password_207,police_officer,2025-11-27 08:31:07
208,Rahul Patil,user208@sentincash.com,hashed_password_208,admin,2024-04-12 08:31:07
209,Sneha Kulkarni,user209@sentincash.com,hashed_password_209,bank_officer,2025-05-30 08:31:07
210,Priya Deshmukh,user210@sentincash.com,hashed_password_210,admin,2026-03-18 08:31:07
211,Kavya Shah,user211@sentincash.com,hashed_password_211,admin,2026-05-29 08:31:07
212,Nikhil Shah,user212@sentincash.com,hashed_password_212,admin,2026-07-09 08:31:07
213,Anjali Pawar,user213@sentincash.com,hashed_password_213,analyst,2024-06-14 08:31:07
214,Amit Joshi,user214@sentincash.com,hashed_password_214,bank_officer,2026-05-24 08:31:07
215,Vikram Gupta,user215@sentincash.com,hashed_password_215,police_officer,2024-07-05 08:31:07
216,Riya More,user216@sentincash.com,hashed_password_216,bank_officer,2025-06-18 08:31:07
217,Kiran Gupta,user217@sentincash.com,hashed_password_217,analyst,2025-07-10 08:31:07
218,Sneha Gupta,user218@sentincash.com,hashed_password_218,admin,2026-07-23 08:31:07
219,Isha Joshi,user219@sentincash.com,hashed_password_219,admin,2025-12-26 08:31:07
220,Arjun Joshi,user220@sentincash.com,hashed_password_220,admin,2026-03-29 08:31:07
221,Arjun Sharma,user221@sentincash.com,hashed_password_221,bank_officer,2025-07-31 08:31:07
222,Vikram Shah,user222@sentincash.com,hashed_password_222,admin,2025-11-28 08:31:07
223,Karan Kulkarni,user223@sentincash.com,hashed_password_223,analyst,2024-09-29 08:31:07
224,Priya Patil,user224@sentincash.com,hashed_password_224,police_officer,2024-10-19 08:31:07
225,Kavya Gupta,user225@sentincash.com,hashed_password_225,police_officer,2024-11-14 08:31:07
226,Pooja Patil,user226@sentincash.com,hashed_password_226,police_officer,2025-03-14 08:31:07
227,Anjali Kulkarni,user227@sentincash.com,hashed_password_227,police_officer,2024-05-29 08:31:07
228,Amit Sharma,user228@sentincash.com,hashed_password_228,analyst,2026-04-06 08:31:07
229,Vikram Gupta,user229@sentincash.com,hashed_password_229,analyst,2024-02-22 08:31:07
230,Priya Patil,user230@sentincash.com,hashed_password_230,analyst,2025-05-31 08:31:07
231,Nikhil Kulkarni,user231@sentincash.com,hashed_password_231,bank_officer,2025-04-28 08:31:07
232,Priya Patil,user232@sentincash.com,hashed_password_232,admin,2025-01-18 08:31:07
233,Pooja Deshmukh,user233@sentincash.com,hashed_password_233,analyst,2025-01-12 08:31:07
234,Aarav Patil,user234@sentincash.com,hashed_password_234,admin,2026-01-31 08:31:07
235,Kavya Gupta,user235@sentincash.com,hashed_password_235,police_officer,2026-08-12 08:31:07
236,Rahul Singh,user236@sentincash.com,hashed_password_236,bank_officer,2024-11-24 08:31:07
237,Kavya Pawar,user237@sentincash.com,hashed_password_237,bank_officer,2025-01-31 08:31:07
238,Rahul Patil,user238@sentincash.com,hashed_password_238,analyst,2025-05-29 08:31:07
239,Pooja Deshmukh,user239@sentincash.com,hashed_password_239,admin,2025-10-29 08:31:07
240,Arjun Deshmukh,user240@sentincash.com,hashed_password_240,bank_officer,2025-07-28 08:31:07
241,Kiran More,user241@sentincash.com,hashed_password_241,admin,2024-06-11 08:31:07
242,Priya Patil,user242@sentincash.com,hashed_password_242,analyst,2025-11-04 08:31:07
243,Meera Patil,user243@sentincash.com,hashed_password_243,bank_officer,2024-01-03 08:31:07
244,Riya Sharma,user244@sentincash.com,hashed_password_244,bank_officer,2024-11-18 08:31:07
245,Pooja Sharma,user245@sentincash.com,hashed_password_245,analyst,2026-03-14 08:31:07
246,Vikram Shah,user246@sentincash.com,hashed_password_246,bank_officer,2024-12-21 08:31:07
247,Aditya Joshi,user247@sentincash.com,hashed_password_247,police_officer,2025-12-23 08:31:07
248,Kiran Shah,user248@sentincash.com,hashed_password_248,bank_officer,2024-04-04 08:31:07
249,Ananya Sharma,user249@sentincash.com,hashed_password_249,police_officer,2023-12-31 08:31:07
250,Arjun Kulkarni,user250@sentincash.com,hashed_password_250,admin,2025-03-07 08:31:07
251,Rohan More,user251@sentincash.com,hashed_password_251,police_officer,2026-06-19 08:31:07
252,Ananya Shah,user252@sentincash.com,hashed_password_252,admin,2024-01-27 08:31:07
253,Anjali Shah,user253@sentincash.com,hashed_password_253,analyst,2024-02-10 08:31:07
254,Riya Kulkarni,user254@sentincash.com,hashed_password_254,bank_officer,2025-07-24 08:31:07
255,Rahul Joshi,user255@sentincash.com,hashed_password_255,police_officer,2025-06-12 08:31:07
256,Nikhil Joshi,user256@sentincash.com,hashed_password_256,police_officer,2024-02-22 08:31:07
257,Amit Kulkarni,user257@sentincash.com,hashed_password_257,bank_officer,2024-07-23 08:31:07
258,Meera Singh,user258@sentincash.com,hashed_password_258,admin,2025-12-23 08:31:07
259,Kiran Kulkarni,user259@sentincash.com,hashed_password_259,bank_officer,2024-05-18 08:31:07
260,Anjali Shah,user260@sentincash.com,hashed_password_260,bank_officer,2025-03-20 08:31:07
261,Neha Deshmukh,user261@sentincash.com,hashed_password_261,bank_officer,2025-03-06 08:31:07
262,Priya Deshmukh,user262@sentincash.com,hashed_password_262,police_officer,2024-04-15 08:31:07
263,Karan Gupta,user263@sentincash.com,hashed_password_263,police_officer,2025-08-26 08:31:07
264,Pooja Sharma,user264@sentincash.com,hashed_password_264,bank_officer,2025-11-01 08:31:07
265,Nikhil More,user265@sentincash.com,hashed_password_265,police_officer,2024-11-12 08:31:07
266,Rahul Sharma,user266@sentincash.com,hashed_password_266,analyst,2026-05-16 08:31:07
267,Ananya Shah,user267@sentincash.com,hashed_password_267,bank_officer,2026-06-12 08:31:07
268,Aarav Pawar,user268@sentincash.com,hashed_password_268,police_officer,2025-07-30 08:31:07
269,Amit Shah,user269@sentincash.com,hashed_password_269,analyst,2024-07-14 08:31:07
270,Meera Gupta,user270@sentincash.com,hashed_password_270,bank_officer,2024-10-13 08:31:07
271,Amit Deshmukh,user271@sentincash.com,hashed_password_271,bank_officer,2024-05-03 08:31:07
272,Meera Shah,user272@sentincash.com,hashed_password_272,admin,2024-04-12 08:31:07
273,Vikram Patil,user273@sentincash.com,hashed_password_273,analyst,2026-01-25 08:31:07
274,Karan Patil,user274@sentincash.com,hashed_password_274,admin,2025-07-05 08:31:07
275,Ananya Shah,user275@sentincash.com,hashed_password_275,analyst,2026-04-05 08:31:07
276,Aarav Sharma,user276@sentincash.com,hashed_password_276,admin,2025-10-25 08:31:07
277,Kiran Deshmukh,user277@sentincash.com,hashed_password_277,bank_officer,2025-09-04 08:31:07
278,Anjali Joshi,user278@sentincash.com,hashed_password_278,bank_officer,2025-03-28 08:31:07
279,Sneha Pawar,user279@sentincash.com,hashed_password_279,police_officer,2026-04-01 08:31:07
280,Amit Gupta,user280@sentincash.com,hashed_password_280,bank_officer,2024-04-14 08:31:07
281,Vikram Joshi,user281@sentincash.com,hashed_password_281,police_officer,2025-05-01 08:31:07
282,Karan Shah,user282@sentincash.com,hashed_password_282,analyst,2024-12-08 08:31:07
283,Priya Kulkarni,user283@sentincash.com,hashed_password_283,admin,2024-11-09 08:31:07
284,Priya Kulkarni,user284@sentincash.com,hashed_password_284,police_officer,2024-10-29 08:31:07
285,Amit Shah,user285@sentincash.com,hashed_password_285,analyst,2024-01-29 08:31:07
286,Sneha Kulkarni,user286@sentincash.com,hashed_password_286,bank_officer,2024-12-07 08:31:07
287,Kavya Shah,user287@sentincash.com,hashed_password_287,analyst,2024-05-10 08:31:07
288,Isha More,user288@sentincash.com,hashed_password_288,bank_officer,2024-05-02 08:31:07
289,Ananya Joshi,user289@sentincash.com,hashed_password_289,analyst,2025-08-28 08:31:07
290,Sneha Kulkarni,user290@sentincash.com,hashed_password_290,analyst,2024-10-06 08:31:07
291,Aarav More,user291@sentincash.com,hashed_password_291,admin,2025-12-15 08:31:07
292,Sneha Sharma,user292@sentincash.com,hashed_password_292,bank_officer,2024-03-04 08:31:07
293,Kiran Joshi,user293@sentincash.com,hashed_password_293,analyst,2025-01-09 08:31:07
294,Karan Joshi,user294@sentincash.com,hashed_password_294,analyst,2024-12-26 08:31:07
295,Anjali Patil,user295@sentincash.com,hashed_password_295,admin,2024-03-11 08:31:07
296,Kiran Shah,user296@sentincash.com,hashed_password_296,analyst,2026-08-19 08:31:07
297,Anjali Patil,user297@sentincash.com,hashed_password_297,analyst,2024-03-05 08:31:07
298,Meera More,user298@sentincash.com,hashed_password_298,police_officer,2026-03-27 08:31:07
299,Anjali Singh,user299@sentincash.com,hashed_password_299,analyst,2024-04-08 08:31:07
300,Riya Singh,user300@sentincash.com,hashed_password_300,analyst,2024-03-01 08:31:07
301,Arjun Kulkarni,user301@sentincash.com,hashed_password_301,bank_officer,2024-03-01 08:31:07
302,Kiran Deshmukh,user302@sentincash.com,hashed_password_302,admin,2024-06-21 08:31:07
303,Priya Patil,user303@sentincash.com,hashed_password_303,police_officer,2026-05-01 08:31:07
304,Nikhil Singh,user304@sentincash.com,hashed_password_304,admin,2025-09-13 08:31:07
305,Nikhil Sharma,user305@sentincash.com,hashed_password_305,admin,2025-12-26 08:31:07
306,Priya Deshmukh,user306@sentincash.com,hashed_password_306,analyst,2024-11-03 08:31:07
307,Sneha More,user307@sentincash.com,hashed_password_307,analyst,2024-06-02 08:31:07
308,Ananya Joshi,user308@sentincash.com,hashed_password_308,admin,2025-05-28 08:31:07
309,Vikram Singh,user309@sentincash.com,hashed_password_309,police_officer,2025-10-22 08:31:07
310,Amit Shah,user310@sentincash.com,hashed_password_310,analyst,2024-03-05 08:31:07
311,Pooja Patil,user311@sentincash.com,hashed_password_311,admin,2026-05-02 08:31:07
312,Aditya Kulkarni,user312@sentincash.com,hashed_password_312,admin,2025-05-06 08:31:07
313,Ananya Joshi,user313@sentincash.com,hashed_password_313,police_officer,2024-03-28 08:31:07
314,Nikhil Shah,user314@sentincash.com,hashed_password_314,bank_officer,2025-09-08 08:31:07
315,Sneha Pawar,user315@sentincash.com,hashed_password_315,bank_officer,2024-03-30 08:31:07
316,Ananya Shah,user316@sentincash.com,hashed_password_316,bank_officer,2024-12-31 08:31:07
317,Kavya Sharma,user317@sentincash.com,hashed_password_317,analyst,2024-10-16 08:31:07
318,Isha Shah,user318@sentincash.com,hashed_password_318,police_officer,2025-06-24 08:31:07
319,Neha Patil,user319@sentincash.com,hashed_password_319,analyst,2024-10-20 08:31:07
320,Rohan Deshmukh,user320@sentincash.com,hashed_password_320,bank_officer,2026-07-22 08:31:07
321,Kavya Joshi,user321@sentincash.com,hashed_password_321,admin,2024-01-05 08:31:07
322,Priya Patil,user322@sentincash.com,hashed_password_322,police_officer,2024-11-13 08:31:07
323,Vikram Sharma,user323@sentincash.com,hashed_password_323,analyst,2026-08-02 08:31:07
324,Karan Pawar,user324@sentincash.com,hashed_password_324,police_officer,2024-07-09 08:31:07
325,Amit Singh,user325@sentincash.com,hashed_password_325,police_officer,2026-02-22 08:31:07
326,Karan Deshmukh,user326@sentincash.com,hashed_password_326,police_officer,2024-07-22 08:31:07
327,Vikram Sharma,user327@sentincash.com,hashed_password_327,police_officer,2025-12-13 08:31:07
328,Anjali Singh,user328@sentincash.com,hashed_password_328,police_officer,2026-01-09 08:31:07
329,Ananya Sharma,user329@sentincash.com,hashed_password_329,admin,2026-05-11 08:31:07
330,Neha Joshi,user330@sentincash.com,hashed_password_330,analyst,2025-01-28 08:31:07
331,Aarav Pawar,user331@sentincash.com,hashed_password_331,admin,2025-12-25 08:31:07
332,Anjali More,user332@sentincash.com,hashed_password_332,admin,2025-04-02 08:31:07
333,Amit Shah,user333@sentincash.com,hashed_password_333,analyst,2025-06-20 08:31:07
334,Riya Gupta,user334@sentincash.com,hashed_password_334,bank_officer,2026-06-03 08:31:07
335,Riya Joshi,user335@sentincash.com,hashed_password_335,admin,2024-01-28 08:31:07
336,Riya Kulkarni,user336@sentincash.com,hashed_password_336,admin,2025-06-10 08:31:07
337,Aditya Shah,user337@sentincash.com,hashed_password_337,bank_officer,2024-05-08 08:31:07
338,Pooja Patil,user338@sentincash.com,hashed_password_338,bank_officer,2025-05-08 08:31:07
339,Amit Patil,user339@sentincash.com,hashed_password_339,police_officer,2025-10-28 08:31:07
340,Amit Pawar,user340@sentincash.com,hashed_password_340,analyst,2025-12-15 08:31:07
341,Nikhil Gupta,user341@sentincash.com,hashed_password_341,analyst,2025-03-28 08:31:07
342,Priya Singh,user342@sentincash.com,hashed_password_342,bank_officer,2025-01-11 08:31:07
343,Ananya Patil,user343@sentincash.com,hashed_password_343,police_officer,2024-05-02 08:31:07
344,Pooja Shah,user344@sentincash.com,hashed_password_344,police_officer,2024-03-27 08:31:07
345,Pooja Deshmukh,user345@sentincash.com,hashed_password_345,bank_officer,2024-05-28 08:31:07
346,Nikhil More,user346@sentincash.com,hashed_password_346,admin,2024-09-05 08:31:07
347,Meera More,user347@sentincash.com,hashed_password_347,analyst,2025-11-06 08:31:07
348,Neha Pawar,user348@sentincash.com,hashed_password_348,bank_officer,2024-10-19 08:31:07
349,Amit Patil,user349@sentincash.com,hashed_password_349,admin,2024-05-24 08:31:07
350,Amit More,user350@sentincash.com,hashed_password_350,analyst,2026-06-16 08:31:07
351,Anjali Singh,user351@sentincash.com,hashed_password_351,analyst,2026-07-23 08:31:07
352,Ananya More,user352@sentincash.com,hashed_password_352,bank_officer,2025-09-25 08:31:07
353,Aditya Kulkarni,user353@sentincash.com,hashed_password_353,analyst,2025-01-16 08:31:07
354,Neha Patil,user354@sentincash.com,hashed_password_354,police_officer,2025-02-08 08:31:07
355,Anjali Shah,user355@sentincash.com,hashed_password_355,admin,2026-02-05 08:31:07
356,Neha Singh,user356@sentincash.com,hashed_password_356,admin,2025-09-11 08:31:07
357,Kavya Gupta,user357@sentincash.com,hashed_password_357,bank_officer,2026-02-03 08:31:07
358,Rohan Gupta,user358@sentincash.com,hashed_password_358,admin,2025-01-02 08:31:07
359,Vikram Kulkarni,user359@sentincash.com,hashed_password_359,police_officer,2026-08-24 08:31:07
360,Kavya Kulkarni,user360@sentincash.com,hashed_password_360,analyst,2024-02-22 08:31:07
361,Neha Sharma,user361@sentincash.com,hashed_password_361,police_officer,2026-03-21 08:31:07
362,Sneha More,user362@sentincash.com,hashed_password_362,police_officer,2026-07-13 08:31:07
363,Aarav Patil,user363@sentincash.com,hashed_password_363,police_officer,2024-08-19 08:31:07
364,Nikhil More,user364@sentincash.com,hashed_password_364,analyst,2025-06-15 08:31:07
365,Arjun Deshmukh,user365@sentincash.com,hashed_password_365,analyst,2025-11-07 08:31:07
366,Sneha Gupta,user366@sentincash.com,hashed_password_366,admin,2026-06-28 08:31:07
367,Anjali Pawar,user367@sentincash.com,hashed_password_367,admin,2024-08-11 08:31:07
368,Amit Kulkarni,user368@sentincash.com,hashed_password_368,bank_officer,2025-06-26 08:31:07
369,Rahul Gupta,user369@sentincash.com,hashed_password_369,bank_officer,2025-06-27 08:31:07
370,Kavya Joshi,user370@sentincash.com,hashed_password_370,admin,2024-08-10 08:31:07
371,Neha More,user371@sentincash.com,hashed_password_371,analyst,2026-06-01 08:31:07
372,Sneha Shah,user372@sentincash.com,hashed_password_372,analyst,2025-04-01 08:31:07
373,Aditya Joshi,user373@sentincash.com,hashed_password_373,admin,2025-08-14 08:31:07
374,Aarav Joshi,user374@sentincash.com,hashed_password_374,police_officer,2025-11-18 08:31:07
375,Anjali Kulkarni,user375@sentincash.com,hashed_password_375,analyst,2025-11-30 08:31:07
376,Ananya Sharma,user376@sentincash.com,hashed_password_376,bank_officer,2025-05-01 08:31:07
377,Arjun Pawar,user377@sentincash.com,hashed_password_377,police_officer,2025-08-29 08:31:07
378,Riya Singh,user378@sentincash.com,hashed_password_378,analyst,2024-05-22 08:31:07
379,Amit More,user379@sentincash.com,hashed_password_379,admin,2024-04-23 08:31:07
380,Pooja Sharma,user380@sentincash.com,hashed_password_380,admin,2025-06-09 08:31:07
381,Meera Gupta,user381@sentincash.com,hashed_password_381,bank_officer,2025-07-10 08:31:07
382,Pooja Kulkarni,user382@sentincash.com,hashed_password_382,bank_officer,2026-05-28 08:31:07
383,Aarav Deshmukh,user383@sentincash.com,hashed_password_383,bank_officer,2026-03-31 08:31:07
384,Neha Patil,user384@sentincash.com,hashed_password_384,admin,2025-07-02 08:31:07
385,Karan More,user385@sentincash.com,hashed_password_385,bank_officer,2025-01-27 08:31:07
386,Riya Patil,user386@sentincash.com,hashed_password_386,analyst,2025-08-13 08:31:07
387,Meera Joshi,user387@sentincash.com,hashed_password_387,police_officer,2025-10-16 08:31:07
388,Amit Singh,user388@sentincash.com,hashed_password_388,admin,2024-12-13 08:31:07
389,Riya Singh,user389@sentincash.com,hashed_password_389,analyst,2026-03-08 08:31:07
390,Neha Pawar,user390@sentincash.com,hashed_password_390,admin,2026-01-24 08:31:07
391,Anjali Kulkarni,user391@sentincash.com,hashed_password_391,police_officer,2026-03-04 08:31:07
392,Vikram Pawar,user392@sentincash.com,hashed_password_392,admin,2024-08-05 08:31:07
393,Arjun Shah,user393@sentincash.com,hashed_password_393,bank_officer,2025-06-04 08:31:07
394,Sneha Gupta,user394@sentincash.com,hashed_password_394,analyst,2025-10-27 08:31:07
395,Anjali Shah,user395@sentincash.com,hashed_password_395,bank_officer,2026-07-15 08:31:07
396,Priya Kulkarni,user396@sentincash.com,hashed_password_396,analyst,2024-06-29 08:31:07
397,Sneha Sharma,user397@sentincash.com,hashed_password_397,admin,2025-09-27 08:31:07
398,Kiran Shah,user398@sentincash.com,hashed_password_398,admin,2025-06-17 08:31:07
399,Aditya Deshmukh,user399@sentincash.com,hashed_password_399,analyst,2024-05-24 08:31:07
400,Amit Patil,user400@sentincash.com,hashed_password_400,bank_officer,2025-01-01 08:31:07
401,Priya Gupta,user401@sentincash.com,hashed_password_401,admin,2025-03-04 08:31:07
402,Priya Gupta,user402@sentincash.com,hashed_password_402,police_officer,2024-11-24 08:31:07
403,Meera Gupta,user403@sentincash.com,hashed_password_403,police_officer,2025-05-23 08:31:07
404,Aditya Shah,user404@sentincash.com,hashed_password_404,analyst,2026-06-09 08:31:07
405,Amit Singh,user405@sentincash.com,hashed_password_405,police_officer,2024-11-30 08:31:07
406,Aditya Joshi,user406@sentincash.com,hashed_password_406,bank_officer,2024-09-28 08:31:07
407,Priya Singh,user407@sentincash.com,hashed_password_407,police_officer,2025-04-05 08:31:07
408,Neha Deshmukh,user408@sentincash.com,hashed_password_408,analyst,2024-02-26 08:31:07
409,Nikhil More,user409@sentincash.com,hashed_password_409,analyst,2024-07-21 08:31:07
410,Vikram Sharma,user410@sentincash.com,hashed_password_410,analyst,2024-07-06 08:31:07
411,Amit Deshmukh,user411@sentincash.com,hashed_password_411,bank_officer,2026-06-18 08:31:07
412,Kiran Kulkarni,user412@sentincash.com,hashed_password_412,police_officer,2024-09-11 08:31:07
413,Meera Patil,user413@sentincash.com,hashed_password_413,police_officer,2025-02-03 08:31:07
414,Neha Kulkarni,user414@sentincash.com,hashed_password_414,bank_officer,2024-01-06 08:31:07
415,Anjali Gupta,user415@sentincash.com,hashed_password_415,admin,2024-09-27 08:31:07
416,Kiran Singh,user416@sentincash.com,hashed_password_416,analyst,2025-09-02 08:31:07
417,Anjali Singh,user417@sentincash.com,hashed_password_417,bank_officer,2026-06-19 08:31:07
418,Riya Deshmukh,user418@sentincash.com,hashed_password_418,analyst,2026-09-04 08:31:07
419,Kiran Pawar,user419@sentincash.com,hashed_password_419,police_officer,2024-01-23 08:31:07
420,Meera Shah,user420@sentincash.com,hashed_password_420,police_officer,2026-03-10 08:31:07
421,Anjali Pawar,user421@sentincash.com,hashed_password_421,analyst,2026-07-05 08:31:07
422,Ananya Singh,user422@sentincash.com,hashed_password_422,admin,2024-07-25 08:31:07
423,Meera Gupta,user423@sentincash.com,hashed_password_423,bank_officer,2026-05-11 08:31:07
424,Anjali Pawar,user424@sentincash.com,hashed_password_424,police_officer,2026-03-21 08:31:07
425,Priya Sharma,user425@sentincash.com,hashed_password_425,analyst,2025-07-29 08:31:07
426,Karan Shah,user426@sentincash.com,hashed_password_426,analyst,2025-01-05 08:31:07
427,Priya Joshi,user427@sentincash.com,hashed_password_427,police_officer,2025-03-25 08:31:07
428,Kiran Shah,user428@sentincash.com,hashed_password_428,police_officer,2024-03-11 08:31:07
429,Neha Gupta,user429@sentincash.com,hashed_password_429,bank_officer,2025-06-28 08:31:07
430,Kiran More,user430@sentincash.com,hashed_password_430,bank_officer,2025-04-26 08:31:07
431,Arjun Joshi,user431@sentincash.com,hashed_password_431,police_officer,2024-06-24 08:31:07
432,Kavya Sharma,user432@sentincash.com,hashed_password_432,bank_officer,2024-12-05 08:31:07
433,Neha Singh,user433@sentincash.com,hashed_password_433,admin,2024-02-09 08:31:07
434,Riya Patil,user434@sentincash.com,hashed_password_434,admin,2025-12-05 08:31:07
435,Arjun Kulkarni,user435@sentincash.com,hashed_password_435,police_officer,2025-06-19 08:31:07
436,Pooja Patil,user436@sentincash.com,hashed_password_436,police_officer,2024-01-27 08:31:07
437,Priya Deshmukh,user437@sentincash.com,hashed_password_437,admin,2024-02-13 08:31:07
438,Pooja Sharma,user438@sentincash.com,hashed_password_438,analyst,2025-08-13 08:31:07
439,Karan More,user439@sentincash.com,hashed_password_439,analyst,2026-07-01 08:31:07
440,Karan Sharma,user440@sentincash.com,hashed_password_440,admin,2025-10-31 08:31:07
441,Meera Pawar,user441@sentincash.com,hashed_password_441,admin,2026-05-05 08:31:07
442,Kiran Shah,user442@sentincash.com,hashed_password_442,police_officer,2024-10-10 08:31:07
443,Rahul Shah,user443@sentincash.com,hashed_password_443,admin,2024-12-31 08:31:07
444,Amit Sharma,user444@sentincash.com,hashed_password_444,police_officer,2026-01-03 08:31:07
445,Anjali Singh,user445@sentincash.com,hashed_password_445,bank_officer,2024-02-03 08:31:07
446,Ananya Kulkarni,user446@sentincash.com,hashed_password_446,analyst,2026-01-22 08:31:07
447,Ananya Sharma,user447@sentincash.com,hashed_password_447,bank_officer,2026-01-21 08:31:07
448,Vikram Shah,user448@sentincash.com,hashed_password_448,admin,2026-07-20 08:31:07
449,Rahul Gupta,user449@sentincash.com,hashed_password_449,admin,2025-03-23 08:31:07
450,Riya Gupta,user450@sentincash.com,hashed_password_450,police_officer,2026-01-18 08:31:07
451,Kiran More,user451@sentincash.com,hashed_password_451,analyst,2026-09-21 08:31:07
452,Karan Gupta,user452@sentincash.com,hashed_password_452,police_officer,2025-07-23 08:31:07
453,Amit Singh,user453@sentincash.com,hashed_password_453,analyst,2023-12-29 08:31:07
454,Amit Singh,user454@sentincash.com,hashed_password_454,admin,2025-03-14 08:31:07
455,Nikhil Shah,user455@sentincash.com,hashed_password_455,bank_officer,2026-08-09 08:31:07
456,Neha Kulkarni,user456@sentincash.com,hashed_password_456,admin,2024-08-18 08:31:07
457,Neha Patil,user457@sentincash.com,hashed_password_457,police_officer,2025-10-04 08:31:07
458,Ananya Gupta,user458@sentincash.com,hashed_password_458,analyst,2024-08-31 08:31:07
459,Anjali Sharma,user459@sentincash.com,hashed_password_459,analyst,2025-09-27 08:31:07
460,Arjun Shah,user460@sentincash.com,hashed_password_460,bank_officer,2024-10-10 08:31:07
461,Arjun Pawar,user461@sentincash.com,hashed_password_461,bank_officer,2026-07-20 08:31:07
462,Aditya Kulkarni,user462@sentincash.com,hashed_password_462,admin,2026-02-28 08:31:07
463,Isha Sharma,user463@sentincash.com,hashed_password_463,analyst,2025-11-03 08:31:07
464,Riya More,user464@sentincash.com,hashed_password_464,bank_officer,2024-06-10 08:31:07
465,Kavya Sharma,user465@sentincash.com,hashed_password_465,police_officer,2024-08-12 08:31:07
466,Kiran Deshmukh,user466@sentincash.com,hashed_password_466,admin,2024-04-23 08:31:07
467,Meera Kulkarni,user467@sentincash.com,hashed_password_467,analyst,2026-05-18 08:31:07
468,Pooja More,user468@sentincash.com,hashed_password_468,bank_officer,2024-08-22 08:31:07
469,Nikhil Deshmukh,user469@sentincash.com,hashed_password_469,police_officer,2023-12-30 08:31:07
470,Rahul Shah,user470@sentincash.com,hashed_password_470,analyst,2025-09-11 08:31:07
471,Amit More,user471@sentincash.com,hashed_password_471,bank_officer,2026-07-04 08:31:07
472,Vikram Pawar,user472@sentincash.com,hashed_password_472,analyst,2025-03-13 08:31:07
473,Meera Patil,user473@sentincash.com,hashed_password_473,analyst,2026-07-03 08:31:07
474,Kiran Kulkarni,user474@sentincash.com,hashed_password_474,bank_officer,2025-06-23 08:31:07
475,Arjun Shah,user475@sentincash.com,hashed_password_475,bank_officer,2025-09-28 08:31:07
476,Aditya Deshmukh,user476@sentincash.com,hashed_password_476,bank_officer,2025-01-01 08:31:07
477,Kavya Sharma,user477@sentincash.com,hashed_password_477,bank_officer,2026-07-08 08:31:07
478,Neha Singh,user478@sentincash.com,hashed_password_478,police_officer,2024-06-24 08:31:07
479,Aarav Pawar,user479@sentincash.com,hashed_password_479,bank_officer,2024-05-06 08:31:07
480,Aditya Pawar,user480@sentincash.com,hashed_password_480,police_officer,2026-07-16 08:31:07
481,Neha Deshmukh,user481@sentincash.com,hashed_password_481,admin,2025-08-26 08:31:07
482,Vikram Pawar,user482@sentincash.com,hashed_password_482,bank_officer,2024-10-27 08:31:07
483,Neha Deshmukh,user483@sentincash.com,hashed_password_483,admin,2025-06-25 08:31:07
484,Sneha Pawar,user484@sentincash.com,hashed_password_484,analyst,2025-03-29 08:31:07
485,Nikhil Deshmukh,user485@sentincash.com,hashed_password_485,analyst,2024-11-26 08:31:07
486,Karan Patil,user486@sentincash.com,hashed_password_486,police_officer,2026-08-27 08:31:07
487,Rahul Singh,user487@sentincash.com,hashed_password_487,admin,2025-08-22 08:31:07
488,Kavya Kulkarni,user488@sentincash.com,hashed_password_488,bank_officer,2024-10-02 08:31:07
489,Isha Gupta,user489@sentincash.com,hashed_password_489,bank_officer,2025-12-04 08:31:07
490,Isha Patil,user490@sentincash.com,hashed_password_490,admin,2026-05-07 08:31:07
491,Priya Pawar,user491@sentincash.com,hashed_password_491,bank_officer,2024-03-16 08:31:07
492,Amit Deshmukh,user492@sentincash.com,hashed_password_492,analyst,2024-11-08 08:31:07
493,Amit Singh,user493@sentincash.com,hashed_password_493,analyst,2025-03-16 08:31:07
494,Kiran Pawar,user494@sentincash.com,hashed_password_494,police_officer,2024-09-24 08:31:07
495,Neha Singh,user495@sentincash.com,hashed_password_495,admin,2026-02-05 08:31:07
496,Isha Pawar,user496@sentincash.com,hashed_password_496,bank_officer,2026-01-23 08:31:07
497,Aarav Deshmukh,user497@sentincash.com,hashed_password_497,analyst,2025-03-04 08:31:07
498,Priya Singh,user498@sentincash.com,hashed_password_498,admin,2026-05-13 08:31:07
499,Amit Kulkarni,user499@sentincash.com,hashed_password_499,bank_officer,2025-08-11 08:31:07
500,Riya More,user500@sentincash.com,hashed_password_500,bank_officer,2024-07-27 08:31:07
