atm_id,bank_name,city,latitude,longitude,risk_score,risk_level,predicted_risk_level,prediction_confidence
ATM100001,Axis Bank,Kolkata,22.595947,88.375225,83.09,HIGH,HIGH,96.0
ATM100002,Kotak Mahindra Bank,Bangalore,13.049442,77.611524,52.12,MEDIUM,MEDIUM,96.0
ATM100003,Bank of Maharashtra,Hyderabad,17.321285,78.431157,36.3,LOW,MEDIUM,67.0
ATM100004,Axis Bank,Pune,18.466109,73.806551,55.58,MEDIUM,MEDIUM,97.0
ATM100005,HDFC Bank,Nagpur,21.09354,79.151682,62.63,MEDIUM,MEDIUM,96.0
ATM100006,Kotak Mahindra Bank,Chennai,13.086622,80.256363,79.19,HIGH,HIGH,87.0
ATM100007,SBI,Delhi,28.551826,77.192657,48.75,MEDIUM,MEDIUM,88.0
ATM100008,SBI,Kolkata,22.631081,88.414632,35.92,LOW,LOW,82.0
ATM100009,Kotak Mahindra Bank,Hyderabad,17.332342,78.513683,50.25,MEDIUM,MEDIUM,93.0
ATM100010,Bank of Maharashtra,Ahmedabad,23.031582,72.582858,26.41,LOW,LOW,96.0
ATM100011,HDFC Bank,Pune,18.563519,73.806627,55.65,MEDIUM,MEDIUM,100.0
ATM100012,Kotak Mahindra Bank,Mumbai,19.06407,72.878918,48.95,MEDIUM,MEDIUM,87.0
ATM100013,ICICI Bank,Mumbai,19.014374,72.895399,30.29,LOW,LOW,92.0
ATM100014,Bank of Maharashtra,Hyderabad,17.397998,78.431398,67.89,MEDIUM,MEDIUM,80.0
ATM100015,SBI,Nagpur,21.151014,79.016492,30.04,LOW,MEDIUM,53.0
ATM100016,Bank of Maharashtra,Nashik,19.939006,73.71994,63.6,MEDIUM,MEDIUM,82.0
ATM100017,Kotak Mahindra Bank,Bangalore,12.943177,77.64418,43.73,MEDIUM,MEDIUM,99.0
ATM100018,Axis Bank,Mumbai,19.10504,72.919336,46.9,MEDIUM,MEDIUM,96.0
ATM100019,Bank of Maharashtra,Kolkata,22.568052,88.349795,39.58,LOW,LOW,80.0
ATM100020,Kotak Mahindra Bank,Hyderabad,17.453725,78.539599,73.12,HIGH,MEDIUM,59.0
ATM100021,HDFC Bank,Kolkata,22.512488,88.400839,86.38,HIGH,HIGH,97.0
ATM100022,Kotak Mahindra Bank,Nashik,19.946497,73.720439,42.01,MEDIUM,MEDIUM,95.0
ATM100023,ICICI Bank,Nagpur,21.157716,79.142893,66.07,MEDIUM,MEDIUM,93.0
ATM100024,Axis Bank,Mumbai,19.123243,72.82996,77.13,HIGH,HIGH,81.0
ATM100025,Axis Bank,Chennai,13.028983,80.321032,47.39,MEDIUM,MEDIUM,97.0
ATM100026,Kotak Mahindra Bank,Pune,18.52409,73.834113,59.97,MEDIUM,MEDIUM,97.0
ATM100027,ICICI Bank,Hyderabad,17.367791,78.537356,25.57,LOW,LOW,97.0
ATM100028,Axis Bank,Mumbai,19.056311,72.871729,75.52,HIGH,HIGH,97.0
ATM100029,Kotak Mahindra Bank,Chennai,13.122318,80.271135,76.1,HIGH,HIGH,87.0
ATM100030,HDFC Bank,Chennai,13.146632,80.252123,44.37,MEDIUM,MEDIUM,90.0
ATM100031,Bank of Maharashtra,Pune,18.585436,73.876578,49.99,MEDIUM,MEDIUM,96.0
ATM100032,Kotak Mahindra Bank,Hyderabad,17.455373,78.507133,83.03,HIGH,HIGH,99.0
ATM100033,HDFC Bank,Delhi,28.556184,77.256044,52.01,MEDIUM,MEDIUM,98.0
ATM100034,Punjab National Bank,Pune,18.525754,73.919723,56.72,MEDIUM,MEDIUM,99.0
ATM100035,Axis Bank,Ahmedabad,22.966768,72.541276,76.14,HIGH,HIGH,97.0
ATM100036,Punjab National Bank,Pune,18.559431,73.782065,100.0,HIGH,HIGH,99.0
ATM100037,SBI,Nagpur,21.187793,79.148483,38.73,LOW,LOW,86.0
ATM100038,Punjab National Bank,Pune,18.571801,73.794401,33.72,LOW,LOW,65.0
ATM100039,Kotak Mahindra Bank,Nagpur,21.086198,79.071766,45.19,MEDIUM,MEDIUM,82.0
ATM100040,Punjab National Bank,Nashik,19.941487,73.74648,69.78,MEDIUM,MEDIUM,80.0
ATM100041,Bank of Maharashtra,Bangalore,13.006806,77.617184,76.0,HIGH,HIGH,93.0
ATM100042,SBI,Hyderabad,17.391836,78.446988,39.83,LOW,LOW,85.0
ATM100043,Kotak Mahindra Bank,Bangalore,12.920656,77.659952,28.07,LOW,LOW,91.0
ATM100044,HDFC Bank,Bangalore,12.955736,77.588521,52.32,MEDIUM,MEDIUM,84.0
ATM100045,HDFC Bank,Mumbai,19.020536,72.891497,24.56,LOW,LOW,97.0
ATM100046,ICICI Bank,Hyderabad,17.402833,78.409598,30.05,LOW,LOW,91.0
ATM100047,ICICI Bank,Mumbai,19.145139,72.888121,74.6,HIGH,HIGH,91.0
ATM100048,SBI,Nashik,20.0651,73.822958,16.96,LOW,LOW,96.0
ATM100049,Bank of Maharashtra,Kolkata,22.584806,88.380974,53.6,MEDIUM,MEDIUM,97.0
ATM100050,ICICI Bank,Kolkata,22.610431,88.433399,42.59,MEDIUM,MEDIUM,81.0
ATM100051,SBI,Nagpur,21.137934,79.026318,75.32,HIGH,HIGH,82.0
ATM100052,HDFC Bank,Nashik,20.051724,73.729746,42.93,MEDIUM,MEDIUM,95.0
ATM100053,Kotak Mahindra Bank,Hyderabad,17.444183,78.489714,54.42,MEDIUM,MEDIUM,92.0
ATM100054,Bank of Maharashtra,Bangalore,12.95544,77.523362,51.13,MEDIUM,MEDIUM,98.0
ATM100055,ICICI Bank,Hyderabad,17.433457,78.407441,47.15,MEDIUM,MEDIUM,91.0
ATM100056,Punjab National Bank,Nagpur,21.129507,79.094183,28.66,LOW,LOW,76.0
ATM100057,Axis Bank,Nagpur,21.121215,79.063713,41.6,MEDIUM,MEDIUM,98.0
ATM100058,SBI,Pune,18.512755,73.812637,29.17,LOW,LOW,92.0
ATM100059,Bank of Maharashtra,Nashik,19.940037,73.738022,38.05,LOW,LOW,87.0
ATM100060,Axis Bank,Ahmedabad,23.009528,72.637775,64.94,MEDIUM,MEDIUM,94.0
ATM100061,HDFC Bank,Chennai,13.095594,80.291862,75.54,HIGH,HIGH,91.0
ATM100062,Bank of Maharashtra,Hyderabad,17.411166,78.435186,58.96,MEDIUM,MEDIUM,98.0
ATM100063,SBI,Chennai,13.026486,80.25704,81.66,HIGH,HIGH,88.0
ATM100064,Axis Bank,Bangalore,13.0511,77.594951,31.48,LOW,LOW,97.0
ATM100065,Punjab National Bank,Hyderabad,17.315732,78.526694,66.12,MEDIUM,MEDIUM,92.0
ATM100066,Punjab National Bank,Chennai,13.146389,80.223522,57.88,MEDIUM,MEDIUM,95.0
ATM100067,ICICI Bank,Delhi,28.539748,77.204531,63.78,MEDIUM,MEDIUM,90.0
ATM100068,Axis Bank,Hyderabad,17.315513,78.530784,52.18,MEDIUM,MEDIUM,99.0
ATM100069,Kotak Mahindra Bank,Ahmedabad,23.026402,72.561922,48.81,MEDIUM,MEDIUM,91.0
ATM100070,SBI,Chennai,13.092242,80.215538,41.25,MEDIUM,MEDIUM,66.0
ATM100071,Axis Bank,Ahmedabad,23.080386,72.642778,43.45,MEDIUM,MEDIUM,98.0
ATM100072,Axis Bank,Bangalore,12.934919,77.61764,36.27,LOW,LOW,64.0
ATM100073,HDFC Bank,Pune,18.444462,73.801684,72.98,HIGH,HIGH,91.0
ATM100074,Kotak Mahindra Bank,Hyderabad,17.410428,78.411035,57.85,MEDIUM,MEDIUM,88.0
ATM100075,HDFC Bank,Bangalore,12.928572,77.622103,53.85,MEDIUM,MEDIUM,96.0
ATM100076,Kotak Mahindra Bank,Chennai,13.019357,80.318687,73.31,HIGH,HIGH,83.0
ATM100077,ICICI Bank,Nashik,20.021939,73.747909,65.47,MEDIUM,MEDIUM,73.0
ATM100078,Kotak Mahindra Bank,Nagpur,21.104708,79.123763,51.0,MEDIUM,MEDIUM,85.0
ATM100079,Axis Bank,Hyderabad,17.437835,78.470249,69.67,MEDIUM,MEDIUM,87.0
ATM100080,Bank of Maharashtra,Nashik,19.950297,73.756704,79.75,HIGH,HIGH,93.0
ATM100081,Punjab National Bank,Ahmedabad,22.94458,72.505081,71.69,HIGH,HIGH,74.0
ATM100082,Kotak Mahindra Bank,Mumbai,19.000245,72.82673,40.35,MEDIUM,MEDIUM,91.0
ATM100083,Punjab National Bank,Nagpur,21.133228,79.151027,25.04,LOW,LOW,96.0
ATM100084,Bank of Maharashtra,Chennai,13.057391,80.232208,42.59,MEDIUM,MEDIUM,70.0
ATM100085,ICICI Bank,Hyderabad,17.399447,78.44959,33.67,LOW,LOW,89.0
ATM100086,Bank of Maharashtra,Nashik,19.983006,73.798128,68.33,MEDIUM,MEDIUM,96.0
ATM100087,SBI,Mumbai,19.043115,72.949453,38.69,LOW,LOW,93.0
ATM100088,Kotak Mahindra Bank,Nashik,19.939918,73.848755,59.34,MEDIUM,MEDIUM,99.0
ATM100089,SBI,Kolkata,22.635728,88.411877,38.97,LOW,LOW,91.0
ATM100090,SBI,Hyderabad,17.308595,78.449688,35.49,LOW,LOW,95.0
ATM100091,SBI,Kolkata,22.593957,88.325162,51.67,MEDIUM,MEDIUM,95.0
ATM100092,SBI,Pune,18.573989,73.934204,84.85,HIGH,HIGH,99.0
ATM100093,Axis Bank,Nagpur,21.093269,79.051769,47.72,MEDIUM,MEDIUM,85.0
ATM100094,Kotak Mahindra Bank,Chennai,13.148988,80.20954,44.67,MEDIUM,MEDIUM,100.0
ATM100095,Axis Bank,Bangalore,12.935449,77.603268,54.92,MEDIUM,MEDIUM,98.0
ATM100096,SBI,Kolkata,22.625359,88.316927,47.52,MEDIUM,MEDIUM,95.0
ATM100097,Punjab National Bank,Chennai,13.024602,80.334703,32.33,LOW,LOW,92.0
ATM100098,Bank of Maharashtra,Ahmedabad,23.038086,72.587483,56.12,MEDIUM,MEDIUM,98.0
ATM100099,SBI,Chennai,13.030759,80.337006,62.52,MEDIUM,MEDIUM,84.0
ATM100100,Kotak Mahindra Bank,Bangalore,12.952902,77.597627,26.24,LOW,LOW,90.0
ATM100101,ICICI Bank,Chennai,13.029305,80.308785,43.63,MEDIUM,MEDIUM,96.0
ATM100102,ICICI Bank,Hyderabad,17.401504,78.445956,78.12,HIGH,HIGH,57.0
ATM100103,HDFC Bank,Kolkata,22.538791,88.340808,74.93,HIGH,HIGH,59.0
ATM100104,HDFC Bank,Chennai,13.050239,80.281325,81.56,HIGH,HIGH,100.0
ATM100105,HDFC Bank,Chennai,13.108887,80.340593,77.68,HIGH,HIGH,91.0
ATM100106,Kotak Mahindra Bank,Nagpur,21.10019,79.013189,38.25,LOW,LOW,72.0
ATM100107,HDFC Bank,Pune,18.535612,73.784928,56.06,MEDIUM,MEDIUM,99.0
ATM100108,Bank of Maharashtra,Delhi,28.629395,77.182479,78.25,HIGH,HIGH,83.0
ATM100109,Kotak Mahindra Bank,Chennai,13.019756,80.202722,49.52,MEDIUM,MEDIUM,100.0
ATM100110,Punjab National Bank,Bangalore,12.970879,77.624744,66.8,MEDIUM,MEDIUM,81.0
ATM100111,SBI,Nagpur,21.105224,79.139256,40.16,MEDIUM,MEDIUM,78.0
ATM100112,Kotak Mahindra Bank,Mumbai,19.107151,72.841243,86.81,HIGH,HIGH,99.0
ATM100113,Bank of Maharashtra,Mumbai,19.053756,72.812353,57.02,MEDIUM,MEDIUM,82.0
ATM100114,Punjab National Bank,Pune,18.462291,73.928738,74.68,HIGH,HIGH,94.0
ATM100115,Punjab National Bank,Hyderabad,17.334621,78.493404,83.41,HIGH,HIGH,81.0
ATM100116,SBI,Nashik,20.034656,73.83885,28.63,LOW,LOW,97.0
ATM100117,Punjab National Bank,Ahmedabad,23.053264,72.627271,25.15,LOW,LOW,96.0
ATM100118,HDFC Bank,Nagpur,21.144108,79.043594,30.37,LOW,LOW,93.0
ATM100119,ICICI Bank,Pune,18.591449,73.783008,64.28,MEDIUM,MEDIUM,91.0
ATM100120,Kotak Mahindra Bank,Kolkata,22.64064,88.312792,58.78,MEDIUM,MEDIUM,97.0
ATM100121,Punjab National Bank,Hyderabad,17.451478,78.412131,44.05,MEDIUM,MEDIUM,90.0
ATM100122,ICICI Bank,Nagpur,21.113376,79.156103,79.76,HIGH,HIGH,74.0
ATM100123,Axis Bank,Nashik,20.068583,73.785674,59.95,MEDIUM,MEDIUM,95.0
ATM100124,Bank of Maharashtra,Chennai,13.137828,80.241756,53.97,MEDIUM,MEDIUM,94.0
ATM100125,SBI,Delhi,28.539821,77.224403,76.37,HIGH,HIGH,92.0
ATM100126,Axis Bank,Nashik,19.936791,73.722113,87.73,HIGH,HIGH,100.0
ATM100127,ICICI Bank,Nashik,19.97188,73.825763,70.67,HIGH,HIGH,88.0
ATM100128,Kotak Mahindra Bank,Nashik,19.967946,73.796119,90.05,HIGH,HIGH,100.0
ATM100129,Axis Bank,Pune,18.4914,73.876843,85.16,HIGH,HIGH,96.0
ATM100130,Axis Bank,Hyderabad,17.403538,78.443974,35.71,LOW,LOW,83.0
ATM100131,Bank of Maharashtra,Nashik,20.056716,73.713203,81.29,HIGH,HIGH,86.0
ATM100132,SBI,Hyderabad,17.38963,78.556951,47.52,MEDIUM,MEDIUM,82.0
ATM100133,Kotak Mahindra Bank,Nagpur,21.225469,79.064314,41.35,MEDIUM,MEDIUM,90.0
ATM100134,ICICI Bank,Hyderabad,17.369309,78.48348,76.16,HIGH,HIGH,90.0
ATM100135,SBI,Chennai,13.142488,80.348153,42.96,MEDIUM,MEDIUM,84.0
ATM100136,Bank of Maharashtra,Mumbai,19.062843,72.865117,31.15,LOW,LOW,92.0
ATM100137,Punjab National Bank,Kolkata,22.530804,88.301576,69.22,MEDIUM,MEDIUM,83.0
ATM100138,ICICI Bank,Kolkata,22.538558,88.331309,56.62,MEDIUM,MEDIUM,97.0
ATM100139,Kotak Mahindra Bank,Kolkata,22.499335,88.28676,66.82,MEDIUM,MEDIUM,98.0
ATM100140,Axis Bank,Ahmedabad,23.010944,72.552892,79.55,HIGH,HIGH,99.0
ATM100141,Bank of Maharashtra,Ahmedabad,22.977421,72.643394,50.27,MEDIUM,MEDIUM,95.0
ATM100142,Kotak Mahindra Bank,Kolkata,22.506906,88.350713,85.05,HIGH,HIGH,64.0
ATM100143,Punjab National Bank,Mumbai,19.147157,72.872484,32.75,LOW,LOW,90.0
ATM100144,Kotak Mahindra Bank,Bangalore,12.918325,77.673187,43.19,MEDIUM,MEDIUM,79.0
ATM100145,SBI,Nashik,20.068337,73.813743,91.03,HIGH,HIGH,97.0
ATM100146,Axis Bank,Mumbai,19.07803,72.834607,39.87,LOW,LOW,59.0
ATM100147,Kotak Mahindra Bank,Pune,18.475678,73.80653,31.88,LOW,LOW,78.0
ATM100148,Kotak Mahindra Bank,Ahmedabad,22.99852,72.500655,74.48,HIGH,HIGH,91.0
ATM100149,Kotak Mahindra Bank,Bangalore,13.033006,77.66304,67.78,MEDIUM,MEDIUM,80.0
ATM100150,HDFC Bank,Mumbai,19.023823,72.861099,40.06,MEDIUM,LOW,59.0
ATM100151,Bank of Maharashtra,Delhi,28.645263,77.153623,81.87,HIGH,HIGH,95.0
ATM100152,SBI,Bangalore,12.92751,77.550411,85.58,HIGH,HIGH,99.0
ATM100153,Axis Bank,Ahmedabad,23.03737,72.584214,49.06,MEDIUM,MEDIUM,96.0
ATM100154,Kotak Mahindra Bank,Chennai,13.143094,80.233196,78.17,HIGH,HIGH,95.0
ATM100155,Kotak Mahindra Bank,Nashik,20.0597,73.862704,29.26,LOW,LOW,97.0
ATM100156,Axis Bank,Nagpur,21.195323,79.113039,60.92,MEDIUM,MEDIUM,96.0
ATM100157,Bank of Maharashtra,Nashik,19.931418,73.775153,45.73,MEDIUM,MEDIUM,96.0
ATM100158,Kotak Mahindra Bank,Nagpur,21.107361,79.123947,40.16,MEDIUM,MEDIUM,80.0
ATM100159,ICICI Bank,Ahmedabad,22.955467,72.526629,55.49,MEDIUM,MEDIUM,99.0
ATM100160,SBI,Bangalore,12.903781,77.650793,46.3,MEDIUM,MEDIUM,89.0
ATM100161,Punjab National Bank,Mumbai,19.072894,72.892485,57.19,MEDIUM,MEDIUM,93.0
ATM100162,Bank of Maharashtra,Mumbai,19.051649,72.906183,76.5,HIGH,HIGH,98.0
ATM100163,Bank of Maharashtra,Chennai,13.045425,80.331281,53.63,MEDIUM,MEDIUM,100.0
ATM100164,Punjab National Bank,Delhi,28.639252,77.265093,55.53,MEDIUM,MEDIUM,95.0
ATM100165,Axis Bank,Hyderabad,17.418338,78.540622,85.15,HIGH,HIGH,98.0
ATM100166,Kotak Mahindra Bank,Kolkata,22.601423,88.382878,34.08,LOW,LOW,93.0
ATM100167,SBI,Nashik,19.942877,73.850739,74.8,HIGH,HIGH,94.0
ATM100168,HDFC Bank,Bangalore,12.89628,77.646731,70.07,HIGH,HIGH,93.0
ATM100169,ICICI Bank,Chennai,13.056319,80.309661,49.94,MEDIUM,MEDIUM,96.0
ATM100170,ICICI Bank,Hyderabad,17.435875,78.539841,41.73,MEDIUM,MEDIUM,95.0
ATM100171,SBI,Hyderabad,17.306022,78.452626,79.56,HIGH,HIGH,89.0
ATM100172,SBI,Nagpur,21.22279,79.10929,74.2,HIGH,HIGH,84.0
ATM100173,Kotak Mahindra Bank,Delhi,28.635341,77.215398,13.48,LOW,LOW,98.0
ATM100174,Axis Bank,Ahmedabad,22.959617,72.613164,60.89,MEDIUM,MEDIUM,97.0
ATM100175,Kotak Mahindra Bank,Pune,18.594479,73.8314,92.54,HIGH,HIGH,95.0
ATM100176,Bank of Maharashtra,Ahmedabad,23.091624,72.507802,86.72,HIGH,HIGH,96.0
ATM100177,SBI,Chennai,13.112762,80.201554,34.42,LOW,LOW,84.0
ATM100178,Axis Bank,Bangalore,13.004908,77.525376,49.69,MEDIUM,MEDIUM,96.0
ATM100179,ICICI Bank,Chennai,13.058041,80.290046,46.17,MEDIUM,MEDIUM,95.0
ATM100180,Axis Bank,Nagpur,21.205246,79.163958,50.13,MEDIUM,MEDIUM,72.0
ATM100181,HDFC Bank,Delhi,28.653844,77.149814,31.41,LOW,LOW,92.0
ATM100182,SBI,Delhi,28.537834,77.13254,57.5,MEDIUM,MEDIUM,98.0
ATM100183,ICICI Bank,Bangalore,12.969783,77.637865,55.99,MEDIUM,MEDIUM,95.0
ATM100184,Axis Bank,Mumbai,19.067344,72.84148,94.15,HIGH,HIGH,94.0
ATM100185,HDFC Bank,Bangalore,12.959789,77.586822,66.73,MEDIUM,MEDIUM,93.0
ATM100186,SBI,Mumbai,19.12317,72.908689,16.23,LOW,LOW,97.0
ATM100187,HDFC Bank,Chennai,13.015881,80.29958,98.92,HIGH,HIGH,95.0
ATM100188,Axis Bank,Chennai,13.046422,80.342838,35.95,LOW,MEDIUM,82.0
ATM100189,Kotak Mahindra Bank,Nashik,19.986674,73.860779,23.09,LOW,LOW,99.0
ATM100190,SBI,Chennai,13.104864,80.254315,56.36,MEDIUM,MEDIUM,99.0
ATM100191,SBI,Bangalore,13.049036,77.580093,53.07,MEDIUM,MEDIUM,93.0
ATM100192,SBI,Nashik,19.954293,73.743897,66.27,MEDIUM,MEDIUM,85.0
ATM100193,SBI,Nashik,20.021767,73.768764,76.89,HIGH,HIGH,98.0
ATM100194,ICICI Bank,Hyderabad,17.380714,78.561611,42.11,MEDIUM,MEDIUM,93.0
ATM100195,SBI,Hyderabad,17.44398,78.530955,27.95,LOW,LOW,97.0
ATM100196,Punjab National Bank,Pune,18.575565,73.898464,62.1,MEDIUM,MEDIUM,93.0
ATM100197,Axis Bank,Nagpur,21.086799,79.013404,68.98,MEDIUM,MEDIUM,87.0
ATM100198,Punjab National Bank,Chennai,13.101364,80.318146,61.25,MEDIUM,MEDIUM,100.0
ATM100199,HDFC Bank,Hyderabad,17.323769,78.42673,88.03,HIGH,HIGH,99.0
ATM100200,Kotak Mahindra Bank,Delhi,28.602749,77.161084,83.5,HIGH,HIGH,100.0
ATM100201,Kotak Mahindra Bank,Hyderabad,17.315273,78.499815,71.89,HIGH,HIGH,90.0
ATM100202,HDFC Bank,Ahmedabad,23.070109,72.541058,74.57,HIGH,HIGH,90.0
ATM100203,HDFC Bank,Mumbai,18.997859,72.809292,26.63,LOW,LOW,97.0
ATM100204,SBI,Nashik,19.99429,73.805803,72.28,HIGH,HIGH,80.0
ATM100205,Kotak Mahindra Bank,Pune,18.551597,73.91432,61.33,MEDIUM,MEDIUM,95.0
ATM100206,SBI,Nagpur,21.072139,79.085081,51.36,MEDIUM,MEDIUM,97.0
ATM100207,ICICI Bank,Ahmedabad,22.981227,72.649266,45.06,MEDIUM,MEDIUM,94.0
ATM100208,HDFC Bank,Bangalore,12.971422,77.613505,79.83,HIGH,HIGH,95.0
ATM100209,SBI,Bangalore,12.981144,77.516163,35.14,LOW,LOW,84.0
ATM100210,Bank of Maharashtra,Bangalore,12.974434,77.528659,60.6,MEDIUM,MEDIUM,95.0
ATM100211,ICICI Bank,Mumbai,19.001312,72.810273,40.75,MEDIUM,MEDIUM,75.0
ATM100212,Kotak Mahindra Bank,Bangalore,12.912835,77.605407,39.59,LOW,LOW,60.0
ATM100213,Kotak Mahindra Bank,Ahmedabad,23.070594,72.523424,50.74,MEDIUM,MEDIUM,99.0
ATM100214,HDFC Bank,Kolkata,22.509331,88.385729,35.13,LOW,LOW,84.0
ATM100215,Kotak Mahindra Bank,Kolkata,22.497654,88.433694,28.11,LOW,LOW,97.0
ATM100216,HDFC Bank,Kolkata,22.579207,88.39735,87.48,HIGH,HIGH,100.0
ATM100217,ICICI Bank,Chennai,13.116954,80.318976,75.74,HIGH,HIGH,77.0
ATM100218,SBI,Chennai,13.133072,80.203518,80.39,HIGH,HIGH,98.0
ATM100219,Punjab National Bank,Nashik,20.005115,73.840568,64.62,MEDIUM,MEDIUM,83.0
ATM100220,Axis Bank,Ahmedabad,23.045472,72.575624,57.11,MEDIUM,MEDIUM,97.0
ATM100221,HDFC Bank,Mumbai,19.009061,72.807356,49.93,MEDIUM,MEDIUM,100.0
ATM100222,Bank of Maharashtra,Kolkata,22.518127,88.423385,47.25,MEDIUM,MEDIUM,95.0
ATM100223,HDFC Bank,Pune,18.596538,73.830603,56.55,MEDIUM,MEDIUM,95.0
ATM100224,Axis Bank,Chennai,13.129052,80.296093,56.05,MEDIUM,MEDIUM,87.0
ATM100225,HDFC Bank,Kolkata,22.581458,88.398972,36.74,LOW,LOW,76.0
ATM100226,Bank of Maharashtra,Kolkata,22.652013,88.439867,97.81,HIGH,HIGH,96.0
ATM100227,Kotak Mahindra Bank,Ahmedabad,22.974427,72.600237,35.27,LOW,LOW,59.0
ATM100228,SBI,Delhi,28.538804,77.170229,32.77,LOW,LOW,85.0
ATM100229,ICICI Bank,Ahmedabad,23.081424,72.607747,31.82,LOW,LOW,96.0
ATM100230,Punjab National Bank,Nashik,19.985579,73.76515,79.85,HIGH,HIGH,97.0
ATM100231,Kotak Mahindra Bank,Nagpur,21.223824,79.014617,27.52,LOW,LOW,99.0
ATM100232,Kotak Mahindra Bank,Kolkata,22.585188,88.354078,29.92,LOW,LOW,96.0
ATM100233,Kotak Mahindra Bank,Nashik,19.995367,73.849548,50.28,MEDIUM,MEDIUM,88.0
ATM100234,HDFC Bank,Pune,18.507875,73.820992,80.89,HIGH,HIGH,96.0
ATM100235,Kotak Mahindra Bank,Delhi,28.679878,77.162706,77.31,HIGH,HIGH,89.0
ATM100236,HDFC Bank,Hyderabad,17.40605,78.523998,27.2,LOW,LOW,91.0
ATM100237,HDFC Bank,Bangalore,13.006132,77.660045,67.22,MEDIUM,MEDIUM,75.0
ATM100238,Axis Bank,Chennai,13.040707,80.346123,44.43,MEDIUM,MEDIUM,96.0
ATM100239,Punjab National Bank,Mumbai,19.132702,72.876464,52.12,MEDIUM,MEDIUM,90.0
ATM100240,Kotak Mahindra Bank,Nashik,20.05682,73.781049,76.5,HIGH,HIGH,94.0
ATM100241,Punjab National Bank,Delhi,28.591377,77.223872,39.33,LOW,LOW,80.0
ATM100242,Axis Bank,Hyderabad,17.367573,78.561806,41.79,MEDIUM,MEDIUM,85.0
ATM100243,Kotak Mahindra Bank,Nagpur,21.170878,79.06023,26.59,LOW,LOW,99.0
ATM100244,SBI,Pune,18.46134,73.931871,55.68,MEDIUM,MEDIUM,98.0
ATM100245,ICICI Bank,Pune,18.478168,73.788459,50.42,MEDIUM,MEDIUM,94.0
ATM100246,Bank of Maharashtra,Nashik,20.000664,73.763721,100.0,HIGH,HIGH,99.0
ATM100247,Punjab National Bank,Bangalore,12.960542,77.554394,45.16,MEDIUM,MEDIUM,78.0
ATM100248,Axis Bank,Kolkata,22.605684,88.310627,41.44,MEDIUM,MEDIUM,95.0
ATM100249,Kotak Mahindra Bank,Nashik,19.923367,73.827624,76.3,HIGH,HIGH,90.0
ATM100250,Bank of Maharashtra,Ahmedabad,23.018441,72.626467,45.27,MEDIUM,MEDIUM,83.0
ATM100251,SBI,Delhi,28.627557,77.267923,49.91,MEDIUM,MEDIUM,99.0
ATM100252,HDFC Bank,Nagpur,21.083707,79.05136,60.41,MEDIUM,MEDIUM,96.0
ATM100253,Kotak Mahindra Bank,Bangalore,12.976587,77.664457,71.33,HIGH,HIGH,84.0
ATM100254,SBI,Mumbai,19.015538,72.870052,36.67,LOW,LOW,90.0
ATM100255,SBI,Delhi,28.584485,77.210158,69.06,MEDIUM,MEDIUM,77.0
ATM100256,HDFC Bank,Bangalore,12.915335,77.672461,91.32,HIGH,HIGH,98.0
ATM100257,Kotak Mahindra Bank,Hyderabad,17.30579,78.55899,63.0,MEDIUM,MEDIUM,92.0
ATM100258,ICICI Bank,Hyderabad,17.443867,78.479458,75.35,HIGH,HIGH,94.0
ATM100259,ICICI Bank,Mumbai,19.074215,72.904398,63.37,MEDIUM,MEDIUM,74.0
ATM100260,ICICI Bank,Mumbai,19.000796,72.846969,99.67,HIGH,HIGH,98.0
ATM100261,Punjab National Bank,Nashik,19.949797,73.817549,78.25,HIGH,HIGH,52.0
ATM100262,HDFC Bank,Mumbai,19.011024,72.905316,79.93,HIGH,HIGH,98.0
ATM100263,ICICI Bank,Mumbai,19.134903,72.826044,44.39,MEDIUM,MEDIUM,58.0
ATM100264,Bank of Maharashtra,Bangalore,13.025698,77.665738,52.04,MEDIUM,MEDIUM,90.0
ATM100265,Bank of Maharashtra,Bangalore,12.971148,77.613456,64.85,MEDIUM,MEDIUM,98.0
ATM100266,Axis Bank,Chennai,13.093998,80.195562,52.18,MEDIUM,MEDIUM,95.0
ATM100267,Kotak Mahindra Bank,Mumbai,19.106324,72.905942,51.56,MEDIUM,MEDIUM,99.0
ATM100268,Punjab National Bank,Mumbai,19.101422,72.860718,25.82,LOW,LOW,96.0
ATM100269,SBI,Pune,18.457455,73.881955,33.09,LOW,LOW,89.0
ATM100270,HDFC Bank,Bangalore,12.899314,77.670948,47.04,MEDIUM,MEDIUM,94.0
ATM100271,SBI,Ahmedabad,23.081821,72.616582,38.16,LOW,LOW,90.0
ATM100272,Kotak Mahindra Bank,Nashik,20.035652,73.850362,61.7,MEDIUM,MEDIUM,93.0
ATM100273,Kotak Mahindra Bank,Hyderabad,17.357325,78.513515,86.7,HIGH,HIGH,88.0
ATM100274,SBI,Kolkata,22.614566,88.41155,69.72,MEDIUM,MEDIUM,77.0
ATM100275,SBI,Nashik,20.048353,73.729033,33.23,LOW,LOW,80.0
ATM100276,Axis Bank,Pune,18.441321,73.828634,80.19,HIGH,HIGH,89.0
ATM100277,Kotak Mahindra Bank,Nashik,19.980888,73.821075,50.67,MEDIUM,MEDIUM,97.0
ATM100278,HDFC Bank,Bangalore,12.963391,77.552607,48.05,MEDIUM,MEDIUM,95.0
ATM100279,SBI,Pune,18.476763,73.788411,76.01,HIGH,HIGH,83.0
ATM100280,Bank of Maharashtra,Hyderabad,17.411914,78.505818,56.03,MEDIUM,MEDIUM,99.0
ATM100281,ICICI Bank,Ahmedabad,23.003266,72.629533,58.26,MEDIUM,MEDIUM,97.0
ATM100282,Axis Bank,Mumbai,19.072669,72.801803,21.32,LOW,LOW,98.0
ATM100283,Punjab National Bank,Kolkata,22.553431,88.347712,65.01,MEDIUM,MEDIUM,86.0
ATM100284,Kotak Mahindra Bank,Ahmedabad,23.027876,72.588665,65.5,MEDIUM,MEDIUM,97.0
ATM100285,Kotak Mahindra Bank,Hyderabad,17.435078,78.5216,35.69,LOW,LOW,79.0
ATM100286,SBI,Hyderabad,17.307917,78.438024,27.95,LOW,LOW,94.0
ATM100287,HDFC Bank,Bangalore,12.995196,77.658285,45.52,MEDIUM,MEDIUM,85.0
ATM100288,Punjab National Bank,Ahmedabad,23.090826,72.501043,59.38,MEDIUM,MEDIUM,98.0
ATM100289,HDFC Bank,Delhi,28.59016,77.145227,33.27,LOW,LOW,92.0
ATM100290,SBI,Delhi,28.574984,77.17458,79.16,HIGH,HIGH,97.0
ATM100291,ICICI Bank,Pune,18.568884,73.862966,49.82,MEDIUM,MEDIUM,88.0
ATM100292,Punjab National Bank,Delhi,28.631553,77.243584,25.1,LOW,LOW,97.0
ATM100293,ICICI Bank,Hyderabad,17.371168,78.426202,75.38,HIGH,HIGH,96.0
ATM100294,SBI,Hyderabad,17.413979,78.43573,62.35,MEDIUM,MEDIUM,95.0
ATM100295,ICICI Bank,Kolkata,22.606047,88.301,60.73,MEDIUM,MEDIUM,95.0
ATM100296,Kotak Mahindra Bank,Nashik,19.95855,73.863868,28.84,LOW,LOW,96.0
ATM100297,Bank of Maharashtra,Nagpur,21.194759,79.096236,83.34,HIGH,HIGH,96.0
ATM100298,ICICI Bank,Ahmedabad,23.043804,72.643625,50.44,MEDIUM,MEDIUM,93.0
ATM100299,HDFC Bank,Delhi,28.66497,77.270473,15.69,LOW,LOW,98.0
ATM100300,SBI,Nagpur,21.099727,79.105957,77.45,HIGH,HIGH,76.0
ATM100301,Axis Bank,Pune,18.574778,73.920704,68.15,MEDIUM,MEDIUM,65.0
ATM100302,HDFC Bank,Mumbai,19.033899,72.922584,26.73,LOW,LOW,98.0
ATM100303,SBI,Mumbai,19.127618,72.865498,51.21,MEDIUM,MEDIUM,97.0
ATM100304,Punjab National Bank,Nashik,19.932786,73.809617,55.11,MEDIUM,MEDIUM,100.0
ATM100305,SBI,Chennai,13.096557,80.217582,81.3,HIGH,HIGH,100.0
ATM100306,Axis Bank,Bangalore,13.029648,77.549278,46.03,MEDIUM,MEDIUM,93.0
ATM100307,Kotak Mahindra Bank,Bangalore,12.895382,77.617315,45.51,MEDIUM,MEDIUM,84.0
ATM100308,Bank of Maharashtra,Hyderabad,17.392472,78.443812,29.91,LOW,LOW,80.0
ATM100309,ICICI Bank,Pune,18.535516,73.856183,52.62,MEDIUM,MEDIUM,93.0
ATM100310,Axis Bank,Hyderabad,17.32683,78.517923,28.2,LOW,LOW,96.0
ATM100311,Kotak Mahindra Bank,Chennai,13.071212,80.305516,66.49,MEDIUM,MEDIUM,97.0
ATM100312,Kotak Mahindra Bank,Ahmedabad,23.101101,72.511943,24.7,LOW,LOW,96.0
ATM100313,ICICI Bank,Mumbai,19.111894,72.890242,27.36,LOW,LOW,98.0
ATM100314,HDFC Bank,Mumbai,19.008707,72.811405,73.28,HIGH,HIGH,85.0
ATM100315,Bank of Maharashtra,Chennai,13.033399,80.242439,61.06,MEDIUM,MEDIUM,98.0
ATM100316,ICICI Bank,Nashik,19.974299,73.720908,71.36,HIGH,HIGH,75.0
ATM100317,Punjab National Bank,Kolkata,22.503418,88.411957,29.22,LOW,LOW,97.0
ATM100318,Punjab National Bank,Hyderabad,17.391402,78.547513,26.66,LOW,LOW,96.0
ATM100319,SBI,Pune,18.525673,73.828593,37.3,LOW,MEDIUM,53.0
ATM100320,ICICI Bank,Nashik,20.024618,73.868862,64.22,MEDIUM,MEDIUM,99.0
ATM100321,HDFC Bank,Chennai,13.091945,80.307604,27.66,LOW,LOW,88.0
ATM100322,HDFC Bank,Pune,18.450023,73.866667,58.32,MEDIUM,MEDIUM,98.0
ATM100323,Bank of Maharashtra,Nagpur,21.093848,79.118601,49.88,MEDIUM,MEDIUM,96.0
ATM100324,Punjab National Bank,Nashik,20.003232,73.725268,69.64,MEDIUM,MEDIUM,54.0
ATM100325,ICICI Bank,Pune,18.561386,73.832311,91.72,HIGH,HIGH,97.0
ATM100326,Axis Bank,Bangalore,13.018872,77.662948,68.43,MEDIUM,MEDIUM,69.0
ATM100327,Axis Bank,Bangalore,12.955491,77.538987,52.59,MEDIUM,MEDIUM,81.0
ATM100328,Kotak Mahindra Bank,Nashik,20.06582,73.796193,32.81,LOW,LOW,93.0
ATM100329,Bank of Maharashtra,Nagpur,21.149153,79.107974,64.77,MEDIUM,MEDIUM,88.0
ATM100330,Kotak Mahindra Bank,Hyderabad,17.425843,78.427134,45.27,MEDIUM,MEDIUM,89.0
ATM100331,ICICI Bank,Kolkata,22.617724,88.397299,51.29,MEDIUM,MEDIUM,92.0
ATM100332,Kotak Mahindra Bank,Delhi,28.582401,77.171098,73.55,HIGH,MEDIUM,54.0
ATM100333,Punjab National Bank,Chennai,13.016723,80.340613,43.77,MEDIUM,MEDIUM,99.0
ATM100334,SBI,Ahmedabad,22.991384,72.554917,69.39,MEDIUM,MEDIUM,73.0
ATM100335,Bank of Maharashtra,Nashik,20.013595,73.792309,48.4,MEDIUM,MEDIUM,97.0
ATM100336,ICICI Bank,Kolkata,22.572114,88.442645,57.94,MEDIUM,MEDIUM,84.0
ATM100337,SBI,Hyderabad,17.338362,78.555595,30.88,LOW,LOW,88.0
ATM100338,Kotak Mahindra Bank,Pune,18.571192,73.8376,69.13,MEDIUM,MEDIUM,88.0
ATM100339,Punjab National Bank,Chennai,13.141589,80.319648,80.28,HIGH,HIGH,79.0
ATM100340,Bank of Maharashtra,Hyderabad,17.353749,78.419647,86.19,HIGH,HIGH,95.0
ATM100341,ICICI Bank,Hyderabad,17.332764,78.517892,66.55,MEDIUM,MEDIUM,97.0
ATM100342,Punjab National Bank,Chennai,13.158798,80.293256,21.86,LOW,LOW,97.0
ATM100343,ICICI Bank,Nagpur,21.087004,79.146122,44.26,MEDIUM,MEDIUM,89.0
ATM100344,SBI,Hyderabad,17.38293,78.5037,70.2,HIGH,HIGH,68.0
ATM100345,ICICI Bank,Pune,18.468374,73.857111,64.17,MEDIUM,MEDIUM,85.0
ATM100346,HDFC Bank,Nashik,19.94092,73.768606,56.91,MEDIUM,MEDIUM,95.0
ATM100347,HDFC Bank,Kolkata,22.49673,88.305527,78.64,HIGH,HIGH,90.0
ATM100348,Axis Bank,Hyderabad,17.392925,78.561232,47.32,MEDIUM,MEDIUM,97.0
ATM100349,Kotak Mahindra Bank,Nagpur,21.115691,79.089183,73.08,HIGH,MEDIUM,52.0
ATM100350,ICICI Bank,Kolkata,22.509506,88.386432,59.61,MEDIUM,MEDIUM,95.0
ATM100351,SBI,Nagpur,21.164934,79.112232,33.12,LOW,LOW,88.0
ATM100352,Bank of Maharashtra,Kolkata,22.502416,88.408822,83.27,HIGH,HIGH,96.0
ATM100353,HDFC Bank,Hyderabad,17.314306,78.565879,66.05,MEDIUM,MEDIUM,99.0
ATM100354,Kotak Mahindra Bank,Nagpur,21.177006,79.165589,36.6,LOW,LOW,81.0
ATM100355,HDFC Bank,Hyderabad,17.32776,78.426122,50.3,MEDIUM,MEDIUM,95.0
ATM100356,SBI,Pune,18.456567,73.887446,64.13,MEDIUM,MEDIUM,90.0
ATM100357,SBI,Nashik,19.999008,73.869271,43.19,MEDIUM,MEDIUM,87.0
ATM100358,Axis Bank,Chennai,13.101135,80.239701,56.42,MEDIUM,MEDIUM,97.0
ATM100359,HDFC Bank,Pune,18.524727,73.844873,59.03,MEDIUM,MEDIUM,98.0
ATM100360,Punjab National Bank,Hyderabad,17.446857,78.478666,64.05,MEDIUM,MEDIUM,87.0
ATM100361,Kotak Mahindra Bank,Nashik,19.976341,73.776061,32.19,LOW,LOW,90.0
ATM100362,Axis Bank,Kolkata,22.609978,88.406989,55.77,MEDIUM,MEDIUM,95.0
ATM100363,SBI,Kolkata,22.559185,88.360915,30.18,LOW,LOW,86.0
ATM100364,HDFC Bank,Nagpur,21.10737,79.129846,20.64,LOW,LOW,93.0
ATM100365,HDFC Bank,Bangalore,12.97725,77.549032,26.28,LOW,LOW,92.0
ATM100366,Axis Bank,Nagpur,21.104392,79.16434,60.96,MEDIUM,MEDIUM,94.0
ATM100367,Axis Bank,Nagpur,21.219332,79.086257,77.03,HIGH,HIGH,90.0
ATM100368,ICICI Bank,Chennai,13.090374,80.2634,47.69,MEDIUM,MEDIUM,98.0
ATM100369,Bank of Maharashtra,Nashik,19.933193,73.787919,52.38,MEDIUM,MEDIUM,99.0
ATM100370,Kotak Mahindra Bank,Kolkata,22.544548,88.401877,87.22,HIGH,HIGH,100.0
ATM100371,Punjab National Bank,Chennai,13.062842,80.253816,46.38,MEDIUM,MEDIUM,100.0
ATM100372,Bank of Maharashtra,Bangalore,13.017203,77.657334,66.24,MEDIUM,MEDIUM,90.0
ATM100373,SBI,Bangalore,13.017505,77.565065,65.22,MEDIUM,MEDIUM,91.0
ATM100374,Axis Bank,Ahmedabad,23.012516,72.532147,48.23,MEDIUM,MEDIUM,96.0
ATM100375,Punjab National Bank,Pune,18.446548,73.920982,56.76,MEDIUM,MEDIUM,95.0
ATM100376,Kotak Mahindra Bank,Nashik,20.019452,73.815297,34.24,LOW,LOW,95.0
ATM100377,SBI,Bangalore,12.993467,77.612829,78.69,HIGH,HIGH,89.0
ATM100378,HDFC Bank,Pune,18.523345,73.800727,89.85,HIGH,HIGH,99.0
ATM100379,Axis Bank,Chennai,13.084656,80.299536,60.27,MEDIUM,MEDIUM,95.0
ATM100380,Bank of Maharashtra,Delhi,28.547467,77.243612,28.32,LOW,LOW,77.0
ATM100381,ICICI Bank,Delhi,28.545301,77.130937,85.45,HIGH,HIGH,99.0
ATM100382,Axis Bank,Bangalore,13.009601,77.57112,30.66,LOW,LOW,96.0
ATM100383,Axis Bank,Pune,18.496353,73.900645,31.38,LOW,LOW,91.0
ATM100384,ICICI Bank,Nashik,19.947131,73.737657,32.1,LOW,LOW,83.0
ATM100385,Punjab National Bank,Pune,18.546048,73.899,45.93,MEDIUM,MEDIUM,95.0
ATM100386,ICICI Bank,Hyderabad,17.308351,78.419847,71.12,HIGH,MEDIUM,66.0
ATM100387,Kotak Mahindra Bank,Pune,18.487671,73.899776,34.62,LOW,LOW,84.0
ATM100388,Axis Bank,Delhi,28.59501,77.16191,75.8,HIGH,HIGH,91.0
ATM100389,Axis Bank,Mumbai,19.094402,72.921641,65.75,MEDIUM,MEDIUM,88.0
ATM100390,Punjab National Bank,Delhi,28.618748,77.135712,68.48,MEDIUM,MEDIUM,83.0
ATM100391,Punjab National Bank,Bangalore,13.019394,77.561452,62.5,MEDIUM,MEDIUM,98.0
ATM100392,HDFC Bank,Pune,18.536701,73.869888,62.77,MEDIUM,MEDIUM,90.0
ATM100393,Punjab National Bank,Nashik,20.047383,73.814837,83.5,HIGH,HIGH,99.0
ATM100394,SBI,Ahmedabad,22.996623,72.639893,56.18,MEDIUM,MEDIUM,96.0
ATM100395,Kotak Mahindra Bank,Pune,18.499947,73.845832,49.12,MEDIUM,MEDIUM,97.0
ATM100396,HDFC Bank,Kolkata,22.59067,88.434792,71.02,HIGH,HIGH,60.0
ATM100397,Punjab National Bank,Kolkata,22.51204,88.315495,39.67,LOW,LOW,91.0
ATM100398,Bank of Maharashtra,Nashik,20.02083,73.755545,70.42,HIGH,MEDIUM,60.0
ATM100399,ICICI Bank,Ahmedabad,23.080319,72.626842,76.45,HIGH,HIGH,91.0
ATM100400,Punjab National Bank,Bangalore,12.931959,77.635407,25.74,LOW,LOW,96.0
ATM100401,Kotak Mahindra Bank,Delhi,28.66862,77.245559,74.94,HIGH,HIGH,76.0
ATM100402,HDFC Bank,Nagpur,21.170786,79.036589,75.95,HIGH,HIGH,50.0
ATM100403,Axis Bank,Pune,18.597947,73.926682,43.09,MEDIUM,MEDIUM,96.0
ATM100404,Punjab National Bank,Mumbai,19.02237,72.818777,73.08,HIGH,HIGH,63.0
ATM100405,HDFC Bank,Delhi,28.664746,77.163162,61.81,MEDIUM,MEDIUM,97.0
ATM100406,Punjab National Bank,Nagpur,21.200312,79.125448,53.05,MEDIUM,MEDIUM,95.0
ATM100407,HDFC Bank,Hyderabad,17.399456,78.488038,51.97,MEDIUM,MEDIUM,97.0
ATM100408,Kotak Mahindra Bank,Delhi,28.624304,77.239222,75.17,HIGH,HIGH,65.0
ATM100409,ICICI Bank,Mumbai,19.097807,72.919479,64.32,MEDIUM,MEDIUM,88.0
ATM100410,ICICI Bank,Pune,18.514249,73.778193,40.66,MEDIUM,MEDIUM,100.0
ATM100411,HDFC Bank,Mumbai,19.112234,72.95639,43.02,MEDIUM,MEDIUM,93.0
ATM100412,SBI,Nashik,19.981739,73.837811,42.08,MEDIUM,MEDIUM,99.0
ATM100413,Kotak Mahindra Bank,Chennai,13.091514,80.307991,31.25,LOW,LOW,95.0
ATM100414,Axis Bank,Hyderabad,17.335084,78.463562,48.89,MEDIUM,MEDIUM,87.0
ATM100415,Bank of Maharashtra,Nashik,20.006176,73.710637,66.55,MEDIUM,MEDIUM,81.0
ATM100416,SBI,Hyderabad,17.31065,78.526017,82.6,HIGH,HIGH,93.0
ATM100417,HDFC Bank,Nagpur,21.219092,79.067071,37.41,LOW,LOW,84.0
ATM100418,Bank of Maharashtra,Mumbai,19.019822,72.846597,48.57,MEDIUM,MEDIUM,95.0
ATM100419,Kotak Mahindra Bank,Hyderabad,17.464413,78.46563,24.01,LOW,LOW,99.0
ATM100420,ICICI Bank,Delhi,28.649431,77.270791,33.7,LOW,LOW,97.0
ATM100421,Bank of Maharashtra,Delhi,28.596544,77.195019,43.69,MEDIUM,MEDIUM,81.0
ATM100422,HDFC Bank,Kolkata,22.493115,88.383034,68.23,MEDIUM,MEDIUM,73.0
ATM100423,Axis Bank,Bangalore,13.018672,77.529479,49.83,MEDIUM,MEDIUM,90.0
ATM100424,SBI,Nashik,19.994456,73.812572,53.26,MEDIUM,MEDIUM,99.0
ATM100425,Bank of Maharashtra,Nashik,20.010297,73.799638,44.98,MEDIUM,MEDIUM,90.0
ATM100426,Axis Bank,Bangalore,12.988158,77.622835,69.3,MEDIUM,MEDIUM,88.0
ATM100427,Punjab National Bank,Mumbai,19.039171,72.929708,83.99,HIGH,HIGH,97.0
ATM100428,Punjab National Bank,Nagpur,21.078129,79.017568,19.37,LOW,LOW,95.0
ATM100429,Axis Bank,Mumbai,19.121584,72.910929,90.77,HIGH,HIGH,100.0
ATM100430,ICICI Bank,Chennai,13.085463,80.261132,28.29,LOW,LOW,75.0
ATM100431,Kotak Mahindra Bank,Bangalore,12.944111,77.584043,48.12,MEDIUM,MEDIUM,90.0
ATM100432,Kotak Mahindra Bank,Bangalore,12.926898,77.610316,22.72,LOW,LOW,98.0
ATM100433,Kotak Mahindra Bank,Ahmedabad,23.102236,72.640698,70.89,HIGH,HIGH,73.0
ATM100434,Bank of Maharashtra,Nashik,19.9849,73.811588,21.02,LOW,LOW,99.0
ATM100435,HDFC Bank,Hyderabad,17.323934,78.472285,86.02,HIGH,HIGH,92.0
ATM100436,Bank of Maharashtra,Hyderabad,17.366413,78.4982,79.88,HIGH,HIGH,92.0
ATM100437,Bank of Maharashtra,Nashik,19.947016,73.767758,46.07,MEDIUM,MEDIUM,98.0
ATM100438,Bank of Maharashtra,Hyderabad,17.309191,78.410571,43.39,MEDIUM,MEDIUM,90.0
ATM100439,Bank of Maharashtra,Ahmedabad,22.986191,72.574293,57.49,MEDIUM,MEDIUM,91.0
ATM100440,Kotak Mahindra Bank,Bangalore,13.042109,77.556087,29.02,LOW,LOW,97.0
ATM100441,Bank of Maharashtra,Nashik,20.057137,73.844509,58.01,MEDIUM,MEDIUM,97.0
ATM100442,SBI,Ahmedabad,23.070923,72.56471,65.02,MEDIUM,MEDIUM,93.0
ATM100443,ICICI Bank,Delhi,28.555257,77.141896,33.61,LOW,LOW,81.0
ATM100444,SBI,Kolkata,22.572034,88.353796,77.93,HIGH,HIGH,71.0
ATM100445,HDFC Bank,Hyderabad,17.427482,78.432125,36.56,LOW,MEDIUM,51.0
ATM100446,SBI,Bangalore,12.913257,77.63482,70.3,HIGH,HIGH,51.0
ATM100447,ICICI Bank,Delhi,28.686958,77.140033,57.64,MEDIUM,MEDIUM,98.0
ATM100448,Punjab National Bank,Nagpur,21.11095,79.050073,49.23,MEDIUM,MEDIUM,94.0
ATM100449,ICICI Bank,Hyderabad,17.450001,78.446627,20.13,LOW,LOW,99.0
ATM100450,Kotak Mahindra Bank,Kolkata,22.614104,88.355858,74.63,HIGH,HIGH,90.0
ATM100451,Axis Bank,Bangalore,12.902059,77.592611,44.35,MEDIUM,MEDIUM,87.0
ATM100452,ICICI Bank,Ahmedabad,22.952525,72.63643,44.27,MEDIUM,MEDIUM,97.0
ATM100453,Punjab National Bank,Kolkata,22.577787,88.349675,21.51,LOW,LOW,96.0
ATM100454,Kotak Mahindra Bank,Hyderabad,17.448973,78.410192,77.35,HIGH,HIGH,86.0
ATM100455,Axis Bank,Bangalore,13.045743,77.604227,56.6,MEDIUM,MEDIUM,87.0
ATM100456,Bank of Maharashtra,Chennai,13.011061,80.257707,47.57,MEDIUM,MEDIUM,100.0
ATM100457,Bank of Maharashtra,Pune,18.557331,73.933708,80.56,HIGH,HIGH,91.0
ATM100458,Bank of Maharashtra,Delhi,28.638568,77.160696,47.15,MEDIUM,MEDIUM,99.0
ATM100459,HDFC Bank,Ahmedabad,23.016729,72.646921,91.03,HIGH,HIGH,100.0
ATM100460,Punjab National Bank,Hyderabad,17.360921,78.424955,80.25,HIGH,HIGH,81.0
ATM100461,ICICI Bank,Pune,18.476451,73.816855,63.93,MEDIUM,MEDIUM,90.0
ATM100462,Kotak Mahindra Bank,Kolkata,22.582396,88.367643,67.81,MEDIUM,MEDIUM,75.0
ATM100463,Kotak Mahindra Bank,Bangalore,13.029222,77.63025,87.06,HIGH,HIGH,92.0
ATM100464,HDFC Bank,Nagpur,21.179054,79.095166,57.37,MEDIUM,MEDIUM,95.0
ATM100465,Kotak Mahindra Bank,Nagpur,21.139128,79.085751,71.36,HIGH,HIGH,61.0
ATM100466,SBI,Pune,18.591712,73.912696,31.73,LOW,LOW,87.0
ATM100467,HDFC Bank,Nashik,19.991467,73.775682,31.76,LOW,LOW,98.0
ATM100468,Axis Bank,Mumbai,19.083269,72.807664,65.41,MEDIUM,MEDIUM,83.0
ATM100469,HDFC Bank,Pune,18.569425,73.850178,52.66,MEDIUM,MEDIUM,97.0
ATM100470,Punjab National Bank,Nagpur,21.191605,79.040418,60.29,MEDIUM,MEDIUM,94.0
ATM100471,HDFC Bank,Kolkata,22.518953,88.336734,39.68,LOW,LOW,82.0
ATM100472,Axis Bank,Nashik,20.000602,73.742581,73.83,HIGH,HIGH,81.0
ATM100473,Bank of Maharashtra,Chennai,13.143433,80.329993,70.59,HIGH,HIGH,89.0
ATM100474,Kotak Mahindra Bank,Chennai,13.074898,80.348298,56.11,MEDIUM,MEDIUM,93.0
ATM100475,SBI,Mumbai,19.000347,72.808133,46.44,MEDIUM,MEDIUM,100.0
ATM100476,SBI,Delhi,28.679375,77.215192,67.49,MEDIUM,MEDIUM,80.0
ATM100477,SBI,Kolkata,22.509476,88.388985,86.06,HIGH,HIGH,96.0
ATM100478,ICICI Bank,Bangalore,12.952467,77.638698,85.67,HIGH,HIGH,97.0
ATM100479,ICICI Bank,Pune,18.473003,73.860433,61.56,MEDIUM,MEDIUM,94.0
ATM100480,Kotak Mahindra Bank,Ahmedabad,23.069357,72.583815,20.87,LOW,LOW,97.0
ATM100481,ICICI Bank,Nashik,20.045166,73.773155,61.54,MEDIUM,MEDIUM,95.0
ATM100482,Axis Bank,Delhi,28.619185,77.154273,80.18,HIGH,HIGH,91.0
ATM100483,HDFC Bank,Chennai,13.129622,80.241382,84.94,HIGH,HIGH,99.0
ATM100484,SBI,Bangalore,13.036583,77.558905,30.81,LOW,LOW,93.0
ATM100485,Axis Bank,Nashik,19.940014,73.742123,78.03,HIGH,HIGH,95.0
ATM100486,SBI,Chennai,13.145738,80.295387,78.72,HIGH,HIGH,92.0
ATM100487,Bank of Maharashtra,Nashik,19.987952,73.808248,15.7,LOW,LOW,96.0
ATM100488,Axis Bank,Delhi,28.675087,77.257577,94.55,HIGH,HIGH,99.0
ATM100489,Kotak Mahindra Bank,Bangalore,13.04634,77.581442,67.51,MEDIUM,MEDIUM,97.0
ATM100490,HDFC Bank,Chennai,13.109567,80.292247,69.36,MEDIUM,MEDIUM,78.0
ATM100491,HDFC Bank,Delhi,28.675008,77.197398,59.66,MEDIUM,MEDIUM,85.0
ATM100492,SBI,Nagpur,21.067817,79.097761,63.83,MEDIUM,MEDIUM,85.0
ATM100493,Punjab National Bank,Kolkata,22.607697,88.426341,48.19,MEDIUM,MEDIUM,86.0
ATM100494,Bank of Maharashtra,Nashik,20.034539,73.739786,95.2,HIGH,HIGH,94.0
ATM100495,HDFC Bank,Ahmedabad,23.07355,72.577927,45.9,MEDIUM,MEDIUM,97.0
ATM100496,Bank of Maharashtra,Nagpur,21.116096,79.083587,42.74,MEDIUM,MEDIUM,95.0
ATM100497,Kotak Mahindra Bank,Ahmedabad,23.015982,72.548648,69.84,MEDIUM,MEDIUM,88.0
ATM100498,SBI,Hyderabad,17.43752,78.460333,42.58,MEDIUM,MEDIUM,60.0
ATM100499,SBI,Mumbai,19.109922,72.929857,17.25,LOW,LOW,98.0
ATM100500,SBI,Nagpur,21.10418,79.030916,51.86,MEDIUM,MEDIUM,94.0
