case_id,caller_id,timestamp,tower_id,city,estimated_accuracy_km,source_type
CASE-001,CALLER-001,2026-09-24 11:00:00,TWR-AHM-001,Ahmedabad,3.0,SIMULATED_FOR_SIH_PROTOTYPE
CASE-002,CALLER-002,2026-09-24 11:00:00,TWR-BAN-001,Bangalore,3.0,SIMULATED_FOR_SIH_PROTOTYPE
CASE-003,CALLER-003,2026-09-24 11:00:00,TWR-CHE-001,Chennai,3.0,SIMULATED_FOR_SIH_PROTOTYPE
CASE-004,CALLER-004,2026-09-24 11:00:00,TWR-DEL-001,Delhi,3.0,SIMULATED_FOR_SIH_PROTOTYPE
CASE-005,CALLER-005,2026-09-24 11:00:00,TWR-HYD-001,Hyderabad,3.0,SIMULATED_FOR_SIH_PROTOTYPE
CASE-006,CALLER-006,2026-09-24 11:00:00,TWR-KOL-001,Kolkata,3.0,SIMULATED_FOR_SIH_PROTOTYPE
CASE-007,CALLER-007,2026-09-24 11:00:00,TWR-MUM-001,Mumbai,3.0,SIMULATED_FOR_SIH_PROTOTYPE
CASE-008,CALLER-008,2026-09-24 11:00:00,TWR-NAG-001,Nagpur,3.0,SIMULATED_FOR_SIH_PROTOTYPE
CASE-009,CALLER-009,2026-09-24 11:00:00,TWR-NAS-001,Nashik,3.0,SIMULATED_FOR_SIH_PROTOTYPE
CASE-010,CALLER-010,2026-09-24 11:00:00,TWR-PUN-001,Pune,3.0,SIMULATED_FOR_SIH_PROTOTYPE
