tower_id,city,latitude,longitude,source_type
TWR-BAN-001,Bangalore,12.9896,77.6096,SIMULATED_FOR_SIH_PROTOTYPE
TWR-BAN-002,Bangalore,12.9576,77.6146,SIMULATED_FOR_SIH_PROTOTYPE
TWR-BAN-003,Bangalore,12.9816,77.5766,SIMULATED_FOR_SIH_PROTOTYPE
TWR-PUN-001,Pune,18.5384,73.8717,SIMULATED_FOR_SIH_PROTOTYPE
TWR-PUN-002,Pune,18.5064,73.8767,SIMULATED_FOR_SIH_PROTOTYPE
TWR-PUN-003,Pune,18.5304,73.8387,SIMULATED_FOR_SIH_PROTOTYPE
TWR-MUM-001,Mumbai,19.094,72.8927,SIMULATED_FOR_SIH_PROTOTYPE
TWR-MUM-002,Mumbai,19.062,72.8977,SIMULATED_FOR_SIH_PROTOTYPE
TWR-MUM-003,Mumbai,19.086,72.8597,SIMULATED_FOR_SIH_PROTOTYPE
TWR-DEL-001,Delhi,28.6319,77.224,SIMULATED_FOR_SIH_PROTOTYPE
TWR-DEL-002,Delhi,28.5999,77.229,SIMULATED_FOR_SIH_PROTOTYPE
TWR-DEL-003,Delhi,28.6239,77.191,SIMULATED_FOR_SIH_PROTOTYPE
TWR-HYD-001,Hyderabad,17.403,78.5017,SIMULATED_FOR_SIH_PROTOTYPE
TWR-HYD-002,Hyderabad,17.371,78.5067,SIMULATED_FOR_SIH_PROTOTYPE
TWR-HYD-003,Hyderabad,17.395,78.4687,SIMULATED_FOR_SIH_PROTOTYPE
TWR-CHE-001,Chennai,13.1007,80.2857,SIMULATED_FOR_SIH_PROTOTYPE
TWR-CHE-002,Chennai,13.0687,80.2907,SIMULATED_FOR_SIH_PROTOTYPE
TWR-CHE-003,Chennai,13.0927,80.2527,SIMULATED_FOR_SIH_PROTOTYPE
TWR-KOL-001,Kolkata,22.5906,88.3789,SIMULATED_FOR_SIH_PROTOTYPE
TWR-KOL-002,Kolkata,22.5586,88.3839,SIMULATED_FOR_SIH_PROTOTYPE
TWR-KOL-003,Kolkata,22.5826,88.3459,SIMULATED_FOR_SIH_PROTOTYPE
TWR-AHM-001,Ahmedabad,23.0405,72.5864,SIMULATED_FOR_SIH_PROTOTYPE
TWR-AHM-002,Ahmedabad,23.0085,72.5914,SIMULATED_FOR_SIH_PROTOTYPE
TWR-AHM-003,Ahmedabad,23.0325,72.5534,SIMULATED_FOR_SIH_PROTOTYPE
TWR-NAG-001,Nagpur,21.1638,79.1032,SIMULATED_FOR_SIH_PROTOTYPE
TWR-NAG-002,Nagpur,21.1318,79.1082,SIMULATED_FOR_SIH_PROTOTYPE
TWR-NAG-003,Nagpur,21.1558,79.0702,SIMULATED_FOR_SIH_PROTOTYPE
TWR-NAS-001,Nashik,20.0155,73.8048,SIMULATED_FOR_SIH_PROTOTYPE
TWR-NAS-002,Nashik,19.9835,73.8098,SIMULATED_FOR_SIH_PROTOTYPE
TWR-NAS-003,Nashik,20.0075,73.7718,SIMULATED_FOR_SIH_PROTOTYPE
