incident_id,date,time,state,city,area,crime_type,latitude,longitude,risk_level,source_type
FRD-00001,2026-01-24,18:39,West Bengal,Kolkata,Kolkata Zone 3,UPI Fraud,22.621265,88.383577,HIGH,SIMULATED_FOR_SIH_PROTOTYPE
FRD-00002,2026-08-18,17:45,Telangana,Hyderabad,Hyderabad Zone 4,Phishing,17.410226,78.400798,MEDIUM,SIMULATED_FOR_SIH_PROTOTYPE
FRD-00003,2026-02-18,22:46,Maharashtra,Pune,Pune Zone 4,UPI Fraud,18.452158,73.91067,MEDIUM,SIMULATED_FOR_SIH_PROTOTYPE
FRD-00004,2026-08-08,21:03,Maharashtra,Nagpur,Nagpur Zone 5,Identity Theft,21.194724,79.110821,MEDIUM,SIMULATED_FOR_SIH_PROTOTYPE
FRD-00005,2026-01-19,23:26,Tamil Nadu,Chennai,Chennai Zone 5,Phishing,13.104661,80.346981,LOW,SIMULATED_FOR_SIH_PROTOTYPE
FRD-00006,2026-07-27,13:09,Maharashtra,Pune,Pune Zone 4,Phishing,18.525647,73.840955,MEDIUM,SIMULATED_FOR_SIH_PROTOTYPE
FRD-00007,2026-08-30,08:04,Maharashtra,Pune,Pune Zone 3,Phishing,18.521978,73.790645,LOW,SIMULATED_FOR_SIH_PROTOTYPE
FRD-00008,2026-02-20,13:40,Delhi,Delhi,Delhi Zone 5,UPI Fraud,28.546339,77.216417,HIGH,SIMULATED_FOR_SIH_PROTOTYPE
FRD-00009,2026-08-13,09:53,Gujarat,Ahmedabad,Ahmedabad Zone 2,Card Skimming,23.029085,72.570069,LOW,SIMULATED_FOR_SIH_PROTOTYPE
FRD-00010,2026-07-02,19:47,Karnataka,Bangalore,Bangalore Zone 4,Phishing,12.884573,77.588775,MEDIUM,SIMULATED_FOR_SIH_PROTOTYPE
FRD-00011,2026-05-15,13:02,Gujarat,Ahmedabad,Ahmedabad Zone 1,Card Skimming,23.021192,72.594477,MEDIUM,SIMULATED_FOR_SIH_PROTOTYPE
FRD-00012,2026-01-31,01:45,Telangana,Hyderabad,Hyderabad Zone 3,Phishing,17.451015,78.53949,MEDIUM,SIMULATED_FOR_SIH_PROTOTYPE
FRD-00013,2026-06-10,00:20,Telangana,Hyderabad,Hyderabad Zone 3,Identity Theft,17.39716,78.47273,LOW,SIMULATED_FOR_SIH_PROTOTYPE
FRD-00014,2026-02-27,19:03,Telangana,Hyderabad,Hyderabad Zone 5,Card Skimming,17.401156,78.457876,MEDIUM,SIMULATED_FOR_SIH_PROTOTYPE
FRD-00015,2026-05-15,18:59,Karnataka,Bangalore,Bangalore Zone 4,UPI Fraud,13.022684,77.649391,LOW,SIMULATED_FOR_SIH_PROTOTYPE
FRD-00016,2026-04-19,02:05,Maharashtra,Mumbai,Mumbai Zone 4,Phishing,19.100246,72.916008,MEDIUM,SIMULATED_FOR_SIH_PROTOTYPE
FRD-00017,2026-09-08,03:29,Maharashtra,Nagpur,Nagpur Zone 4,UPI Fraud,21.114914,79.078507,MEDIUM,SIMULATED_FOR_SIH_PROTOTYPE
FRD-00018,2026-04-30,14:21,Maharashtra,Pune,Pune Zone 5,ATM Fraud,18.569564,73.864611,HIGH,SIMULATED_FOR_SIH_PROTOTYPE
FRD-00019,2026-05-13,16:27,West Bengal,Kolkata,Kolkata Zone 2,Phishing,22.499143,88.420807,MEDIUM,SIMULATED_FOR_SIH_PROTOTYPE
FRD-00020,2026-09-16,17:16,Maharashtra,Mumbai,Mumbai Zone 1,ATM Fraud,19.093739,72.929563,LOW,SIMULATED_FOR_SIH_PROTOTYPE
FRD-00021,2026-07-12,07:48,Delhi,Delhi,Delhi Zone 3,UPI Fraud,28.657655,77.198264,HIGH,SIMULATED_FOR_SIH_PROTOTYPE
FRD-00022,2026-02-17,15:25,Maharashtra,Nagpur,Nagpur Zone 2,Phishing,21.087038,79.094889,LOW,SIMULATED_FOR_SIH_PROTOTYPE
FRD-00023,2026-07-22,09:47,Gujarat,Ahmedabad,Ahmedabad Zone 1,ATM Fraud,23.013287,72.633815,LOW,SIMULATED_FOR_SIH_PROTOTYPE
FRD-00024,2026-05-12,04:35,Maharashtra,Nashik,Nashik Zone 4,ATM Fraud,19.987889,73.864593,MEDIUM,SIMULATED_FOR_SIH_PROTOTYPE
FRD-00025,2026-06-13,14:17,Maharashtra,Nashik,Nashik Zone 1,ATM Fraud,20.009752,73.751671,LOW,SIMULATED_FOR_SIH_PROTOTYPE
FRD-00026,2026-09-13,06:29,West Bengal,Kolkata,Kolkata Zone 4,UPI Fraud,22.587369,88.355769,MEDIUM,SIMULATED_FOR_SIH_PROTOTYPE
FRD-00027,2026-08-04,06:57,Telangana,Hyderabad,Hyderabad Zone 2,UPI Fraud,17.430175,78.458644,HIGH,SIMULATED_FOR_SIH_PROTOTYPE
FRD-00028,2026-05-20,00:53,Karnataka,Bangalore,Bangalore Zone 3,ATM Fraud,12.900407,77.585311,MEDIUM,SIMULATED_FOR_SIH_PROTOTYPE
FRD-00029,2026-02-01,06:14,Telangana,Hyderabad,Hyderabad Zone 4,Phishing,17.403067,78.457749,HIGH,SIMULATED_FOR_SIH_PROTOTYPE
FRD-00030,2026-07-14,23:13,Maharashtra,Nashik,Nashik Zone 2,ATM Fraud,20.004892,73.817851,HIGH,SIMULATED_FOR_SIH_PROTOTYPE
FRD-00031,2026-05-03,19:57,Delhi,Delhi,Delhi Zone 2,Card Skimming,28.683994,77.213312,MEDIUM,SIMULATED_FOR_SIH_PROTOTYPE
FRD-00032,2026-09-12,23:56,Telangana,Hyderabad,Hyderabad Zone 1,ATM Fraud,17.332902,78.540888,HIGH,SIMULATED_FOR_SIH_PROTOTYPE
FRD-00033,2026-02-10,21:05,Maharashtra,Nashik,Nashik Zone 4,Identity Theft,20.055713,73.847939,MEDIUM,SIMULATED_FOR_SIH_PROTOTYPE
FRD-00034,2026-08-26,00:46,Gujarat,Ahmedabad,Ahmedabad Zone 2,Phishing,22.972892,72.618309,HIGH,SIMULATED_FOR_SIH_PROTOTYPE
FRD-00035,2026-04-12,06:00,Telangana,Hyderabad,Hyderabad Zone 5,Identity Theft,17.341096,78.451841,LOW,SIMULATED_FOR_SIH_PROTOTYPE
FRD-00036,2026-03-06,17:10,Gujarat,Ahmedabad,Ahmedabad Zone 2,UPI Fraud,22.978099,72.54418,HIGH,SIMULATED_FOR_SIH_PROTOTYPE
FRD-00037,2026-03-27,23:29,Maharashtra,Pune,Pune Zone 3,UPI Fraud,18.5183,73.795083,LOW,SIMULATED_FOR_SIH_PROTOTYPE
FRD-00038,2026-02-08,00:40,Gujarat,Ahmedabad,Ahmedabad Zone 5,ATM Fraud,23.079801,72.632659,MEDIUM,SIMULATED_FOR_SIH_PROTOTYPE
FRD-00039,2026-04-22,04:51,Karnataka,Bangalore,Bangalore Zone 5,ATM Fraud,12.958517,77.529027,LOW,SIMULATED_FOR_SIH_PROTOTYPE
FRD-00040,2026-07-11,13:55,Karnataka,Bangalore,Bangalore Zone 1,Card Skimming,13.047168,77.606984,MEDIUM,SIMULATED_FOR_SIH_PROTOTYPE
FRD-00041,2026-03-25,22:31,Maharashtra,Pune,Pune Zone 2,Identity Theft,18.543362,73.90191,MEDIUM,SIMULATED_FOR_SIH_PROTOTYPE
FRD-00042,2026-09-04,20:06,Tamil Nadu,Chennai,Chennai Zone 4,ATM Fraud,13.151727,80.23975,MEDIUM,SIMULATED_FOR_SIH_PROTOTYPE
FRD-00043,2026-02-18,22:44,Tamil Nadu,Chennai,Chennai Zone 5,UPI Fraud,13.13865,80.299174,LOW,SIMULATED_FOR_SIH_PROTOTYPE
FRD-00044,2026-05-05,06:49,Maharashtra,Mumbai,Mumbai Zone 2,Phishing,19.097403,72.906737,MEDIUM,SIMULATED_FOR_SIH_PROTOTYPE
FRD-00045,2026-09-07,20:45,Maharashtra,Pune,Pune Zone 4,Card Skimming,18.515232,73.918592,HIGH,SIMULATED_FOR_SIH_PROTOTYPE
FRD-00046,2026-04-21,06:27,Maharashtra,Nagpur,Nagpur Zone 3,Card Skimming,21.089259,79.110602,HIGH,SIMULATED_FOR_SIH_PROTOTYPE
FRD-00047,2026-09-14,02:52,West Bengal,Kolkata,Kolkata Zone 1,UPI Fraud,22.600046,88.395969,MEDIUM,SIMULATED_FOR_SIH_PROTOTYPE
FRD-00048,2026-06-08,22:08,Maharashtra,Mumbai,Mumbai Zone 5,Identity Theft,19.069287,72.874404,LOW,SIMULATED_FOR_SIH_PROTOTYPE
FRD-00049,2026-05-02,02:32,Telangana,Hyderabad,Hyderabad Zone 1,Phishing,17.313436,78.519353,MEDIUM,SIMULATED_FOR_SIH_PROTOTYPE
FRD-00050,2026-01-15,12:40,Maharashtra,Nagpur,Nagpur Zone 5,Card Skimming,21.161937,79.143531,HIGH,SIMULATED_FOR_SIH_PROTOTYPE
FRD-00051,2026-07-31,20:32,Maharashtra,Pune,Pune Zone 1,UPI Fraud,18.478231,73.826802,MEDIUM,SIMULATED_FOR_SIH_PROTOTYPE
FRD-00052,2026-02-18,22:24,Karnataka,Bangalore,Bangalore Zone 2,ATM Fraud,12.956434,77.652159,LOW,SIMULATED_FOR_SIH_PROTOTYPE
FRD-00053,2026-04-18,22:41,Telangana,Hyderabad,Hyderabad Zone 1,Identity Theft,17.395083,78.543626,HIGH,SIMULATED_FOR_SIH_PROTOTYPE
FRD-00054,2026-08-14,13:46,Maharashtra,Mumbai,Mumbai Zone 4,Phishing,19.108728,72.955148,MEDIUM,SIMULATED_FOR_SIH_PROTOTYPE
FRD-00055,2026-03-28,12:58,Telangana,Hyderabad,Hyderabad Zone 5,Identity Theft,17.377872,78.563729,MEDIUM,SIMULATED_FOR_SIH_PROTOTYPE
FRD-00056,2026-05-04,01:08,Maharashtra,Nagpur,Nagpur Zone 3,UPI Fraud,21.133443,79.114911,MEDIUM,SIMULATED_FOR_SIH_PROTOTYPE
FRD-00057,2026-05-15,08:44,Karnataka,Bangalore,Bangalore Zone 2,UPI Fraud,13.020371,77.659027,HIGH,SIMULATED_FOR_SIH_PROTOTYPE
FRD-00058,2026-04-12,16:54,West Bengal,Kolkata,Kolkata Zone 5,UPI Fraud,22.582181,88.355064,HIGH,SIMULATED_FOR_SIH_PROTOTYPE
FRD-00059,2026-05-11,15:12,Maharashtra,Pune,Pune Zone 5,UPI Fraud,18.552396,73.905951,HIGH,SIMULATED_FOR_SIH_PROTOTYPE
FRD-00060,2026-05-23,00:12,Telangana,Hyderabad,Hyderabad Zone 3,Phishing,17.435547,78.484304,LOW,SIMULATED_FOR_SIH_PROTOTYPE
FRD-00061,2026-06-16,17:34,Gujarat,Ahmedabad,Ahmedabad Zone 1,UPI Fraud,23.072747,72.563863,HIGH,SIMULATED_FOR_SIH_PROTOTYPE
FRD-00062,2026-09-07,09:35,Maharashtra,Mumbai,Mumbai Zone 3,Phishing,19.126516,72.813879,MEDIUM,SIMULATED_FOR_SIH_PROTOTYPE
FRD-00063,2026-07-12,14:03,Maharashtra,Nashik,Nashik Zone 1,UPI Fraud,19.995404,73.739132,MEDIUM,SIMULATED_FOR_SIH_PROTOTYPE
FRD-00064,2026-06-14,11:27,Karnataka,Bangalore,Bangalore Zone 4,UPI Fraud,13.037447,77.563872,MEDIUM,SIMULATED_FOR_SIH_PROTOTYPE
FRD-00065,2026-03-04,14:08,Maharashtra,Nashik,Nashik Zone 5,Identity Theft,19.931318,73.774415,MEDIUM,SIMULATED_FOR_SIH_PROTOTYPE
FRD-00066,2026-02-01,17:25,Maharashtra,Nashik,Nashik Zone 5,Phishing,19.951252,73.759302,HIGH,SIMULATED_FOR_SIH_PROTOTYPE
FRD-00067,2026-08-07,18:38,Gujarat,Ahmedabad,Ahmedabad Zone 2,Phishing,22.950755,72.6346,LOW,SIMULATED_FOR_SIH_PROTOTYPE
FRD-00068,2026-04-08,02:56,Maharashtra,Mumbai,Mumbai Zone 3,UPI Fraud,19.143639,72.905898,MEDIUM,SIMULATED_FOR_SIH_PROTOTYPE
FRD-00069,2026-09-11,22:21,Maharashtra,Mumbai,Mumbai Zone 4,Phishing,19.132839,72.892412,HIGH,SIMULATED_FOR_SIH_PROTOTYPE
FRD-00070,2026-05-08,20:57,Maharashtra,Pune,Pune Zone 3,ATM Fraud,18.564633,73.867426,LOW,SIMULATED_FOR_SIH_PROTOTYPE
FRD-00071,2026-05-08,14:01,Telangana,Hyderabad,Hyderabad Zone 4,UPI Fraud,17.330021,78.546652,MEDIUM,SIMULATED_FOR_SIH_PROTOTYPE
FRD-00072,2026-01-04,23:27,Tamil Nadu,Chennai,Chennai Zone 2,UPI Fraud,13.164074,80.299546,HIGH,SIMULATED_FOR_SIH_PROTOTYPE
FRD-00073,2026-05-26,02:23,Karnataka,Bangalore,Bangalore Zone 5,ATM Fraud,12.95773,77.55812,LOW,SIMULATED_FOR_SIH_PROTOTYPE
FRD-00074,2026-08-23,15:59,Maharashtra,Pune,Pune Zone 1,Phishing,18.570543,73.872088,HIGH,SIMULATED_FOR_SIH_PROTOTYPE
FRD-00075,2026-08-19,00:14,Telangana,Hyderabad,Hyderabad Zone 2,UPI Fraud,17.393763,78.557359,HIGH,SIMULATED_FOR_SIH_PROTOTYPE
FRD-00076,2026-02-08,06:39,Tamil Nadu,Chennai,Chennai Zone 5,ATM Fraud,13.095146,80.227536,MEDIUM,SIMULATED_FOR_SIH_PROTOTYPE
FRD-00077,2026-09-19,19:57,Maharashtra,Pune,Pune Zone 2,Card Skimming,18.449316,73.890948,HIGH,SIMULATED_FOR_SIH_PROTOTYPE
FRD-00078,2026-08-15,02:46,Tamil Nadu,Chennai,Chennai Zone 5,Phishing,13.108174,80.214708,LOW,SIMULATED_FOR_SIH_PROTOTYPE
FRD-00079,2026-07-06,12:32,Tamil Nadu,Chennai,Chennai Zone 4,UPI Fraud,13.001012,80.250574,HIGH,SIMULATED_FOR_SIH_PROTOTYPE
FRD-00080,2026-06-18,01:11,Maharashtra,Pune,Pune Zone 1,Card Skimming,18.601355,73.933345,MEDIUM,SIMULATED_FOR_SIH_PROTOTYPE
FRD-00081,2026-05-16,01:04,Maharashtra,Nashik,Nashik Zone 4,ATM Fraud,20.058127,73.840733,LOW,SIMULATED_FOR_SIH_PROTOTYPE
FRD-00082,2026-01-12,08:05,Maharashtra,Nagpur,Nagpur Zone 4,ATM Fraud,21.120391,79.143176,HIGH,SIMULATED_FOR_SIH_PROTOTYPE
FRD-00083,2026-03-09,15:52,Karnataka,Bangalore,Bangalore Zone 3,UPI Fraud,12.968315,77.634585,MEDIUM,SIMULATED_FOR_SIH_PROTOTYPE
FRD-00084,2026-02-08,12:41,Delhi,Delhi,Delhi Zone 2,Phishing,28.648716,77.219999,MEDIUM,SIMULATED_FOR_SIH_PROTOTYPE
FRD-00085,2026-07-04,09:54,Maharashtra,Pune,Pune Zone 3,ATM Fraud,18.450856,73.868589,MEDIUM,SIMULATED_FOR_SIH_PROTOTYPE
FRD-00086,2026-02-01,14:25,West Bengal,Kolkata,Kolkata Zone 4,Phishing,22.593647,88.328929,MEDIUM,SIMULATED_FOR_SIH_PROTOTYPE
FRD-00087,2026-08-13,05:56,Delhi,Delhi,Delhi Zone 3,Phishing,28.64834,77.146296,MEDIUM,SIMULATED_FOR_SIH_PROTOTYPE
FRD-00088,2026-03-26,03:13,Maharashtra,Nashik,Nashik Zone 1,UPI Fraud,20.010349,73.705752,MEDIUM,SIMULATED_FOR_SIH_PROTOTYPE
FRD-00089,2026-06-06,15:36,Maharashtra,Mumbai,Mumbai Zone 2,Card Skimming,19.12466,72.876539,MEDIUM,SIMULATED_FOR_SIH_PROTOTYPE
FRD-00090,2026-07-30,12:21,Maharashtra,Pune,Pune Zone 5,UPI Fraud,18.493962,73.789509,HIGH,SIMULATED_FOR_SIH_PROTOTYPE
FRD-00091,2026-08-16,12:44,Karnataka,Bangalore,Bangalore Zone 3,Card Skimming,13.014765,77.560902,MEDIUM,SIMULATED_FOR_SIH_PROTOTYPE
FRD-00092,2026-08-02,00:06,Tamil Nadu,Chennai,Chennai Zone 1,ATM Fraud,13.156456,80.334391,MEDIUM,SIMULATED_FOR_SIH_PROTOTYPE
FRD-00093,2026-05-31,08:29,West Bengal,Kolkata,Kolkata Zone 1,Phishing,22.537208,88.356888,HIGH,SIMULATED_FOR_SIH_PROTOTYPE
FRD-00094,2026-03-25,16:51,Maharashtra,Pune,Pune Zone 3,Card Skimming,18.572128,73.823677,LOW,SIMULATED_FOR_SIH_PROTOTYPE
FRD-00095,2026-05-16,08:30,Karnataka,Bangalore,Bangalore Zone 5,ATM Fraud,12.932117,77.603601,MEDIUM,SIMULATED_FOR_SIH_PROTOTYPE
FRD-00096,2026-09-23,03:42,Telangana,Hyderabad,Hyderabad Zone 4,Card Skimming,17.394119,78.560199,LOW,SIMULATED_FOR_SIH_PROTOTYPE
FRD-00097,2026-07-21,12:28,Maharashtra,Mumbai,Mumbai Zone 1,Phishing,19.053889,72.969,MEDIUM,SIMULATED_FOR_SIH_PROTOTYPE
FRD-00098,2026-02-14,04:50,Tamil Nadu,Chennai,Chennai Zone 5,Identity Theft,13.017061,80.335533,MEDIUM,SIMULATED_FOR_SIH_PROTOTYPE
FRD-00099,2026-03-29,01:50,Gujarat,Ahmedabad,Ahmedabad Zone 4,ATM Fraud,23.004968,72.569952,LOW,SIMULATED_FOR_SIH_PROTOTYPE
FRD-00100,2026-04-26,05:54,Maharashtra,Nashik,Nashik Zone 5,ATM Fraud,19.920217,73.72759,MEDIUM,SIMULATED_FOR_SIH_PROTOTYPE
FRD-00101,2026-09-23,14:43,Gujarat,Ahmedabad,Ahmedabad Zone 3,ATM Fraud,22.998203,72.616552,MEDIUM,SIMULATED_FOR_SIH_PROTOTYPE
FRD-00102,2026-01-23,13:38,Maharashtra,Nashik,Nashik Zone 3,Phishing,19.98299,73.814029,MEDIUM,SIMULATED_FOR_SIH_PROTOTYPE
FRD-00103,2026-07-18,12:52,Telangana,Hyderabad,Hyderabad Zone 2,Identity Theft,17.460403,78.543156,HIGH,SIMULATED_FOR_SIH_PROTOTYPE
FRD-00104,2026-08-14,08:30,Maharashtra,Nagpur,Nagpur Zone 3,Identity Theft,21.084806,79.106214,MEDIUM,SIMULATED_FOR_SIH_PROTOTYPE
FRD-00105,2026-06-05,11:50,Tamil Nadu,Chennai,Chennai Zone 3,UPI Fraud,13.015875,80.344625,MEDIUM,SIMULATED_FOR_SIH_PROTOTYPE
FRD-00106,2026-01-29,09:10,Maharashtra,Nagpur,Nagpur Zone 1,Card Skimming,21.130088,79.061797,HIGH,SIMULATED_FOR_SIH_PROTOTYPE
FRD-00107,2026-07-04,10:25,Maharashtra,Mumbai,Mumbai Zone 2,ATM Fraud,19.033083,72.925728,HIGH,SIMULATED_FOR_SIH_PROTOTYPE
FRD-00108,2026-06-09,12:38,Maharashtra,Nashik,Nashik Zone 4,Identity Theft,20.001613,73.780125,HIGH,SIMULATED_FOR_SIH_PROTOTYPE
FRD-00109,2026-06-23,21:30,Delhi,Delhi,Delhi Zone 4,Card Skimming,28.578876,77.158232,LOW,SIMULATED_FOR_SIH_PROTOTYPE
FRD-00110,2026-09-15,12:43,Maharashtra,Nagpur,Nagpur Zone 5,UPI Fraud,21.215419,79.067139,HIGH,SIMULATED_FOR_SIH_PROTOTYPE
FRD-00111,2026-01-29,23:09,West Bengal,Kolkata,Kolkata Zone 2,Identity Theft,22.518737,88.315936,HIGH,SIMULATED_FOR_SIH_PROTOTYPE
FRD-00112,2026-07-15,23:29,Maharashtra,Nashik,Nashik Zone 5,Identity Theft,19.997356,73.791272,MEDIUM,SIMULATED_FOR_SIH_PROTOTYPE
FRD-00113,2026-01-20,19:38,West Bengal,Kolkata,Kolkata Zone 1,Card Skimming,22.564475,88.449139,HIGH,SIMULATED_FOR_SIH_PROTOTYPE
FRD-00114,2026-05-29,05:02,Maharashtra,Pune,Pune Zone 1,Card Skimming,18.530546,73.821701,MEDIUM,SIMULATED_FOR_SIH_PROTOTYPE
FRD-00115,2026-07-23,17:39,Maharashtra,Nagpur,Nagpur Zone 4,ATM Fraud,21.123736,79.094317,LOW,SIMULATED_FOR_SIH_PROTOTYPE
FRD-00116,2026-08-20,21:14,Maharashtra,Mumbai,Mumbai Zone 1,Phishing,19.067381,72.802188,MEDIUM,SIMULATED_FOR_SIH_PROTOTYPE
FRD-00117,2026-03-12,16:31,West Bengal,Kolkata,Kolkata Zone 1,Phishing,22.600744,88.326979,LOW,SIMULATED_FOR_SIH_PROTOTYPE
FRD-00118,2026-04-18,09:51,Tamil Nadu,Chennai,Chennai Zone 3,Card Skimming,13.071299,80.34126,MEDIUM,SIMULATED_FOR_SIH_PROTOTYPE
FRD-00119,2026-04-30,09:06,Maharashtra,Nagpur,Nagpur Zone 2,UPI Fraud,21.130747,79.050549,MEDIUM,SIMULATED_FOR_SIH_PROTOTYPE
FRD-00120,2026-08-25,10:43,Karnataka,Bangalore,Bangalore Zone 3,Identity Theft,12.945288,77.662016,MEDIUM,SIMULATED_FOR_SIH_PROTOTYPE
FRD-00121,2026-05-23,03:07,Maharashtra,Mumbai,Mumbai Zone 3,ATM Fraud,18.993812,72.786588,MEDIUM,SIMULATED_FOR_SIH_PROTOTYPE
FRD-00122,2026-09-24,11:54,Tamil Nadu,Chennai,Chennai Zone 2,UPI Fraud,13.110672,80.221569,LOW,SIMULATED_FOR_SIH_PROTOTYPE
FRD-00123,2026-04-04,04:33,Tamil Nadu,Chennai,Chennai Zone 1,Card Skimming,13.094074,80.322154,MEDIUM,SIMULATED_FOR_SIH_PROTOTYPE
FRD-00124,2026-05-02,21:57,Tamil Nadu,Chennai,Chennai Zone 5,Phishing,13.132265,80.229088,HIGH,SIMULATED_FOR_SIH_PROTOTYPE
FRD-00125,2026-04-14,05:33,West Bengal,Kolkata,Kolkata Zone 2,Identity Theft,22.578915,88.323301,MEDIUM,SIMULATED_FOR_SIH_PROTOTYPE
FRD-00126,2026-08-31,14:39,Delhi,Delhi,Delhi Zone 1,Card Skimming,28.523002,77.180259,LOW,SIMULATED_FOR_SIH_PROTOTYPE
FRD-00127,2026-04-03,20:00,Maharashtra,Mumbai,Mumbai Zone 2,ATM Fraud,19.024474,72.844594,MEDIUM,SIMULATED_FOR_SIH_PROTOTYPE
FRD-00128,2026-05-30,20:28,Maharashtra,Nashik,Nashik Zone 5,Identity Theft,19.988034,73.800578,LOW,SIMULATED_FOR_SIH_PROTOTYPE
FRD-00129,2026-02-15,13:19,Maharashtra,Nashik,Nashik Zone 1,UPI Fraud,19.966783,73.829532,MEDIUM,SIMULATED_FOR_SIH_PROTOTYPE
FRD-00130,2026-06-24,03:02,Telangana,Hyderabad,Hyderabad Zone 5,Identity Theft,17.415923,78.417745,LOW,SIMULATED_FOR_SIH_PROTOTYPE
FRD-00131,2026-06-02,01:59,Telangana,Hyderabad,Hyderabad Zone 3,Card Skimming,17.468729,78.504192,LOW,SIMULATED_FOR_SIH_PROTOTYPE
FRD-00132,2026-05-18,15:23,Maharashtra,Pune,Pune Zone 4,ATM Fraud,18.450579,73.917811,MEDIUM,SIMULATED_FOR_SIH_PROTOTYPE
FRD-00133,2026-05-11,09:13,West Bengal,Kolkata,Kolkata Zone 3,ATM Fraud,22.527373,88.324313,LOW,SIMULATED_FOR_SIH_PROTOTYPE
FRD-00134,2026-01-01,02:30,Maharashtra,Nashik,Nashik Zone 2,UPI Fraud,20.01689,73.858591,HIGH,SIMULATED_FOR_SIH_PROTOTYPE
FRD-00135,2026-05-05,20:31,Gujarat,Ahmedabad,Ahmedabad Zone 2,Card Skimming,22.950052,72.625434,MEDIUM,SIMULATED_FOR_SIH_PROTOTYPE
FRD-00136,2026-03-28,08:13,Maharashtra,Pune,Pune Zone 4,Card Skimming,18.521963,73.798955,MEDIUM,SIMULATED_FOR_SIH_PROTOTYPE
FRD-00137,2026-08-19,17:11,Maharashtra,Nashik,Nashik Zone 1,Phishing,20.019515,73.772102,LOW,SIMULATED_FOR_SIH_PROTOTYPE
FRD-00138,2026-01-13,22:11,Tamil Nadu,Chennai,Chennai Zone 5,ATM Fraud,13.009545,80.294065,LOW,SIMULATED_FOR_SIH_PROTOTYPE
FRD-00139,2026-01-24,13:13,Maharashtra,Mumbai,Mumbai Zone 3,Phishing,19.106228,72.930506,MEDIUM,SIMULATED_FOR_SIH_PROTOTYPE
FRD-00140,2026-08-15,10:09,Tamil Nadu,Chennai,Chennai Zone 5,Phishing,13.08328,80.195699,HIGH,SIMULATED_FOR_SIH_PROTOTYPE
FRD-00141,2026-05-29,10:58,Delhi,Delhi,Delhi Zone 4,Identity Theft,28.553381,77.193481,MEDIUM,SIMULATED_FOR_SIH_PROTOTYPE
FRD-00142,2026-09-20,13:47,Karnataka,Bangalore,Bangalore Zone 1,Phishing,12.99614,77.523787,MEDIUM,SIMULATED_FOR_SIH_PROTOTYPE
FRD-00143,2026-08-08,01:51,Gujarat,Ahmedabad,Ahmedabad Zone 1,Phishing,23.07036,72.577141,HIGH,SIMULATED_FOR_SIH_PROTOTYPE
FRD-00144,2026-04-03,20:42,Karnataka,Bangalore,Bangalore Zone 2,Phishing,12.95176,77.606331,MEDIUM,SIMULATED_FOR_SIH_PROTOTYPE
FRD-00145,2026-03-05,03:46,Maharashtra,Mumbai,Mumbai Zone 1,Phishing,19.020302,72.870777,HIGH,SIMULATED_FOR_SIH_PROTOTYPE
FRD-00146,2026-07-05,06:00,Maharashtra,Mumbai,Mumbai Zone 5,ATM Fraud,19.127895,72.916673,LOW,SIMULATED_FOR_SIH_PROTOTYPE
FRD-00147,2026-06-02,21:05,Maharashtra,Mumbai,Mumbai Zone 5,UPI Fraud,19.110254,72.828147,LOW,SIMULATED_FOR_SIH_PROTOTYPE
FRD-00148,2026-05-24,10:35,Maharashtra,Pune,Pune Zone 1,Card Skimming,18.601233,73.809163,LOW,SIMULATED_FOR_SIH_PROTOTYPE
FRD-00149,2026-01-14,14:09,Maharashtra,Mumbai,Mumbai Zone 2,Identity Theft,19.011491,72.895175,MEDIUM,SIMULATED_FOR_SIH_PROTOTYPE
FRD-00150,2026-08-22,12:23,Maharashtra,Mumbai,Mumbai Zone 4,Phishing,19.054619,72.942908,HIGH,SIMULATED_FOR_SIH_PROTOTYPE
FRD-00151,2026-07-11,23:08,Tamil Nadu,Chennai,Chennai Zone 3,Identity Theft,13.084197,80.249428,MEDIUM,SIMULATED_FOR_SIH_PROTOTYPE
FRD-00152,2026-05-18,10:24,Gujarat,Ahmedabad,Ahmedabad Zone 5,ATM Fraud,23.057001,72.622447,MEDIUM,SIMULATED_FOR_SIH_PROTOTYPE
FRD-00153,2026-05-06,03:21,Telangana,Hyderabad,Hyderabad Zone 5,Card Skimming,17.420086,78.395653,MEDIUM,SIMULATED_FOR_SIH_PROTOTYPE
FRD-00154,2026-02-17,21:44,Karnataka,Bangalore,Bangalore Zone 4,Identity Theft,12.943548,77.642769,HIGH,SIMULATED_FOR_SIH_PROTOTYPE
FRD-00155,2026-06-24,17:32,Karnataka,Bangalore,Bangalore Zone 4,Identity Theft,13.015689,77.625692,HIGH,SIMULATED_FOR_SIH_PROTOTYPE
FRD-00156,2026-06-02,20:47,Tamil Nadu,Chennai,Chennai Zone 3,ATM Fraud,13.118265,80.26175,LOW,SIMULATED_FOR_SIH_PROTOTYPE
FRD-00157,2026-02-26,23:59,Maharashtra,Pune,Pune Zone 2,Identity Theft,18.464989,73.808124,MEDIUM,SIMULATED_FOR_SIH_PROTOTYPE
FRD-00158,2026-07-12,08:36,Maharashtra,Nashik,Nashik Zone 3,UPI Fraud,19.996628,73.852196,HIGH,SIMULATED_FOR_SIH_PROTOTYPE
FRD-00159,2026-05-15,11:04,Maharashtra,Nagpur,Nagpur Zone 1,Card Skimming,21.203655,79.125616,LOW,SIMULATED_FOR_SIH_PROTOTYPE
FRD-00160,2026-04-11,07:41,Tamil Nadu,Chennai,Chennai Zone 1,Card Skimming,13.103593,80.280078,LOW,SIMULATED_FOR_SIH_PROTOTYPE
FRD-00161,2026-05-07,18:35,Maharashtra,Nagpur,Nagpur Zone 5,Card Skimming,21.115196,79.12315,MEDIUM,SIMULATED_FOR_SIH_PROTOTYPE
FRD-00162,2026-03-16,01:28,Maharashtra,Pune,Pune Zone 3,Card Skimming,18.529019,73.816498,HIGH,SIMULATED_FOR_SIH_PROTOTYPE
FRD-00163,2026-03-07,15:40,Maharashtra,Mumbai,Mumbai Zone 3,Identity Theft,19.121436,72.908277,HIGH,SIMULATED_FOR_SIH_PROTOTYPE
FRD-00164,2026-01-30,07:52,Tamil Nadu,Chennai,Chennai Zone 4,Identity Theft,13.158004,80.23879,HIGH,SIMULATED_FOR_SIH_PROTOTYPE
FRD-00165,2026-06-07,01:24,Telangana,Hyderabad,Hyderabad Zone 1,Identity Theft,17.304015,78.380551,HIGH,SIMULATED_FOR_SIH_PROTOTYPE
FRD-00166,2026-03-23,17:37,Maharashtra,Nashik,Nashik Zone 3,UPI Fraud,19.995701,73.743044,LOW,SIMULATED_FOR_SIH_PROTOTYPE
FRD-00167,2026-01-29,20:22,Telangana,Hyderabad,Hyderabad Zone 3,UPI Fraud,17.373538,78.518928,MEDIUM,SIMULATED_FOR_SIH_PROTOTYPE
FRD-00168,2026-07-16,02:45,West Bengal,Kolkata,Kolkata Zone 1,Phishing,22.65014,88.407166,LOW,SIMULATED_FOR_SIH_PROTOTYPE
FRD-00169,2026-03-04,21:43,Telangana,Hyderabad,Hyderabad Zone 1,Card Skimming,17.436058,78.401171,MEDIUM,SIMULATED_FOR_SIH_PROTOTYPE
FRD-00170,2026-03-12,01:26,Tamil Nadu,Chennai,Chennai Zone 1,Card Skimming,13.031605,80.216612,HIGH,SIMULATED_FOR_SIH_PROTOTYPE
FRD-00171,2026-07-19,08:32,Maharashtra,Pune,Pune Zone 3,Phishing,18.549231,73.790586,HIGH,SIMULATED_FOR_SIH_PROTOTYPE
FRD-00172,2026-03-08,01:53,Maharashtra,Nagpur,Nagpur Zone 1,Phishing,21.105367,79.146533,MEDIUM,SIMULATED_FOR_SIH_PROTOTYPE
FRD-00173,2026-04-16,12:49,Tamil Nadu,Chennai,Chennai Zone 3,Card Skimming,13.109639,80.297627,MEDIUM,SIMULATED_FOR_SIH_PROTOTYPE
FRD-00174,2026-02-05,20:57,Maharashtra,Pune,Pune Zone 1,ATM Fraud,18.598524,73.769198,MEDIUM,SIMULATED_FOR_SIH_PROTOTYPE
FRD-00175,2026-08-22,00:22,Telangana,Hyderabad,Hyderabad Zone 1,ATM Fraud,17.345258,78.499293,MEDIUM,SIMULATED_FOR_SIH_PROTOTYPE
FRD-00176,2026-09-02,23:24,Gujarat,Ahmedabad,Ahmedabad Zone 3,UPI Fraud,23.095654,72.472635,HIGH,SIMULATED_FOR_SIH_PROTOTYPE
FRD-00177,2026-08-07,17:22,Gujarat,Ahmedabad,Ahmedabad Zone 3,Identity Theft,23.018246,72.518198,LOW,SIMULATED_FOR_SIH_PROTOTYPE
FRD-00178,2026-02-10,22:20,Delhi,Delhi,Delhi Zone 1,Phishing,28.564749,77.132517,HIGH,SIMULATED_FOR_SIH_PROTOTYPE
FRD-00179,2026-08-09,05:12,Maharashtra,Nashik,Nashik Zone 5,UPI Fraud,20.06702,73.813316,HIGH,SIMULATED_FOR_SIH_PROTOTYPE
FRD-00180,2026-04-27,06:16,West Bengal,Kolkata,Kolkata Zone 5,ATM Fraud,22.55564,88.402292,LOW,SIMULATED_FOR_SIH_PROTOTYPE
FRD-00181,2026-07-30,15:29,Karnataka,Bangalore,Bangalore Zone 2,ATM Fraud,13.007397,77.548953,MEDIUM,SIMULATED_FOR_SIH_PROTOTYPE
FRD-00182,2026-09-04,07:39,Maharashtra,Pune,Pune Zone 4,UPI Fraud,18.580891,73.904024,MEDIUM,SIMULATED_FOR_SIH_PROTOTYPE
FRD-00183,2026-05-29,04:05,Delhi,Delhi,Delhi Zone 4,Identity Theft,28.67233,77.146311,HIGH,SIMULATED_FOR_SIH_PROTOTYPE
FRD-00184,2026-08-14,17:44,Maharashtra,Pune,Pune Zone 2,Identity Theft,18.43769,73.822841,MEDIUM,SIMULATED_FOR_SIH_PROTOTYPE
FRD-00185,2026-04-07,22:42,Karnataka,Bangalore,Bangalore Zone 2,Phishing,13.044426,77.60846,HIGH,SIMULATED_FOR_SIH_PROTOTYPE
FRD-00186,2026-07-17,14:30,West Bengal,Kolkata,Kolkata Zone 4,Identity Theft,22.516791,88.350002,MEDIUM,SIMULATED_FOR_SIH_PROTOTYPE
FRD-00187,2026-07-05,09:27,Maharashtra,Nagpur,Nagpur Zone 3,Card Skimming,21.108475,79.172381,MEDIUM,SIMULATED_FOR_SIH_PROTOTYPE
FRD-00188,2026-02-03,17:39,Telangana,Hyderabad,Hyderabad Zone 2,ATM Fraud,17.300695,78.548092,HIGH,SIMULATED_FOR_SIH_PROTOTYPE
FRD-00189,2026-09-08,20:45,Maharashtra,Mumbai,Mumbai Zone 2,Identity Theft,19.001938,72.806987,LOW,SIMULATED_FOR_SIH_PROTOTYPE
FRD-00190,2026-06-28,06:17,Tamil Nadu,Chennai,Chennai Zone 2,Phishing,13.060112,80.314579,MEDIUM,SIMULATED_FOR_SIH_PROTOTYPE
FRD-00191,2026-05-26,16:46,Maharashtra,Nashik,Nashik Zone 5,UPI Fraud,20.034972,73.73973,MEDIUM,SIMULATED_FOR_SIH_PROTOTYPE
FRD-00192,2026-06-12,17:58,Maharashtra,Nashik,Nashik Zone 3,Card Skimming,20.013448,73.821119,MEDIUM,SIMULATED_FOR_SIH_PROTOTYPE
FRD-00193,2026-07-07,21:57,Delhi,Delhi,Delhi Zone 4,Card Skimming,28.678288,77.253688,MEDIUM,SIMULATED_FOR_SIH_PROTOTYPE
FRD-00194,2026-04-29,20:32,Telangana,Hyderabad,Hyderabad Zone 4,UPI Fraud,17.358548,78.504367,LOW,SIMULATED_FOR_SIH_PROTOTYPE
FRD-00195,2026-04-18,21:57,Karnataka,Bangalore,Bangalore Zone 5,Card Skimming,12.976129,77.609843,HIGH,SIMULATED_FOR_SIH_PROTOTYPE
FRD-00196,2026-08-14,05:45,Maharashtra,Nashik,Nashik Zone 1,UPI Fraud,19.906839,73.845288,MEDIUM,SIMULATED_FOR_SIH_PROTOTYPE
FRD-00197,2026-06-19,06:18,Maharashtra,Mumbai,Mumbai Zone 2,UPI Fraud,19.076186,72.852056,HIGH,SIMULATED_FOR_SIH_PROTOTYPE
FRD-00198,2026-06-06,06:51,Maharashtra,Nagpur,Nagpur Zone 3,ATM Fraud,21.092546,79.038905,HIGH,SIMULATED_FOR_SIH_PROTOTYPE
FRD-00199,2026-02-05,20:14,Gujarat,Ahmedabad,Ahmedabad Zone 1,Phishing,23.023995,72.581462,HIGH,SIMULATED_FOR_SIH_PROTOTYPE
FRD-00200,2026-07-26,06:11,Tamil Nadu,Chennai,Chennai Zone 5,ATM Fraud,13.106202,80.297111,HIGH,SIMULATED_FOR_SIH_PROTOTYPE
FRD-00201,2026-03-19,23:37,Maharashtra,Mumbai,Mumbai Zone 1,Identity Theft,19.08846,72.808407,HIGH,SIMULATED_FOR_SIH_PROTOTYPE
FRD-00202,2026-02-06,05:39,Tamil Nadu,Chennai,Chennai Zone 3,ATM Fraud,13.038867,80.240047,MEDIUM,SIMULATED_FOR_SIH_PROTOTYPE
FRD-00203,2026-05-16,13:14,Maharashtra,Nashik,Nashik Zone 3,Card Skimming,20.002828,73.755848,HIGH,SIMULATED_FOR_SIH_PROTOTYPE
FRD-00204,2026-07-03,00:30,West Bengal,Kolkata,Kolkata Zone 1,ATM Fraud,22.607358,88.394562,MEDIUM,SIMULATED_FOR_SIH_PROTOTYPE
FRD-00205,2026-03-21,11:10,Delhi,Delhi,Delhi Zone 3,Card Skimming,28.645488,77.251925,HIGH,SIMULATED_FOR_SIH_PROTOTYPE
FRD-00206,2026-01-14,16:49,Delhi,Delhi,Delhi Zone 5,Identity Theft,28.618392,77.171167,HIGH,SIMULATED_FOR_SIH_PROTOTYPE
FRD-00207,2026-07-10,19:10,Gujarat,Ahmedabad,Ahmedabad Zone 3,Card Skimming,23.082648,72.608695,LOW,SIMULATED_FOR_SIH_PROTOTYPE
FRD-00208,2026-08-27,07:09,Karnataka,Bangalore,Bangalore Zone 2,UPI Fraud,12.916708,77.627507,LOW,SIMULATED_FOR_SIH_PROTOTYPE
FRD-00209,2026-01-24,10:51,Maharashtra,Pune,Pune Zone 4,ATM Fraud,18.469761,73.881689,LOW,SIMULATED_FOR_SIH_PROTOTYPE
FRD-00210,2026-01-10,00:08,Maharashtra,Pune,Pune Zone 1,Identity Theft,18.513997,73.841716,HIGH,SIMULATED_FOR_SIH_PROTOTYPE
FRD-00211,2026-01-12,02:25,Delhi,Delhi,Delhi Zone 2,UPI Fraud,28.628297,77.26837,MEDIUM,SIMULATED_FOR_SIH_PROTOTYPE
FRD-00212,2026-07-16,12:45,West Bengal,Kolkata,Kolkata Zone 4,UPI Fraud,22.612805,88.288773,LOW,SIMULATED_FOR_SIH_PROTOTYPE
FRD-00213,2026-06-23,18:57,Tamil Nadu,Chennai,Chennai Zone 1,Phishing,13.066601,80.317745,HIGH,SIMULATED_FOR_SIH_PROTOTYPE
FRD-00214,2026-01-23,01:23,Maharashtra,Nagpur,Nagpur Zone 4,Identity Theft,21.102999,79.099219,MEDIUM,SIMULATED_FOR_SIH_PROTOTYPE
FRD-00215,2026-09-03,09:11,Karnataka,Bangalore,Bangalore Zone 5,Identity Theft,12.885925,77.655449,LOW,SIMULATED_FOR_SIH_PROTOTYPE
FRD-00216,2026-09-18,11:39,Telangana,Hyderabad,Hyderabad Zone 5,Card Skimming,17.309672,78.4143,MEDIUM,SIMULATED_FOR_SIH_PROTOTYPE
FRD-00217,2026-04-13,19:22,Karnataka,Bangalore,Bangalore Zone 4,UPI Fraud,12.927596,77.621617,MEDIUM,SIMULATED_FOR_SIH_PROTOTYPE
FRD-00218,2026-01-08,14:15,West Bengal,Kolkata,Kolkata Zone 2,UPI Fraud,22.650995,88.420665,MEDIUM,SIMULATED_FOR_SIH_PROTOTYPE
FRD-00219,2026-02-12,09:45,Maharashtra,Nagpur,Nagpur Zone 2,ATM Fraud,21.16116,79.175845,MEDIUM,SIMULATED_FOR_SIH_PROTOTYPE
FRD-00220,2026-05-20,20:03,Delhi,Delhi,Delhi Zone 2,ATM Fraud,28.663361,77.158912,MEDIUM,SIMULATED_FOR_SIH_PROTOTYPE
FRD-00221,2026-07-27,04:50,Maharashtra,Pune,Pune Zone 5,ATM Fraud,18.508443,73.897565,LOW,SIMULATED_FOR_SIH_PROTOTYPE
FRD-00222,2026-05-06,08:12,Maharashtra,Nashik,Nashik Zone 3,UPI Fraud,20.033617,73.717915,LOW,SIMULATED_FOR_SIH_PROTOTYPE
FRD-00223,2026-08-27,02:24,Maharashtra,Nagpur,Nagpur Zone 2,ATM Fraud,21.192836,79.147254,HIGH,SIMULATED_FOR_SIH_PROTOTYPE
FRD-00224,2026-04-23,04:19,Maharashtra,Nagpur,Nagpur Zone 2,Card Skimming,21.076245,79.040784,MEDIUM,SIMULATED_FOR_SIH_PROTOTYPE
FRD-00225,2026-09-06,14:25,Gujarat,Ahmedabad,Ahmedabad Zone 2,Identity Theft,23.002381,72.521071,LOW,SIMULATED_FOR_SIH_PROTOTYPE
FRD-00226,2026-08-26,01:06,Karnataka,Bangalore,Bangalore Zone 3,Phishing,12.962906,77.564931,HIGH,SIMULATED_FOR_SIH_PROTOTYPE
FRD-00227,2026-01-28,19:41,Maharashtra,Pune,Pune Zone 3,ATM Fraud,18.467357,73.794746,MEDIUM,SIMULATED_FOR_SIH_PROTOTYPE
FRD-00228,2026-09-24,11:56,Karnataka,Bangalore,Bangalore Zone 1,UPI Fraud,13.048903,77.549492,HIGH,SIMULATED_FOR_SIH_PROTOTYPE
FRD-00229,2026-03-29,11:31,Karnataka,Bangalore,Bangalore Zone 3,Card Skimming,12.996234,77.662209,MEDIUM,SIMULATED_FOR_SIH_PROTOTYPE
FRD-00230,2026-09-17,11:07,Gujarat,Ahmedabad,Ahmedabad Zone 4,Card Skimming,23.016946,72.656398,HIGH,SIMULATED_FOR_SIH_PROTOTYPE
FRD-00231,2026-01-09,14:34,Maharashtra,Mumbai,Mumbai Zone 2,Phishing,19.119689,72.842059,HIGH,SIMULATED_FOR_SIH_PROTOTYPE
FRD-00232,2026-04-20,19:55,Telangana,Hyderabad,Hyderabad Zone 4,Card Skimming,17.289882,78.461296,MEDIUM,SIMULATED_FOR_SIH_PROTOTYPE
FRD-00233,2026-04-13,11:17,Maharashtra,Nashik,Nashik Zone 4,Card Skimming,19.939474,73.777052,MEDIUM,SIMULATED_FOR_SIH_PROTOTYPE
FRD-00234,2026-05-29,12:05,Delhi,Delhi,Delhi Zone 2,ATM Fraud,28.563818,77.193826,LOW,SIMULATED_FOR_SIH_PROTOTYPE
FRD-00235,2026-07-28,13:45,Maharashtra,Nashik,Nashik Zone 4,UPI Fraud,19.966308,73.784006,MEDIUM,SIMULATED_FOR_SIH_PROTOTYPE
FRD-00236,2026-03-10,02:40,West Bengal,Kolkata,Kolkata Zone 5,ATM Fraud,22.514122,88.301028,HIGH,SIMULATED_FOR_SIH_PROTOTYPE
FRD-00237,2026-09-03,13:58,Tamil Nadu,Chennai,Chennai Zone 1,Phishing,13.16103,80.324012,LOW,SIMULATED_FOR_SIH_PROTOTYPE
FRD-00238,2026-01-11,08:44,Gujarat,Ahmedabad,Ahmedabad Zone 1,Identity Theft,22.931298,72.536179,LOW,SIMULATED_FOR_SIH_PROTOTYPE
FRD-00239,2026-06-01,18:56,Delhi,Delhi,Delhi Zone 2,Identity Theft,28.669305,77.163513,MEDIUM,SIMULATED_FOR_SIH_PROTOTYPE
FRD-00240,2026-08-23,16:09,Karnataka,Bangalore,Bangalore Zone 3,Phishing,12.979358,77.528468,HIGH,SIMULATED_FOR_SIH_PROTOTYPE
FRD-00241,2026-01-21,23:47,Gujarat,Ahmedabad,Ahmedabad Zone 5,Identity Theft,22.985039,72.640535,MEDIUM,SIMULATED_FOR_SIH_PROTOTYPE
FRD-00242,2026-02-20,02:06,Karnataka,Bangalore,Bangalore Zone 2,Identity Theft,12.968835,77.583809,HIGH,SIMULATED_FOR_SIH_PROTOTYPE
FRD-00243,2026-07-14,14:54,West Bengal,Kolkata,Kolkata Zone 3,Identity Theft,22.609934,88.341698,HIGH,SIMULATED_FOR_SIH_PROTOTYPE
FRD-00244,2026-04-09,05:50,Maharashtra,Pune,Pune Zone 1,Card Skimming,18.570305,73.828662,LOW,SIMULATED_FOR_SIH_PROTOTYPE
FRD-00245,2026-09-08,12:30,Delhi,Delhi,Delhi Zone 3,UPI Fraud,28.536175,77.124208,MEDIUM,SIMULATED_FOR_SIH_PROTOTYPE
FRD-00246,2026-07-04,18:37,Tamil Nadu,Chennai,Chennai Zone 1,ATM Fraud,13.061849,80.28484,LOW,SIMULATED_FOR_SIH_PROTOTYPE
FRD-00247,2026-04-30,03:34,Maharashtra,Mumbai,Mumbai Zone 1,UPI Fraud,18.987348,72.837249,MEDIUM,SIMULATED_FOR_SIH_PROTOTYPE
FRD-00248,2026-04-02,05:48,Maharashtra,Nagpur,Nagpur Zone 3,Identity Theft,21.091821,79.079661,HIGH,SIMULATED_FOR_SIH_PROTOTYPE
FRD-00249,2026-08-25,15:21,Tamil Nadu,Chennai,Chennai Zone 3,ATM Fraud,13.038667,80.236118,HIGH,SIMULATED_FOR_SIH_PROTOTYPE
FRD-00250,2026-04-26,11:57,Karnataka,Bangalore,Bangalore Zone 4,ATM Fraud,12.887493,77.657722,HIGH,SIMULATED_FOR_SIH_PROTOTYPE
FRD-00251,2026-04-14,01:18,Maharashtra,Nagpur,Nagpur Zone 5,Phishing,21.195837,79.063373,LOW,SIMULATED_FOR_SIH_PROTOTYPE
FRD-00252,2026-08-12,17:32,Maharashtra,Nagpur,Nagpur Zone 1,Identity Theft,21.189835,79.093188,MEDIUM,SIMULATED_FOR_SIH_PROTOTYPE
FRD-00253,2026-09-22,01:10,Maharashtra,Mumbai,Mumbai Zone 5,Card Skimming,18.995791,72.812656,HIGH,SIMULATED_FOR_SIH_PROTOTYPE
FRD-00254,2026-03-24,04:05,Telangana,Hyderabad,Hyderabad Zone 4,Identity Theft,17.335284,78.408553,HIGH,SIMULATED_FOR_SIH_PROTOTYPE
FRD-00255,2026-06-15,20:21,Gujarat,Ahmedabad,Ahmedabad Zone 5,Phishing,23.048178,72.650298,MEDIUM,SIMULATED_FOR_SIH_PROTOTYPE
FRD-00256,2026-02-03,23:53,Maharashtra,Nagpur,Nagpur Zone 2,Identity Theft,21.233804,79.032666,MEDIUM,SIMULATED_FOR_SIH_PROTOTYPE
FRD-00257,2026-08-19,09:16,Maharashtra,Pune,Pune Zone 2,ATM Fraud,18.490663,73.793491,HIGH,SIMULATED_FOR_SIH_PROTOTYPE
FRD-00258,2026-04-15,17:26,Maharashtra,Nashik,Nashik Zone 1,Identity Theft,20.065112,73.808326,LOW,SIMULATED_FOR_SIH_PROTOTYPE
FRD-00259,2026-08-18,04:16,Gujarat,Ahmedabad,Ahmedabad Zone 5,Identity Theft,22.99633,72.507562,HIGH,SIMULATED_FOR_SIH_PROTOTYPE
FRD-00260,2026-02-28,00:14,Maharashtra,Nagpur,Nagpur Zone 3,ATM Fraud,21.108501,79.044173,LOW,SIMULATED_FOR_SIH_PROTOTYPE
FRD-00261,2026-02-09,13:21,Gujarat,Ahmedabad,Ahmedabad Zone 5,Card Skimming,23.09072,72.507201,HIGH,SIMULATED_FOR_SIH_PROTOTYPE
FRD-00262,2026-05-24,20:37,Tamil Nadu,Chennai,Chennai Zone 4,Identity Theft,13.152959,80.258171,LOW,SIMULATED_FOR_SIH_PROTOTYPE
FRD-00263,2026-05-07,05:24,Maharashtra,Nashik,Nashik Zone 3,Phishing,19.933529,73.785312,MEDIUM,SIMULATED_FOR_SIH_PROTOTYPE
FRD-00264,2026-09-10,10:10,Tamil Nadu,Chennai,Chennai Zone 4,Card Skimming,13.026778,80.323766,MEDIUM,SIMULATED_FOR_SIH_PROTOTYPE
FRD-00265,2026-08-04,05:46,Karnataka,Bangalore,Bangalore Zone 4,Identity Theft,12.915074,77.662039,LOW,SIMULATED_FOR_SIH_PROTOTYPE
FRD-00266,2026-02-15,14:29,Maharashtra,Nashik,Nashik Zone 3,UPI Fraud,20.055819,73.775769,HIGH,SIMULATED_FOR_SIH_PROTOTYPE
FRD-00267,2026-01-27,11:30,Delhi,Delhi,Delhi Zone 3,Identity Theft,28.559584,77.125208,LOW,SIMULATED_FOR_SIH_PROTOTYPE
FRD-00268,2026-04-23,17:38,Gujarat,Ahmedabad,Ahmedabad Zone 4,ATM Fraud,23.065995,72.60568,HIGH,SIMULATED_FOR_SIH_PROTOTYPE
FRD-00269,2026-03-17,11:43,Delhi,Delhi,Delhi Zone 1,Identity Theft,28.623041,77.234479,MEDIUM,SIMULATED_FOR_SIH_PROTOTYPE
FRD-00270,2026-08-08,10:38,Maharashtra,Nashik,Nashik Zone 1,Identity Theft,20.069672,73.807098,MEDIUM,SIMULATED_FOR_SIH_PROTOTYPE
FRD-00271,2026-07-27,16:55,Maharashtra,Mumbai,Mumbai Zone 5,Phishing,19.07286,72.853343,MEDIUM,SIMULATED_FOR_SIH_PROTOTYPE
FRD-00272,2026-04-10,01:44,Maharashtra,Mumbai,Mumbai Zone 3,UPI Fraud,18.980733,72.788081,LOW,SIMULATED_FOR_SIH_PROTOTYPE
FRD-00273,2026-04-14,04:22,Karnataka,Bangalore,Bangalore Zone 4,ATM Fraud,12.958253,77.55244,LOW,SIMULATED_FOR_SIH_PROTOTYPE
FRD-00274,2026-07-19,02:57,Karnataka,Bangalore,Bangalore Zone 5,ATM Fraud,13.050118,77.554678,MEDIUM,SIMULATED_FOR_SIH_PROTOTYPE
FRD-00275,2026-02-20,21:43,Delhi,Delhi,Delhi Zone 4,ATM Fraud,28.655256,77.28101,MEDIUM,SIMULATED_FOR_SIH_PROTOTYPE
FRD-00276,2026-07-09,19:08,West Bengal,Kolkata,Kolkata Zone 2,Card Skimming,22.49502,88.40855,MEDIUM,SIMULATED_FOR_SIH_PROTOTYPE
FRD-00277,2026-08-10,16:08,Maharashtra,Pune,Pune Zone 1,UPI Fraud,18.491545,73.885975,HIGH,SIMULATED_FOR_SIH_PROTOTYPE
FRD-00278,2026-05-09,04:26,West Bengal,Kolkata,Kolkata Zone 3,Identity Theft,22.583175,88.450694,LOW,SIMULATED_FOR_SIH_PROTOTYPE
FRD-00279,2026-03-03,11:20,Telangana,Hyderabad,Hyderabad Zone 2,Phishing,17.43456,78.54557,MEDIUM,SIMULATED_FOR_SIH_PROTOTYPE
FRD-00280,2026-03-06,08:07,Maharashtra,Nashik,Nashik Zone 1,UPI Fraud,19.947538,73.698143,LOW,SIMULATED_FOR_SIH_PROTOTYPE
FRD-00281,2026-05-25,18:03,Maharashtra,Mumbai,Mumbai Zone 5,Card Skimming,19.123836,72.842284,HIGH,SIMULATED_FOR_SIH_PROTOTYPE
FRD-00282,2026-05-13,11:36,Tamil Nadu,Chennai,Chennai Zone 3,Identity Theft,13.126791,80.290999,MEDIUM,SIMULATED_FOR_SIH_PROTOTYPE
FRD-00283,2026-07-22,01:42,Telangana,Hyderabad,Hyderabad Zone 1,UPI Fraud,17.47182,78.472294,MEDIUM,SIMULATED_FOR_SIH_PROTOTYPE
FRD-00284,2026-05-08,18:33,Gujarat,Ahmedabad,Ahmedabad Zone 4,Identity Theft,23.069577,72.564111,HIGH,SIMULATED_FOR_SIH_PROTOTYPE
FRD-00285,2026-01-19,20:46,Telangana,Hyderabad,Hyderabad Zone 5,Phishing,17.400407,78.454053,MEDIUM,SIMULATED_FOR_SIH_PROTOTYPE
FRD-00286,2026-08-22,17:16,Delhi,Delhi,Delhi Zone 5,Phishing,28.593704,77.17365,MEDIUM,SIMULATED_FOR_SIH_PROTOTYPE
FRD-00287,2026-06-14,07:12,Delhi,Delhi,Delhi Zone 1,Card Skimming,28.566292,77.167599,MEDIUM,SIMULATED_FOR_SIH_PROTOTYPE
FRD-00288,2026-02-22,01:50,Telangana,Hyderabad,Hyderabad Zone 1,Phishing,17.418739,78.441383,HIGH,SIMULATED_FOR_SIH_PROTOTYPE
FRD-00289,2026-09-19,06:55,Karnataka,Bangalore,Bangalore Zone 5,Phishing,12.983668,77.599067,LOW,SIMULATED_FOR_SIH_PROTOTYPE
FRD-00290,2026-02-07,23:16,Delhi,Delhi,Delhi Zone 2,Identity Theft,28.633498,77.252341,MEDIUM,SIMULATED_FOR_SIH_PROTOTYPE
FRD-00291,2026-07-06,06:46,Maharashtra,Pune,Pune Zone 4,Phishing,18.456412,73.870003,LOW,SIMULATED_FOR_SIH_PROTOTYPE
FRD-00292,2026-07-26,16:00,West Bengal,Kolkata,Kolkata Zone 3,UPI Fraud,22.579477,88.305149,LOW,SIMULATED_FOR_SIH_PROTOTYPE
FRD-00293,2026-08-28,12:43,West Bengal,Kolkata,Kolkata Zone 5,Phishing,22.510608,88.296044,MEDIUM,SIMULATED_FOR_SIH_PROTOTYPE
FRD-00294,2026-01-24,05:11,Telangana,Hyderabad,Hyderabad Zone 1,ATM Fraud,17.327298,78.501255,HIGH,SIMULATED_FOR_SIH_PROTOTYPE
FRD-00295,2026-05-21,15:44,Maharashtra,Mumbai,Mumbai Zone 4,ATM Fraud,19.059186,72.816203,HIGH,SIMULATED_FOR_SIH_PROTOTYPE
FRD-00296,2026-09-20,01:14,Maharashtra,Nagpur,Nagpur Zone 5,Phishing,21.204587,79.17755,MEDIUM,SIMULATED_FOR_SIH_PROTOTYPE
FRD-00297,2026-02-04,04:10,Telangana,Hyderabad,Hyderabad Zone 1,UPI Fraud,17.398569,78.446155,HIGH,SIMULATED_FOR_SIH_PROTOTYPE
FRD-00298,2026-05-04,12:48,Gujarat,Ahmedabad,Ahmedabad Zone 4,Card Skimming,23.099208,72.640187,LOW,SIMULATED_FOR_SIH_PROTOTYPE
FRD-00299,2026-01-07,22:30,Delhi,Delhi,Delhi Zone 3,Identity Theft,28.653763,77.261465,LOW,SIMULATED_FOR_SIH_PROTOTYPE
FRD-00300,2026-03-01,02:09,Delhi,Delhi,Delhi Zone 4,Phishing,28.628327,77.168379,HIGH,SIMULATED_FOR_SIH_PROTOTYPE
FRD-00301,2026-06-13,20:14,Karnataka,Bangalore,Bangalore Zone 5,ATM Fraud,13.023173,77.542413,MEDIUM,SIMULATED_FOR_SIH_PROTOTYPE
FRD-00302,2026-03-02,02:37,Maharashtra,Pune,Pune Zone 3,Phishing,18.507671,73.824389,HIGH,SIMULATED_FOR_SIH_PROTOTYPE
FRD-00303,2026-01-29,17:58,Gujarat,Ahmedabad,Ahmedabad Zone 3,ATM Fraud,23.098656,72.49429,HIGH,SIMULATED_FOR_SIH_PROTOTYPE
FRD-00304,2026-08-23,03:44,Telangana,Hyderabad,Hyderabad Zone 4,Card Skimming,17.426119,78.522717,MEDIUM,SIMULATED_FOR_SIH_PROTOTYPE
FRD-00305,2026-06-29,12:30,West Bengal,Kolkata,Kolkata Zone 3,Identity Theft,22.522474,88.295497,LOW,SIMULATED_FOR_SIH_PROTOTYPE
FRD-00306,2026-04-16,18:44,Tamil Nadu,Chennai,Chennai Zone 2,Phishing,13.098527,80.29934,HIGH,SIMULATED_FOR_SIH_PROTOTYPE
FRD-00307,2026-05-02,23:00,Maharashtra,Mumbai,Mumbai Zone 4,Identity Theft,19.102858,72.891196,MEDIUM,SIMULATED_FOR_SIH_PROTOTYPE
FRD-00308,2026-09-03,15:28,Maharashtra,Nashik,Nashik Zone 1,Identity Theft,19.987012,73.852236,HIGH,SIMULATED_FOR_SIH_PROTOTYPE
FRD-00309,2026-01-26,06:30,Maharashtra,Nashik,Nashik Zone 4,Phishing,20.015479,73.840471,MEDIUM,SIMULATED_FOR_SIH_PROTOTYPE
FRD-00310,2026-04-13,05:46,Telangana,Hyderabad,Hyderabad Zone 2,Card Skimming,17.46334,78.416505,HIGH,SIMULATED_FOR_SIH_PROTOTYPE
FRD-00311,2026-09-11,00:27,West Bengal,Kolkata,Kolkata Zone 2,Identity Theft,22.503052,88.401173,LOW,SIMULATED_FOR_SIH_PROTOTYPE
FRD-00312,2026-07-10,10:20,West Bengal,Kolkata,Kolkata Zone 5,Identity Theft,22.584433,88.397275,HIGH,SIMULATED_FOR_SIH_PROTOTYPE
FRD-00313,2026-08-20,01:21,Maharashtra,Pune,Pune Zone 4,UPI Fraud,18.581364,73.920299,LOW,SIMULATED_FOR_SIH_PROTOTYPE
FRD-00314,2026-03-10,13:31,Maharashtra,Nashik,Nashik Zone 3,Phishing,20.049325,73.734692,LOW,SIMULATED_FOR_SIH_PROTOTYPE
FRD-00315,2026-04-01,23:26,Maharashtra,Nashik,Nashik Zone 4,ATM Fraud,19.940042,73.798961,MEDIUM,SIMULATED_FOR_SIH_PROTOTYPE
FRD-00316,2026-06-19,02:26,Telangana,Hyderabad,Hyderabad Zone 1,Phishing,17.320216,78.436057,HIGH,SIMULATED_FOR_SIH_PROTOTYPE
FRD-00317,2026-01-16,08:58,Maharashtra,Nashik,Nashik Zone 3,ATM Fraud,19.969587,73.83933,HIGH,SIMULATED_FOR_SIH_PROTOTYPE
FRD-00318,2026-02-07,19:19,Delhi,Delhi,Delhi Zone 5,ATM Fraud,28.613334,77.195047,LOW,SIMULATED_FOR_SIH_PROTOTYPE
FRD-00319,2026-04-12,01:03,Tamil Nadu,Chennai,Chennai Zone 5,ATM Fraud,13.064013,80.24253,MEDIUM,SIMULATED_FOR_SIH_PROTOTYPE
FRD-00320,2026-01-20,02:46,Karnataka,Bangalore,Bangalore Zone 1,Phishing,13.017782,77.662578,MEDIUM,SIMULATED_FOR_SIH_PROTOTYPE
FRD-00321,2026-09-08,17:24,Telangana,Hyderabad,Hyderabad Zone 3,Phishing,17.352889,78.481205,HIGH,SIMULATED_FOR_SIH_PROTOTYPE
FRD-00322,2026-04-03,18:15,West Bengal,Kolkata,Kolkata Zone 3,ATM Fraud,22.595516,88.355754,MEDIUM,SIMULATED_FOR_SIH_PROTOTYPE
FRD-00323,2026-09-12,16:38,Maharashtra,Mumbai,Mumbai Zone 5,Identity Theft,19.024302,72.885596,LOW,SIMULATED_FOR_SIH_PROTOTYPE
FRD-00324,2026-01-21,10:41,Maharashtra,Pune,Pune Zone 4,Identity Theft,18.468575,73.810067,MEDIUM,SIMULATED_FOR_SIH_PROTOTYPE
FRD-00325,2026-04-01,13:17,Tamil Nadu,Chennai,Chennai Zone 4,UPI Fraud,13.13402,80.224367,MEDIUM,SIMULATED_FOR_SIH_PROTOTYPE
FRD-00326,2026-06-12,14:40,Gujarat,Ahmedabad,Ahmedabad Zone 3,Phishing,23.01519,72.576042,MEDIUM,SIMULATED_FOR_SIH_PROTOTYPE
FRD-00327,2026-04-27,02:59,Maharashtra,Nashik,Nashik Zone 2,Card Skimming,20.016721,73.792711,HIGH,SIMULATED_FOR_SIH_PROTOTYPE
FRD-00328,2026-04-28,23:28,Maharashtra,Nagpur,Nagpur Zone 3,UPI Fraud,21.184312,79.063793,MEDIUM,SIMULATED_FOR_SIH_PROTOTYPE
FRD-00329,2026-09-14,12:38,Tamil Nadu,Chennai,Chennai Zone 4,Identity Theft,13.025591,80.300725,MEDIUM,SIMULATED_FOR_SIH_PROTOTYPE
FRD-00330,2026-07-16,12:55,Maharashtra,Nashik,Nashik Zone 2,UPI Fraud,19.961686,73.750967,MEDIUM,SIMULATED_FOR_SIH_PROTOTYPE
FRD-00331,2026-06-07,04:25,Karnataka,Bangalore,Bangalore Zone 2,ATM Fraud,12.903686,77.654079,HIGH,SIMULATED_FOR_SIH_PROTOTYPE
FRD-00332,2026-01-26,12:44,Maharashtra,Mumbai,Mumbai Zone 4,ATM Fraud,19.010446,72.893622,HIGH,SIMULATED_FOR_SIH_PROTOTYPE
FRD-00333,2026-09-16,04:24,Maharashtra,Pune,Pune Zone 4,ATM Fraud,18.555778,73.777149,HIGH,SIMULATED_FOR_SIH_PROTOTYPE
FRD-00334,2026-03-29,03:13,Tamil Nadu,Chennai,Chennai Zone 2,Identity Theft,13.122311,80.271611,HIGH,SIMULATED_FOR_SIH_PROTOTYPE
FRD-00335,2026-04-07,23:48,Telangana,Hyderabad,Hyderabad Zone 2,Phishing,17.305937,78.454668,MEDIUM,SIMULATED_FOR_SIH_PROTOTYPE
FRD-00336,2026-03-18,18:59,Maharashtra,Mumbai,Mumbai Zone 1,Identity Theft,19.152965,72.869354,HIGH,SIMULATED_FOR_SIH_PROTOTYPE
FRD-00337,2026-04-18,22:19,Gujarat,Ahmedabad,Ahmedabad Zone 2,Card Skimming,23.069763,72.634928,MEDIUM,SIMULATED_FOR_SIH_PROTOTYPE
FRD-00338,2026-05-22,05:59,Maharashtra,Nagpur,Nagpur Zone 3,Identity Theft,21.084287,79.155089,MEDIUM,SIMULATED_FOR_SIH_PROTOTYPE
FRD-00339,2026-01-11,07:38,West Bengal,Kolkata,Kolkata Zone 3,ATM Fraud,22.519183,88.42602,MEDIUM,SIMULATED_FOR_SIH_PROTOTYPE
FRD-00340,2026-05-30,16:44,West Bengal,Kolkata,Kolkata Zone 5,Card Skimming,22.618311,88.317059,LOW,SIMULATED_FOR_SIH_PROTOTYPE
FRD-00341,2026-05-23,20:59,Maharashtra,Nashik,Nashik Zone 3,ATM Fraud,20.052116,73.716326,LOW,SIMULATED_FOR_SIH_PROTOTYPE
FRD-00342,2026-03-02,23:18,Delhi,Delhi,Delhi Zone 1,ATM Fraud,28.594152,77.22028,LOW,SIMULATED_FOR_SIH_PROTOTYPE
FRD-00343,2026-01-03,01:55,Maharashtra,Nashik,Nashik Zone 3,Identity Theft,19.952539,73.746844,MEDIUM,SIMULATED_FOR_SIH_PROTOTYPE
FRD-00344,2026-01-06,05:26,Tamil Nadu,Chennai,Chennai Zone 4,UPI Fraud,13.101606,80.311825,HIGH,SIMULATED_FOR_SIH_PROTOTYPE
FRD-00345,2026-02-03,00:32,Tamil Nadu,Chennai,Chennai Zone 1,UPI Fraud,13.053592,80.292873,LOW,SIMULATED_FOR_SIH_PROTOTYPE
FRD-00346,2026-08-30,19:39,Telangana,Hyderabad,Hyderabad Zone 1,Phishing,17.377504,78.434214,MEDIUM,SIMULATED_FOR_SIH_PROTOTYPE
FRD-00347,2026-05-30,07:55,Maharashtra,Mumbai,Mumbai Zone 3,Phishing,19.090409,72.938555,MEDIUM,SIMULATED_FOR_SIH_PROTOTYPE
FRD-00348,2026-04-07,11:42,West Bengal,Kolkata,Kolkata Zone 2,ATM Fraud,22.46902,88.386235,MEDIUM,SIMULATED_FOR_SIH_PROTOTYPE
FRD-00349,2026-06-18,18:31,Gujarat,Ahmedabad,Ahmedabad Zone 5,Card Skimming,22.993521,72.639868,MEDIUM,SIMULATED_FOR_SIH_PROTOTYPE
FRD-00350,2026-07-10,16:14,West Bengal,Kolkata,Kolkata Zone 1,ATM Fraud,22.546452,88.3291,MEDIUM,SIMULATED_FOR_SIH_PROTOTYPE
FRD-00351,2026-01-23,04:08,Delhi,Delhi,Delhi Zone 5,UPI Fraud,28.597341,77.217393,LOW,SIMULATED_FOR_SIH_PROTOTYPE
FRD-00352,2026-09-05,07:55,Tamil Nadu,Chennai,Chennai Zone 3,Identity Theft,13.091902,80.309759,HIGH,SIMULATED_FOR_SIH_PROTOTYPE
FRD-00353,2026-02-22,21:13,Maharashtra,Nagpur,Nagpur Zone 5,ATM Fraud,21.100162,79.116676,MEDIUM,SIMULATED_FOR_SIH_PROTOTYPE
FRD-00354,2026-05-27,22:36,Telangana,Hyderabad,Hyderabad Zone 3,UPI Fraud,17.318094,78.555183,HIGH,SIMULATED_FOR_SIH_PROTOTYPE
FRD-00355,2026-07-09,01:42,Telangana,Hyderabad,Hyderabad Zone 4,ATM Fraud,17.463549,78.445966,MEDIUM,SIMULATED_FOR_SIH_PROTOTYPE
FRD-00356,2026-08-15,22:58,Tamil Nadu,Chennai,Chennai Zone 1,Phishing,13.0397,80.317574,LOW,SIMULATED_FOR_SIH_PROTOTYPE
FRD-00357,2026-07-14,11:35,Gujarat,Ahmedabad,Ahmedabad Zone 5,UPI Fraud,22.958226,72.619488,MEDIUM,SIMULATED_FOR_SIH_PROTOTYPE
FRD-00358,2026-07-16,04:51,Tamil Nadu,Chennai,Chennai Zone 4,Card Skimming,13.075844,80.245837,MEDIUM,SIMULATED_FOR_SIH_PROTOTYPE
FRD-00359,2026-01-26,16:38,West Bengal,Kolkata,Kolkata Zone 5,UPI Fraud,22.487697,88.376703,MEDIUM,SIMULATED_FOR_SIH_PROTOTYPE
FRD-00360,2026-02-10,07:04,Maharashtra,Nagpur,Nagpur Zone 3,UPI Fraud,21.223467,79.112234,MEDIUM,SIMULATED_FOR_SIH_PROTOTYPE
FRD-00361,2026-01-07,20:43,Tamil Nadu,Chennai,Chennai Zone 3,Card Skimming,13.041656,80.322574,MEDIUM,SIMULATED_FOR_SIH_PROTOTYPE
FRD-00362,2026-08-14,04:06,Telangana,Hyderabad,Hyderabad Zone 2,Identity Theft,17.363482,78.422951,LOW,SIMULATED_FOR_SIH_PROTOTYPE
FRD-00363,2026-02-19,16:07,West Bengal,Kolkata,Kolkata Zone 1,UPI Fraud,22.578144,88.392184,MEDIUM,SIMULATED_FOR_SIH_PROTOTYPE
FRD-00364,2026-03-18,13:31,Telangana,Hyderabad,Hyderabad Zone 2,Card Skimming,17.412422,78.455545,MEDIUM,SIMULATED_FOR_SIH_PROTOTYPE
FRD-00365,2026-03-29,15:45,Maharashtra,Nashik,Nashik Zone 1,UPI Fraud,20.084001,73.828822,MEDIUM,SIMULATED_FOR_SIH_PROTOTYPE
FRD-00366,2026-01-04,18:48,Delhi,Delhi,Delhi Zone 1,Card Skimming,28.553159,77.246612,LOW,SIMULATED_FOR_SIH_PROTOTYPE
FRD-00367,2026-06-18,12:45,Maharashtra,Mumbai,Mumbai Zone 2,Identity Theft,19.085099,72.865407,HIGH,SIMULATED_FOR_SIH_PROTOTYPE
FRD-00368,2026-04-23,07:01,Maharashtra,Nashik,Nashik Zone 5,Phishing,20.066874,73.800897,HIGH,SIMULATED_FOR_SIH_PROTOTYPE
FRD-00369,2026-05-14,15:16,Telangana,Hyderabad,Hyderabad Zone 5,Identity Theft,17.30985,78.491824,MEDIUM,SIMULATED_FOR_SIH_PROTOTYPE
FRD-00370,2026-09-19,12:08,Delhi,Delhi,Delhi Zone 4,Card Skimming,28.70043,77.138903,MEDIUM,SIMULATED_FOR_SIH_PROTOTYPE
FRD-00371,2026-01-28,20:30,Maharashtra,Mumbai,Mumbai Zone 2,ATM Fraud,19.077637,72.879635,LOW,SIMULATED_FOR_SIH_PROTOTYPE
FRD-00372,2026-05-09,04:03,Maharashtra,Nashik,Nashik Zone 4,Identity Theft,20.012209,73.799301,LOW,SIMULATED_FOR_SIH_PROTOTYPE
FRD-00373,2026-05-27,10:00,Maharashtra,Nagpur,Nagpur Zone 5,Phishing,21.214344,79.016176,MEDIUM,SIMULATED_FOR_SIH_PROTOTYPE
FRD-00374,2026-05-15,17:51,Maharashtra,Nashik,Nashik Zone 1,UPI Fraud,19.956579,73.786326,MEDIUM,SIMULATED_FOR_SIH_PROTOTYPE
FRD-00375,2026-03-29,12:54,Delhi,Delhi,Delhi Zone 5,Card Skimming,28.598074,77.140464,MEDIUM,SIMULATED_FOR_SIH_PROTOTYPE
FRD-00376,2026-02-19,13:12,Tamil Nadu,Chennai,Chennai Zone 4,Phishing,13.057384,80.319357,MEDIUM,SIMULATED_FOR_SIH_PROTOTYPE
FRD-00377,2026-05-16,08:24,Karnataka,Bangalore,Bangalore Zone 2,Card Skimming,12.978997,77.606285,HIGH,SIMULATED_FOR_SIH_PROTOTYPE
FRD-00378,2026-07-11,01:34,West Bengal,Kolkata,Kolkata Zone 2,Card Skimming,22.500562,88.273285,LOW,SIMULATED_FOR_SIH_PROTOTYPE
FRD-00379,2026-05-31,11:33,Tamil Nadu,Chennai,Chennai Zone 1,Identity Theft,13.030883,80.264037,HIGH,SIMULATED_FOR_SIH_PROTOTYPE
FRD-00380,2026-03-05,05:36,Maharashtra,Mumbai,Mumbai Zone 1,Phishing,19.049728,72.847753,MEDIUM,SIMULATED_FOR_SIH_PROTOTYPE
FRD-00381,2026-05-21,03:06,Maharashtra,Pune,Pune Zone 3,Identity Theft,18.489326,73.888418,LOW,SIMULATED_FOR_SIH_PROTOTYPE
FRD-00382,2026-05-23,01:55,West Bengal,Kolkata,Kolkata Zone 4,Card Skimming,22.50537,88.372102,LOW,SIMULATED_FOR_SIH_PROTOTYPE
FRD-00383,2026-03-31,06:49,Telangana,Hyderabad,Hyderabad Zone 1,Card Skimming,17.316908,78.513269,MEDIUM,SIMULATED_FOR_SIH_PROTOTYPE
FRD-00384,2026-03-16,23:20,Karnataka,Bangalore,Bangalore Zone 2,Card Skimming,12.960378,77.543632,LOW,SIMULATED_FOR_SIH_PROTOTYPE
FRD-00385,2026-03-19,18:35,Maharashtra,Nagpur,Nagpur Zone 5,Card Skimming,21.177911,79.08955,MEDIUM,SIMULATED_FOR_SIH_PROTOTYPE
FRD-00386,2026-09-05,00:46,Telangana,Hyderabad,Hyderabad Zone 1,Phishing,17.323285,78.528276,MEDIUM,SIMULATED_FOR_SIH_PROTOTYPE
FRD-00387,2026-02-02,18:42,Maharashtra,Pune,Pune Zone 5,Phishing,18.565124,73.899006,HIGH,SIMULATED_FOR_SIH_PROTOTYPE
FRD-00388,2026-03-24,10:46,Maharashtra,Nagpur,Nagpur Zone 1,ATM Fraud,21.142448,79.025754,HIGH,SIMULATED_FOR_SIH_PROTOTYPE
FRD-00389,2026-07-17,19:48,Maharashtra,Nashik,Nashik Zone 4,UPI Fraud,19.92184,73.77769,MEDIUM,SIMULATED_FOR_SIH_PROTOTYPE
FRD-00390,2026-08-17,20:02,Karnataka,Bangalore,Bangalore Zone 4,UPI Fraud,13.009189,77.623057,MEDIUM,SIMULATED_FOR_SIH_PROTOTYPE
FRD-00391,2026-01-13,21:11,Delhi,Delhi,Delhi Zone 2,Identity Theft,28.556737,77.250274,MEDIUM,SIMULATED_FOR_SIH_PROTOTYPE
FRD-00392,2026-08-27,01:25,Maharashtra,Pune,Pune Zone 3,Card Skimming,18.569089,73.852496,MEDIUM,SIMULATED_FOR_SIH_PROTOTYPE
FRD-00393,2026-06-12,13:33,Maharashtra,Mumbai,Mumbai Zone 3,UPI Fraud,19.023546,72.846831,HIGH,SIMULATED_FOR_SIH_PROTOTYPE
FRD-00394,2026-08-08,11:58,Tamil Nadu,Chennai,Chennai Zone 3,Identity Theft,13.112736,80.321963,LOW,SIMULATED_FOR_SIH_PROTOTYPE
FRD-00395,2026-03-02,19:18,Telangana,Hyderabad,Hyderabad Zone 3,Card Skimming,17.407928,78.538266,MEDIUM,SIMULATED_FOR_SIH_PROTOTYPE
FRD-00396,2026-03-12,09:43,Telangana,Hyderabad,Hyderabad Zone 2,ATM Fraud,17.312622,78.483524,LOW,SIMULATED_FOR_SIH_PROTOTYPE
FRD-00397,2026-05-16,12:17,Karnataka,Bangalore,Bangalore Zone 2,ATM Fraud,12.93395,77.571136,HIGH,SIMULATED_FOR_SIH_PROTOTYPE
FRD-00398,2026-06-27,06:11,Maharashtra,Pune,Pune Zone 2,Card Skimming,18.561479,73.84573,MEDIUM,SIMULATED_FOR_SIH_PROTOTYPE
FRD-00399,2026-05-06,03:42,Karnataka,Bangalore,Bangalore Zone 1,Phishing,13.013082,77.675659,MEDIUM,SIMULATED_FOR_SIH_PROTOTYPE
FRD-00400,2026-09-24,18:55,Karnataka,Bangalore,Bangalore Zone 5,ATM Fraud,13.005174,77.592994,HIGH,SIMULATED_FOR_SIH_PROTOTYPE
FRD-00401,2026-04-02,07:19,Gujarat,Ahmedabad,Ahmedabad Zone 2,Phishing,23.066998,72.508825,HIGH,SIMULATED_FOR_SIH_PROTOTYPE
FRD-00402,2026-05-01,20:15,Maharashtra,Nashik,Nashik Zone 3,Phishing,19.964643,73.871104,MEDIUM,SIMULATED_FOR_SIH_PROTOTYPE
FRD-00403,2026-01-28,08:35,Delhi,Delhi,Delhi Zone 4,UPI Fraud,28.626539,77.13981,HIGH,SIMULATED_FOR_SIH_PROTOTYPE
FRD-00404,2026-01-26,11:08,Maharashtra,Nagpur,Nagpur Zone 5,Card Skimming,21.107838,79.057948,MEDIUM,SIMULATED_FOR_SIH_PROTOTYPE
FRD-00405,2026-08-12,01:28,Karnataka,Bangalore,Bangalore Zone 2,UPI Fraud,13.048416,77.559166,MEDIUM,SIMULATED_FOR_SIH_PROTOTYPE
FRD-00406,2026-03-09,07:37,Maharashtra,Nashik,Nashik Zone 2,Card Skimming,19.978191,73.801774,HIGH,SIMULATED_FOR_SIH_PROTOTYPE
FRD-00407,2026-01-05,09:17,Maharashtra,Nashik,Nashik Zone 3,Card Skimming,19.929254,73.804143,HIGH,SIMULATED_FOR_SIH_PROTOTYPE
FRD-00408,2026-09-15,08:03,Maharashtra,Nagpur,Nagpur Zone 4,UPI Fraud,21.174419,79.123987,MEDIUM,SIMULATED_FOR_SIH_PROTOTYPE
FRD-00409,2026-01-06,02:26,Karnataka,Bangalore,Bangalore Zone 3,ATM Fraud,12.899449,77.669771,HIGH,SIMULATED_FOR_SIH_PROTOTYPE
FRD-00410,2026-02-03,20:52,Gujarat,Ahmedabad,Ahmedabad Zone 3,Phishing,23.060889,72.54209,HIGH,SIMULATED_FOR_SIH_PROTOTYPE
FRD-00411,2026-05-21,20:02,Maharashtra,Mumbai,Mumbai Zone 1,ATM Fraud,19.0586,72.932413,MEDIUM,SIMULATED_FOR_SIH_PROTOTYPE
FRD-00412,2026-05-29,11:25,Karnataka,Bangalore,Bangalore Zone 1,ATM Fraud,12.940293,77.607515,LOW,SIMULATED_FOR_SIH_PROTOTYPE
FRD-00413,2026-07-04,02:29,Tamil Nadu,Chennai,Chennai Zone 5,Phishing,13.122242,80.199858,HIGH,SIMULATED_FOR_SIH_PROTOTYPE
FRD-00414,2026-07-24,03:42,Maharashtra,Nagpur,Nagpur Zone 3,Phishing,21.182097,79.042497,LOW,SIMULATED_FOR_SIH_PROTOTYPE
FRD-00415,2026-01-20,17:37,Karnataka,Bangalore,Bangalore Zone 1,Identity Theft,13.063024,77.567654,HIGH,SIMULATED_FOR_SIH_PROTOTYPE
FRD-00416,2026-01-02,05:28,Telangana,Hyderabad,Hyderabad Zone 2,UPI Fraud,17.339235,78.503734,MEDIUM,SIMULATED_FOR_SIH_PROTOTYPE
FRD-00417,2026-05-30,10:17,Maharashtra,Mumbai,Mumbai Zone 3,Phishing,18.972269,72.837552,MEDIUM,SIMULATED_FOR_SIH_PROTOTYPE
FRD-00418,2026-08-28,00:10,Maharashtra,Nagpur,Nagpur Zone 4,Card Skimming,21.109662,79.02049,HIGH,SIMULATED_FOR_SIH_PROTOTYPE
FRD-00419,2026-08-09,11:36,Karnataka,Bangalore,Bangalore Zone 5,Identity Theft,12.942355,77.530937,LOW,SIMULATED_FOR_SIH_PROTOTYPE
FRD-00420,2026-01-09,07:15,Delhi,Delhi,Delhi Zone 2,Identity Theft,28.603411,77.158346,MEDIUM,SIMULATED_FOR_SIH_PROTOTYPE
FRD-00421,2026-04-23,11:49,Karnataka,Bangalore,Bangalore Zone 3,ATM Fraud,13.062701,77.614848,MEDIUM,SIMULATED_FOR_SIH_PROTOTYPE
FRD-00422,2026-04-11,02:41,Gujarat,Ahmedabad,Ahmedabad Zone 2,Identity Theft,23.098252,72.576362,LOW,SIMULATED_FOR_SIH_PROTOTYPE
FRD-00423,2026-03-28,04:41,Tamil Nadu,Chennai,Chennai Zone 1,UPI Fraud,13.124503,80.255361,LOW,SIMULATED_FOR_SIH_PROTOTYPE
FRD-00424,2026-07-14,23:51,West Bengal,Kolkata,Kolkata Zone 4,Identity Theft,22.604342,88.429726,LOW,SIMULATED_FOR_SIH_PROTOTYPE
FRD-00425,2026-05-26,20:44,Delhi,Delhi,Delhi Zone 2,UPI Fraud,28.653863,77.264872,MEDIUM,SIMULATED_FOR_SIH_PROTOTYPE
FRD-00426,2026-05-27,00:30,Gujarat,Ahmedabad,Ahmedabad Zone 5,Identity Theft,22.947717,72.514998,LOW,SIMULATED_FOR_SIH_PROTOTYPE
FRD-00427,2026-03-19,11:05,Maharashtra,Nagpur,Nagpur Zone 5,ATM Fraud,21.076535,79.081622,MEDIUM,SIMULATED_FOR_SIH_PROTOTYPE
FRD-00428,2026-06-27,01:21,Gujarat,Ahmedabad,Ahmedabad Zone 2,UPI Fraud,22.971802,72.556369,MEDIUM,SIMULATED_FOR_SIH_PROTOTYPE
FRD-00429,2026-07-24,06:51,Karnataka,Bangalore,Bangalore Zone 2,ATM Fraud,12.999064,77.683377,LOW,SIMULATED_FOR_SIH_PROTOTYPE
FRD-00430,2026-02-10,10:41,Maharashtra,Nagpur,Nagpur Zone 5,Identity Theft,21.059499,79.020697,LOW,SIMULATED_FOR_SIH_PROTOTYPE
FRD-00431,2026-01-31,01:17,Maharashtra,Nagpur,Nagpur Zone 4,ATM Fraud,21.229346,79.098851,LOW,SIMULATED_FOR_SIH_PROTOTYPE
FRD-00432,2026-09-21,20:35,Maharashtra,Pune,Pune Zone 2,Phishing,18.549332,73.931941,MEDIUM,SIMULATED_FOR_SIH_PROTOTYPE
FRD-00433,2026-02-22,23:58,Telangana,Hyderabad,Hyderabad Zone 2,Card Skimming,17.371773,78.42864,MEDIUM,SIMULATED_FOR_SIH_PROTOTYPE
FRD-00434,2026-02-20,05:47,Tamil Nadu,Chennai,Chennai Zone 4,Phishing,13.077269,80.334076,LOW,SIMULATED_FOR_SIH_PROTOTYPE
FRD-00435,2026-05-21,13:44,Telangana,Hyderabad,Hyderabad Zone 2,Identity Theft,17.463039,78.508554,HIGH,SIMULATED_FOR_SIH_PROTOTYPE
FRD-00436,2026-03-30,11:25,Maharashtra,Nashik,Nashik Zone 1,UPI Fraud,19.971303,73.786367,LOW,SIMULATED_FOR_SIH_PROTOTYPE
FRD-00437,2026-09-18,12:08,Karnataka,Bangalore,Bangalore Zone 1,Identity Theft,12.95794,77.610595,HIGH,SIMULATED_FOR_SIH_PROTOTYPE
FRD-00438,2026-09-06,20:05,Telangana,Hyderabad,Hyderabad Zone 1,Identity Theft,17.338302,78.567859,MEDIUM,SIMULATED_FOR_SIH_PROTOTYPE
FRD-00439,2026-08-14,15:15,Telangana,Hyderabad,Hyderabad Zone 4,ATM Fraud,17.407482,78.413004,MEDIUM,SIMULATED_FOR_SIH_PROTOTYPE
FRD-00440,2026-08-10,22:41,Maharashtra,Nashik,Nashik Zone 1,Identity Theft,19.954993,73.728931,MEDIUM,SIMULATED_FOR_SIH_PROTOTYPE
FRD-00441,2026-06-29,18:22,West Bengal,Kolkata,Kolkata Zone 5,UPI Fraud,22.615809,88.415583,MEDIUM,SIMULATED_FOR_SIH_PROTOTYPE
FRD-00442,2026-02-12,20:34,Delhi,Delhi,Delhi Zone 1,ATM Fraud,28.59281,77.15418,MEDIUM,SIMULATED_FOR_SIH_PROTOTYPE
FRD-00443,2026-04-03,15:37,West Bengal,Kolkata,Kolkata Zone 4,ATM Fraud,22.606195,88.401159,LOW,SIMULATED_FOR_SIH_PROTOTYPE
FRD-00444,2026-06-21,02:16,Maharashtra,Nashik,Nashik Zone 5,UPI Fraud,19.914411,73.84431,LOW,SIMULATED_FOR_SIH_PROTOTYPE
FRD-00445,2026-04-17,14:10,Maharashtra,Nagpur,Nagpur Zone 2,ATM Fraud,21.162473,79.124255,MEDIUM,SIMULATED_FOR_SIH_PROTOTYPE
FRD-00446,2026-07-15,07:20,West Bengal,Kolkata,Kolkata Zone 4,UPI Fraud,22.579772,88.404007,MEDIUM,SIMULATED_FOR_SIH_PROTOTYPE
FRD-00447,2026-03-12,08:19,Tamil Nadu,Chennai,Chennai Zone 1,Phishing,13.156093,80.373436,HIGH,SIMULATED_FOR_SIH_PROTOTYPE
FRD-00448,2026-02-08,09:30,Karnataka,Bangalore,Bangalore Zone 5,Card Skimming,12.877116,77.629646,HIGH,SIMULATED_FOR_SIH_PROTOTYPE
FRD-00449,2026-08-17,09:50,Maharashtra,Nashik,Nashik Zone 4,Identity Theft,20.033369,73.776472,LOW,SIMULATED_FOR_SIH_PROTOTYPE
FRD-00450,2026-08-03,23:55,Maharashtra,Nashik,Nashik Zone 5,Identity Theft,20.031472,73.857203,LOW,SIMULATED_FOR_SIH_PROTOTYPE
FRD-00451,2026-07-19,19:40,Maharashtra,Pune,Pune Zone 3,ATM Fraud,18.455843,73.941099,HIGH,SIMULATED_FOR_SIH_PROTOTYPE
FRD-00452,2026-01-10,17:16,Telangana,Hyderabad,Hyderabad Zone 5,ATM Fraud,17.439951,78.39751,MEDIUM,SIMULATED_FOR_SIH_PROTOTYPE
FRD-00453,2026-07-28,15:52,Maharashtra,Nagpur,Nagpur Zone 3,Phishing,21.085261,79.106847,LOW,SIMULATED_FOR_SIH_PROTOTYPE
FRD-00454,2026-04-23,07:50,Maharashtra,Nagpur,Nagpur Zone 2,ATM Fraud,21.123667,79.017885,LOW,SIMULATED_FOR_SIH_PROTOTYPE
FRD-00455,2026-04-04,03:23,Maharashtra,Pune,Pune Zone 3,Identity Theft,18.557525,73.928176,LOW,SIMULATED_FOR_SIH_PROTOTYPE
FRD-00456,2026-04-09,23:54,Maharashtra,Pune,Pune Zone 1,Identity Theft,18.583588,73.831838,MEDIUM,SIMULATED_FOR_SIH_PROTOTYPE
FRD-00457,2026-06-14,15:30,Karnataka,Bangalore,Bangalore Zone 4,UPI Fraud,12.935055,77.624245,HIGH,SIMULATED_FOR_SIH_PROTOTYPE
FRD-00458,2026-01-05,03:22,Tamil Nadu,Chennai,Chennai Zone 2,ATM Fraud,13.103492,80.2556,MEDIUM,SIMULATED_FOR_SIH_PROTOTYPE
FRD-00459,2026-05-19,08:49,Gujarat,Ahmedabad,Ahmedabad Zone 2,ATM Fraud,23.015955,72.558432,LOW,SIMULATED_FOR_SIH_PROTOTYPE
FRD-00460,2026-05-21,14:19,Tamil Nadu,Chennai,Chennai Zone 5,Card Skimming,13.05951,80.369366,MEDIUM,SIMULATED_FOR_SIH_PROTOTYPE
FRD-00461,2026-07-22,22:19,Telangana,Hyderabad,Hyderabad Zone 2,UPI Fraud,17.442512,78.542828,MEDIUM,SIMULATED_FOR_SIH_PROTOTYPE
FRD-00462,2026-07-04,20:01,Maharashtra,Nashik,Nashik Zone 5,Phishing,19.95107,73.756282,MEDIUM,SIMULATED_FOR_SIH_PROTOTYPE
FRD-00463,2026-06-30,14:19,West Bengal,Kolkata,Kolkata Zone 2,UPI Fraud,22.605287,88.383568,HIGH,SIMULATED_FOR_SIH_PROTOTYPE
FRD-00464,2026-01-12,09:00,Maharashtra,Pune,Pune Zone 4,UPI Fraud,18.468506,73.874343,MEDIUM,SIMULATED_FOR_SIH_PROTOTYPE
FRD-00465,2026-02-12,14:15,Telangana,Hyderabad,Hyderabad Zone 4,Identity Theft,17.403484,78.502392,LOW,SIMULATED_FOR_SIH_PROTOTYPE
FRD-00466,2026-08-18,17:11,Karnataka,Bangalore,Bangalore Zone 2,ATM Fraud,12.97213,77.677445,LOW,SIMULATED_FOR_SIH_PROTOTYPE
FRD-00467,2026-02-23,10:05,Maharashtra,Nashik,Nashik Zone 3,Identity Theft,19.948243,73.718339,LOW,SIMULATED_FOR_SIH_PROTOTYPE
FRD-00468,2026-07-24,19:17,Maharashtra,Mumbai,Mumbai Zone 4,Identity Theft,18.989244,72.818778,HIGH,SIMULATED_FOR_SIH_PROTOTYPE
FRD-00469,2026-06-01,22:26,Telangana,Hyderabad,Hyderabad Zone 3,Identity Theft,17.370371,78.424408,LOW,SIMULATED_FOR_SIH_PROTOTYPE
FRD-00470,2026-06-28,02:08,Maharashtra,Mumbai,Mumbai Zone 3,Phishing,19.052074,72.898482,MEDIUM,SIMULATED_FOR_SIH_PROTOTYPE
FRD-00471,2026-03-22,21:55,Maharashtra,Nashik,Nashik Zone 5,UPI Fraud,19.985556,73.816515,MEDIUM,SIMULATED_FOR_SIH_PROTOTYPE
FRD-00472,2026-05-12,07:11,West Bengal,Kolkata,Kolkata Zone 2,Identity Theft,22.589915,88.358103,HIGH,SIMULATED_FOR_SIH_PROTOTYPE
FRD-00473,2026-08-31,23:21,Maharashtra,Nashik,Nashik Zone 2,UPI Fraud,19.942995,73.746313,MEDIUM,SIMULATED_FOR_SIH_PROTOTYPE
FRD-00474,2026-09-06,08:20,Telangana,Hyderabad,Hyderabad Zone 1,Card Skimming,17.335627,78.427526,MEDIUM,SIMULATED_FOR_SIH_PROTOTYPE
FRD-00475,2026-08-11,21:32,Telangana,Hyderabad,Hyderabad Zone 4,Phishing,17.404189,78.424165,LOW,SIMULATED_FOR_SIH_PROTOTYPE
FRD-00476,2026-05-20,05:49,Telangana,Hyderabad,Hyderabad Zone 2,ATM Fraud,17.3467,78.462518,MEDIUM,SIMULATED_FOR_SIH_PROTOTYPE
FRD-00477,2026-03-18,20:15,Telangana,Hyderabad,Hyderabad Zone 2,Identity Theft,17.399852,78.507413,MEDIUM,SIMULATED_FOR_SIH_PROTOTYPE
FRD-00478,2026-08-24,04:50,Telangana,Hyderabad,Hyderabad Zone 1,Identity Theft,17.449505,78.488014,HIGH,SIMULATED_FOR_SIH_PROTOTYPE
FRD-00479,2026-01-18,10:54,Maharashtra,Pune,Pune Zone 5,Card Skimming,18.512551,73.868642,LOW,SIMULATED_FOR_SIH_PROTOTYPE
FRD-00480,2026-04-16,07:50,Maharashtra,Mumbai,Mumbai Zone 4,Card Skimming,19.026279,72.875246,MEDIUM,SIMULATED_FOR_SIH_PROTOTYPE
FRD-00481,2026-05-31,19:23,Maharashtra,Nashik,Nashik Zone 5,Phishing,20.040745,73.693187,MEDIUM,SIMULATED_FOR_SIH_PROTOTYPE
FRD-00482,2026-01-19,13:26,Karnataka,Bangalore,Bangalore Zone 2,Card Skimming,12.905228,77.542263,MEDIUM,SIMULATED_FOR_SIH_PROTOTYPE
FRD-00483,2026-02-02,11:47,Telangana,Hyderabad,Hyderabad Zone 5,Phishing,17.438642,78.470469,HIGH,SIMULATED_FOR_SIH_PROTOTYPE
FRD-00484,2026-07-19,06:09,Karnataka,Bangalore,Bangalore Zone 1,UPI Fraud,12.95104,77.613864,LOW,SIMULATED_FOR_SIH_PROTOTYPE
FRD-00485,2026-07-18,16:10,Karnataka,Bangalore,Bangalore Zone 2,UPI Fraud,13.00567,77.564397,HIGH,SIMULATED_FOR_SIH_PROTOTYPE
FRD-00486,2026-05-17,05:59,Maharashtra,Nashik,Nashik Zone 3,Identity Theft,19.94817,73.863244,LOW,SIMULATED_FOR_SIH_PROTOTYPE
FRD-00487,2026-09-09,09:56,Gujarat,Ahmedabad,Ahmedabad Zone 5,Identity Theft,23.023793,72.645866,HIGH,SIMULATED_FOR_SIH_PROTOTYPE
FRD-00488,2026-07-03,13:42,West Bengal,Kolkata,Kolkata Zone 1,UPI Fraud,22.615847,88.416983,LOW,SIMULATED_FOR_SIH_PROTOTYPE
FRD-00489,2026-05-30,15:48,West Bengal,Kolkata,Kolkata Zone 5,ATM Fraud,22.47488,88.449133,LOW,SIMULATED_FOR_SIH_PROTOTYPE
FRD-00490,2026-03-08,07:30,Maharashtra,Nashik,Nashik Zone 3,Identity Theft,19.994685,73.764276,MEDIUM,SIMULATED_FOR_SIH_PROTOTYPE
FRD-00491,2026-09-04,19:15,Maharashtra,Nagpur,Nagpur Zone 2,Phishing,21.109207,79.138957,HIGH,SIMULATED_FOR_SIH_PROTOTYPE
FRD-00492,2026-04-20,07:08,Maharashtra,Nagpur,Nagpur Zone 1,Card Skimming,21.100923,79.030677,MEDIUM,SIMULATED_FOR_SIH_PROTOTYPE
FRD-00493,2026-02-22,13:02,West Bengal,Kolkata,Kolkata Zone 2,UPI Fraud,22.51831,88.397964,MEDIUM,SIMULATED_FOR_SIH_PROTOTYPE
FRD-00494,2026-03-14,06:42,Maharashtra,Nashik,Nashik Zone 1,UPI Fraud,19.965393,73.866227,LOW,SIMULATED_FOR_SIH_PROTOTYPE
FRD-00495,2026-02-26,18:51,Karnataka,Bangalore,Bangalore Zone 2,UPI Fraud,12.917093,77.619334,MEDIUM,SIMULATED_FOR_SIH_PROTOTYPE
FRD-00496,2026-07-28,23:01,Maharashtra,Pune,Pune Zone 5,Card Skimming,18.512695,73.769574,LOW,SIMULATED_FOR_SIH_PROTOTYPE
FRD-00497,2026-06-01,21:24,Gujarat,Ahmedabad,Ahmedabad Zone 4,Identity Theft,23.093273,72.622525,MEDIUM,SIMULATED_FOR_SIH_PROTOTYPE
FRD-00498,2026-08-21,10:39,Maharashtra,Nagpur,Nagpur Zone 4,Identity Theft,21.125978,79.075838,LOW,SIMULATED_FOR_SIH_PROTOTYPE
FRD-00499,2026-06-07,22:30,Telangana,Hyderabad,Hyderabad Zone 3,ATM Fraud,17.371217,78.463862,LOW,SIMULATED_FOR_SIH_PROTOTYPE
FRD-00500,2026-06-30,07:47,West Bengal,Kolkata,Kolkata Zone 2,Identity Theft,22.547269,88.339911,MEDIUM,SIMULATED_FOR_SIH_PROTOTYPE
